
 /----------------------------------------------------------------------------\
 |  yosys -- Yosys Open SYnthesis Suite                                       |
 |  Copyright (C) 2012 - 2026  Claire Xenia Wolf <claire@yosyshq.com>         |
 |  Distributed under an ISC-like license, type "license" to see terms        |
 \----------------------------------------------------------------------------/
 Yosys 0.69+post (git sha1 143eb14f9cc55d6f8927e68523b0c9d2166ed02c, Release, AppleClang clang++ 21.0.0.21000334)

-- Executing script file `synthesis/synthesis.ys' --

1. Executing Verilog-2005 frontend: code/branch_control.sv
Parsing SystemVerilog input from `code/branch_control.sv' to AST representation.
Generating RTLIL representation for module `\branch_control'.
Successfully finished Verilog frontend.

2. Executing Verilog-2005 frontend: code/decode.sv
Parsing SystemVerilog input from `code/decode.sv' to AST representation.
Generating RTLIL representation for module `\decode'.
Successfully finished Verilog frontend.

3. Executing Verilog-2005 frontend: code/execute.sv
Parsing SystemVerilog input from `code/execute.sv' to AST representation.
Generating RTLIL representation for module `\alu'.
Successfully finished Verilog frontend.

4. Executing Verilog-2005 frontend: code/fetch.sv
Parsing SystemVerilog input from `code/fetch.sv' to AST representation.
Generating RTLIL representation for module `\fetch'.
Successfully finished Verilog frontend.

5. Executing Verilog-2005 frontend: code/igen.sv
Parsing SystemVerilog input from `code/igen.sv' to AST representation.
Generating RTLIL representation for module `\igen'.
Successfully finished Verilog frontend.

6. Executing Verilog-2005 frontend: code/main_memory.sv
Parsing SystemVerilog input from `code/main_memory.sv' to AST representation.
Generating RTLIL representation for module `\main_memory'.
Successfully finished Verilog frontend.

7. Executing Verilog-2005 frontend: code/memory.sv
Parsing SystemVerilog input from `code/memory.sv' to AST representation.
Generating RTLIL representation for module `\memory'.
Successfully finished Verilog frontend.

8. Executing Verilog-2005 frontend: code/memory_controller.sv
Parsing SystemVerilog input from `code/memory_controller.sv' to AST representation.
Generating RTLIL representation for module `\memory_controller'.
Successfully finished Verilog frontend.

9. Executing Verilog-2005 frontend: code/control.sv
Parsing SystemVerilog input from `code/control.sv' to AST representation.
Generating RTLIL representation for module `\control'.
Successfully finished Verilog frontend.

10. Executing Verilog-2005 frontend: code/register_file.sv
Parsing SystemVerilog input from `code/register_file.sv' to AST representation.
Generating RTLIL representation for module `\register_file'.
Successfully finished Verilog frontend.

11. Executing Verilog-2005 frontend: code/stall_flush_logic.sv
Parsing SystemVerilog input from `code/stall_flush_logic.sv' to AST representation.
Generating RTLIL representation for module `\stall_flush_logic'.
Successfully finished Verilog frontend.

12. Executing Verilog-2005 frontend: code/writeback.sv
Parsing SystemVerilog input from `code/writeback.sv' to AST representation.
Generating RTLIL representation for module `\writeback'.
Successfully finished Verilog frontend.

13. Executing Verilog-2005 frontend: code/forwarding_unit.sv
Parsing SystemVerilog input from `code/forwarding_unit.sv' to AST representation.
Generating RTLIL representation for module `\forwarding_unit'.
Successfully finished Verilog frontend.

14. Executing Verilog-2005 frontend: code/hazard_detection_unit.sv
Parsing SystemVerilog input from `code/hazard_detection_unit.sv' to AST representation.
Generating RTLIL representation for module `\hazard_detection_unit'.
Successfully finished Verilog frontend.

15. Executing Verilog-2005 frontend: code/control_pipeline.sv
Parsing SystemVerilog input from `code/control_pipeline.sv' to AST representation.
Generating RTLIL representation for module `\control_pipeline'.
Successfully finished Verilog frontend.

16. Executing Verilog-2005 frontend: code/rv_core.sv
Parsing SystemVerilog input from `code/rv_core.sv' to AST representation.
Generating RTLIL representation for module `\rv_core'.
Successfully finished Verilog frontend.
echo on

yosys> hierarchy -check -top rv_core

17. Executing HIERARCHY pass (managing design hierarchy).

17.1. Analyzing design hierarchy..
Top module:  \rv_core
Used module:     \register_file
Used module:     \writeback
Used module:     \memory
Used module:         \main_memory
Used module:         \memory_controller
Used module:     \alu
Used module:         \branch_control
Used module:     \forwarding_unit
Used module:     \hazard_detection_unit
Used module:     \control_pipeline
Used module:     \control
Used module:     \igen
Used module:     \decode
Used module:     \fetch
Used module:     \stall_flush_logic
Parameter \DWIDTH = 32

17.2. Executing AST frontend in derive mode using pre-parsed AST for module `\branch_control'.
Parameter \DWIDTH = 32
Generating RTLIL representation for module `$paramod\branch_control\DWIDTH=s32'00000000000000000000000000100000'.
Parameter \AWIDTH = 32
Parameter \DWIDTH = 32
Parameter \BASE_ADDR = 16777216

17.3. Executing AST frontend in derive mode using pre-parsed AST for module `\main_memory'.
Parameter \AWIDTH = 32
Parameter \DWIDTH = 32
Parameter \BASE_ADDR = 16777216
Generating RTLIL representation for module `$paramod$72aa32f6215a5e7f33ea8e69cece12e4d4e95dbe\main_memory'.
Parameter \AWIDTH = 32
Parameter \DWIDTH = 32
Parameter \OWIDTH = 2
Parameter \BASE_ADDR = 16777216

17.4. Executing AST frontend in derive mode using pre-parsed AST for module `\memory_controller'.
Parameter \AWIDTH = 32
Parameter \DWIDTH = 32
Parameter \OWIDTH = 2
Parameter \BASE_ADDR = 16777216
Generating RTLIL representation for module `$paramod$601c9edda80f283a73a87bf3095d4d13f490358d\memory_controller'.
Parameter \DWIDTH = 32

17.5. Executing AST frontend in derive mode using pre-parsed AST for module `\register_file'.
Parameter \DWIDTH = 32
Generating RTLIL representation for module `$paramod\register_file\DWIDTH=s32'00000000000000000000000000100000'.
Parameter \DWIDTH = 32
Parameter \AWIDTH = 32

17.6. Executing AST frontend in derive mode using pre-parsed AST for module `\writeback'.
Parameter \DWIDTH = 32
Parameter \AWIDTH = 32
Generating RTLIL representation for module `$paramod$92ddabe66900a618ce68df6d5562d493b291abf4\writeback'.
Parameter \AWIDTH = 32
Parameter \DWIDTH = 32
Parameter \OWIDTH = 2
Parameter \BASE_ADDR = 16777216

17.7. Executing AST frontend in derive mode using pre-parsed AST for module `\memory'.
Parameter \AWIDTH = 32
Parameter \DWIDTH = 32
Parameter \OWIDTH = 2
Parameter \BASE_ADDR = 16777216
Generating RTLIL representation for module `$paramod$601c9edda80f283a73a87bf3095d4d13f490358d\memory'.
Parameter \DWIDTH = 32
Parameter \AWIDTH = 32

17.8. Executing AST frontend in derive mode using pre-parsed AST for module `\alu'.
Parameter \DWIDTH = 32
Parameter \AWIDTH = 32
Generating RTLIL representation for module `$paramod$92ddabe66900a618ce68df6d5562d493b291abf4\alu'.
Parameter \DWIDTH = 32
Parameter \AWIDTH = 32
Found cached RTLIL representation for module `$paramod$92ddabe66900a618ce68df6d5562d493b291abf4\writeback'.
Parameter \DWIDTH = 32

17.9. Executing AST frontend in derive mode using pre-parsed AST for module `\control'.
Parameter \DWIDTH = 32
Generating RTLIL representation for module `$paramod\control\DWIDTH=s32'00000000000000000000000000100000'.
Parameter \DWIDTH = 32

17.10. Executing AST frontend in derive mode using pre-parsed AST for module `\igen'.
Parameter \DWIDTH = 32
Generating RTLIL representation for module `$paramod\igen\DWIDTH=s32'00000000000000000000000000100000'.
Parameter \DWIDTH = 32
Parameter \AWIDTH = 32

17.11. Executing AST frontend in derive mode using pre-parsed AST for module `\decode'.
Parameter \DWIDTH = 32
Parameter \AWIDTH = 32
Generating RTLIL representation for module `$paramod$92ddabe66900a618ce68df6d5562d493b291abf4\decode'.
Parameter \DWIDTH = 32
Parameter \AWIDTH = 32
Parameter \BASEADDR = 16777216

17.12. Executing AST frontend in derive mode using pre-parsed AST for module `\fetch'.
Parameter \DWIDTH = 32
Parameter \AWIDTH = 32
Parameter \BASEADDR = 16777216
Generating RTLIL representation for module `$paramod$c62f8a9f84677eaf1c2389a0b378e75c721b2371\fetch'.
Reprocessing module rv_core because instantiated module $paramod$92ddabe66900a618ce68df6d5562d493b291abf4\writeback has become available.
Generating RTLIL representation for module `\rv_core'.

17.13. Analyzing design hierarchy..
Top module:  \rv_core
Used module:     \register_file
Used module:     \writeback
Used module:     \memory
Used module:         $paramod$72aa32f6215a5e7f33ea8e69cece12e4d4e95dbe\main_memory
Used module:         $paramod$601c9edda80f283a73a87bf3095d4d13f490358d\memory_controller
Used module:     \alu
Used module:         $paramod\branch_control\DWIDTH=s32'00000000000000000000000000100000
Used module:     \forwarding_unit
Used module:     \hazard_detection_unit
Used module:     \control_pipeline
Used module:     \control
Used module:     \igen
Used module:     \decode
Used module:     \fetch
Used module:     \stall_flush_logic
Parameter \DWIDTH = 32
Found cached RTLIL representation for module `$paramod\register_file\DWIDTH=s32'00000000000000000000000000100000'.
Parameter \DWIDTH = 32
Parameter \AWIDTH = 32
Found cached RTLIL representation for module `$paramod$92ddabe66900a618ce68df6d5562d493b291abf4\writeback'.
Parameter \AWIDTH = 32
Parameter \DWIDTH = 32
Parameter \OWIDTH = 2
Parameter \BASE_ADDR = 16777216
Found cached RTLIL representation for module `$paramod$601c9edda80f283a73a87bf3095d4d13f490358d\memory'.
Parameter \DWIDTH = 32
Parameter \AWIDTH = 32
Found cached RTLIL representation for module `$paramod$92ddabe66900a618ce68df6d5562d493b291abf4\alu'.
Parameter \DWIDTH = 32
Parameter \AWIDTH = 32
Found cached RTLIL representation for module `$paramod$92ddabe66900a618ce68df6d5562d493b291abf4\writeback'.
Parameter \DWIDTH = 32
Found cached RTLIL representation for module `$paramod\control\DWIDTH=s32'00000000000000000000000000100000'.
Parameter \DWIDTH = 32
Found cached RTLIL representation for module `$paramod\igen\DWIDTH=s32'00000000000000000000000000100000'.
Parameter \DWIDTH = 32
Parameter \AWIDTH = 32
Found cached RTLIL representation for module `$paramod$92ddabe66900a618ce68df6d5562d493b291abf4\decode'.
Parameter \DWIDTH = 32
Parameter \AWIDTH = 32
Parameter \BASEADDR = 16777216
Found cached RTLIL representation for module `$paramod$c62f8a9f84677eaf1c2389a0b378e75c721b2371\fetch'.

17.14. Analyzing design hierarchy..
Top module:  \rv_core
Used module:     $paramod\register_file\DWIDTH=s32'00000000000000000000000000100000
Used module:     $paramod$92ddabe66900a618ce68df6d5562d493b291abf4\writeback
Used module:     $paramod$601c9edda80f283a73a87bf3095d4d13f490358d\memory
Used module:         \main_memory
Used module:         \memory_controller
Used module:     $paramod$92ddabe66900a618ce68df6d5562d493b291abf4\alu
Used module:         \branch_control
Used module:     \forwarding_unit
Used module:     \hazard_detection_unit
Used module:     \control_pipeline
Used module:     $paramod\control\DWIDTH=s32'00000000000000000000000000100000
Used module:     $paramod\igen\DWIDTH=s32'00000000000000000000000000100000
Used module:     $paramod$92ddabe66900a618ce68df6d5562d493b291abf4\decode
Used module:     $paramod$c62f8a9f84677eaf1c2389a0b378e75c721b2371\fetch
Used module:     \stall_flush_logic
Parameter \AWIDTH = 32
Parameter \DWIDTH = 32
Parameter \BASE_ADDR = 16777216
Found cached RTLIL representation for module `$paramod$72aa32f6215a5e7f33ea8e69cece12e4d4e95dbe\main_memory'.
Parameter \AWIDTH = 32
Parameter \DWIDTH = 32
Parameter \OWIDTH = 2
Parameter \BASE_ADDR = 16777216
Found cached RTLIL representation for module `$paramod$601c9edda80f283a73a87bf3095d4d13f490358d\memory_controller'.
Parameter \DWIDTH = 32
Found cached RTLIL representation for module `$paramod\branch_control\DWIDTH=s32'00000000000000000000000000100000'.

17.15. Analyzing design hierarchy..
Top module:  \rv_core
Used module:     $paramod\register_file\DWIDTH=s32'00000000000000000000000000100000
Used module:     $paramod$92ddabe66900a618ce68df6d5562d493b291abf4\writeback
Used module:     $paramod$601c9edda80f283a73a87bf3095d4d13f490358d\memory
Used module:         $paramod$72aa32f6215a5e7f33ea8e69cece12e4d4e95dbe\main_memory
Used module:         $paramod$601c9edda80f283a73a87bf3095d4d13f490358d\memory_controller
Used module:     $paramod$92ddabe66900a618ce68df6d5562d493b291abf4\alu
Used module:         $paramod\branch_control\DWIDTH=s32'00000000000000000000000000100000
Used module:     \forwarding_unit
Used module:     \hazard_detection_unit
Used module:     \control_pipeline
Used module:     $paramod\control\DWIDTH=s32'00000000000000000000000000100000
Used module:     $paramod\igen\DWIDTH=s32'00000000000000000000000000100000
Used module:     $paramod$92ddabe66900a618ce68df6d5562d493b291abf4\decode
Used module:     $paramod$c62f8a9f84677eaf1c2389a0b378e75c721b2371\fetch
Used module:     \stall_flush_logic

17.16. Analyzing design hierarchy..
Top module:  \rv_core
Used module:     $paramod\register_file\DWIDTH=s32'00000000000000000000000000100000
Used module:     $paramod$92ddabe66900a618ce68df6d5562d493b291abf4\writeback
Used module:     $paramod$601c9edda80f283a73a87bf3095d4d13f490358d\memory
Used module:         $paramod$72aa32f6215a5e7f33ea8e69cece12e4d4e95dbe\main_memory
Used module:         $paramod$601c9edda80f283a73a87bf3095d4d13f490358d\memory_controller
Used module:     $paramod$92ddabe66900a618ce68df6d5562d493b291abf4\alu
Used module:         $paramod\branch_control\DWIDTH=s32'00000000000000000000000000100000
Used module:     \forwarding_unit
Used module:     \hazard_detection_unit
Used module:     \control_pipeline
Used module:     $paramod\control\DWIDTH=s32'00000000000000000000000000100000
Used module:     $paramod\igen\DWIDTH=s32'00000000000000000000000000100000
Used module:     $paramod$92ddabe66900a618ce68df6d5562d493b291abf4\decode
Used module:     $paramod$c62f8a9f84677eaf1c2389a0b378e75c721b2371\fetch
Used module:     \stall_flush_logic
Removing unused module `\writeback'.
Removing unused module `\register_file'.
Removing unused module `\control'.
Removing unused module `\memory_controller'.
Removing unused module `\memory'.
Removing unused module `\main_memory'.
Removing unused module `\igen'.
Removing unused module `\fetch'.
Removing unused module `\alu'.
Removing unused module `\decode'.
Removing unused module `\branch_control'.
Removed 11 unused modules.

yosys> select -module rv_core

yosys [rv_core]> select t:*

yosys [rv_core]*> select -clear

yosys> show -format dot -prefix rv_core_show rv_core

18. Generating Graphviz representation of design.
Writing dot description to `rv_core_show.dot'.
Dumping module rv_core to page 1.

yosys> proc

19. Executing PROC pass (convert processes to netlists).

yosys> proc_clean

19.1. Executing PROC_CLEAN pass (remove empty switches from decision trees).
Cleaned up 0 empty switches.

yosys> proc_rmdead

19.2. Executing PROC_RMDEAD pass (remove dead branches from decision trees).
Marked 2 switch rules as full_case in process $proc$code/fetch.sv:28$574 in module $paramod$c62f8a9f84677eaf1c2389a0b378e75c721b2371\fetch.
Marked 4 switch rules as full_case in process $proc$code/control_pipeline.sv:61$290 in module control_pipeline.
Marked 2 switch rules as full_case in process $proc$code/forwarding_unit.sv:24$273 in module forwarding_unit.
Marked 2 switch rules as full_case in process $proc$code/forwarding_unit.sv:14$264 in module forwarding_unit.
Marked 2 switch rules as full_case in process $proc$code/rv_core.sv:454$607 in module rv_core.
Marked 2 switch rules as full_case in process $proc$code/rv_core.sv:423$606 in module rv_core.
Marked 1 switch rules as full_case in process $proc$code/rv_core.sv:399$604 in module rv_core.
Marked 1 switch rules as full_case in process $proc$code/rv_core.sv:387$601 in module rv_core.
Marked 1 switch rules as full_case in process $proc$code/rv_core.sv:284$581 in module rv_core.
Marked 1 switch rules as full_case in process $proc$code/rv_core.sv:276$580 in module rv_core.
Marked 1 switch rules as full_case in process $proc$code/igen.sv:27$549 in module $paramod\igen\DWIDTH=s32'00000000000000000000000000100000.
Removed 2 dead cases from process $proc$code/control.sv:54$542 in module $paramod\control\DWIDTH=s32'00000000000000000000000000100000.
Marked 3 switch rules as full_case in process $proc$code/control.sv:54$542 in module $paramod\control\DWIDTH=s32'00000000000000000000000000100000.
Marked 3 switch rules as full_case in process $proc$code/execute.sv:74$524 in module $paramod$92ddabe66900a618ce68df6d5562d493b291abf4\alu.
Marked 2 switch rules as full_case in process $proc$code/execute.sv:54$519 in module $paramod$92ddabe66900a618ce68df6d5562d493b291abf4\alu.
Removed 1 dead cases from process $proc$code/writeback.sv:32$517 in module $paramod$92ddabe66900a618ce68df6d5562d493b291abf4\writeback.
Marked 1 switch rules as full_case in process $proc$code/writeback.sv:32$517 in module $paramod$92ddabe66900a618ce68df6d5562d493b291abf4\writeback.
Marked 2 switch rules as full_case in process $proc$code/register_file.sv:41$434 in module $paramod\register_file\DWIDTH=s32'00000000000000000000000000100000.
Marked 2 switch rules as full_case in process $proc$code/memory_controller.sv:91$396 in module $paramod$601c9edda80f283a73a87bf3095d4d13f490358d\memory_controller.
Marked 3 switch rules as full_case in process $proc$code/memory_controller.sv:70$393 in module $paramod$601c9edda80f283a73a87bf3095d4d13f490358d\memory_controller.
Marked 5 switch rules as full_case in process $proc$code/main_memory.sv:137$353 in module $paramod$72aa32f6215a5e7f33ea8e69cece12e4d4e95dbe\main_memory.
Marked 2 switch rules as full_case in process $proc$code/main_memory.sv:117$351 in module $paramod$72aa32f6215a5e7f33ea8e69cece12e4d4e95dbe\main_memory.
Marked 3 switch rules as full_case in process $proc$code/main_memory.sv:86$344 in module $paramod$72aa32f6215a5e7f33ea8e69cece12e4d4e95dbe\main_memory.
Marked 2 switch rules as full_case in process $proc$code/branch_control.sv:32$323 in module $paramod\branch_control\DWIDTH=s32'00000000000000000000000000100000.
Removed a total of 3 dead cases.

yosys> proc_prune

19.3. Executing PROC_PRUNE pass (remove redundant assignments in processes).
Removed 0 redundant assignments.
Promoted 96 assignments to connections.

yosys> proc_init

19.4. Executing PROC_INIT pass (extract init attributes).
Found init rule in `$paramod$c62f8a9f84677eaf1c2389a0b378e75c721b2371\fetch.$proc$code/fetch.sv:25$576'.
  Set init value: \pc = 16777216

yosys> proc_arst

19.5. Executing PROC_ARST pass (detect async resets in processes).

yosys> proc_rom

19.6. Executing PROC_ROM pass (convert switches to ROMs).
Converted 0 switches.
<suppressed ~55 debug messages>

yosys> proc_mux

19.7. Executing PROC_MUX pass (convert decision trees to multiplexers).
Creating decoders for process `$paramod$c62f8a9f84677eaf1c2389a0b378e75c721b2371\fetch.$proc$code/fetch.sv:25$576'.
Creating decoders for process `$paramod$c62f8a9f84677eaf1c2389a0b378e75c721b2371\fetch.$proc$code/fetch.sv:28$574'.
     1/1: $0\pc[31:0]
Creating decoders for process `\control_pipeline.$proc$code/control_pipeline.sv:61$290'.
     1/3: $0\w_ctrl[12:0]
     2/3: $0\m_ctrl[12:0]
     3/3: $0\x_ctrl[12:0]
Creating decoders for process `\control_pipeline.$proc$code/control_pipeline.sv:48$289'.
Creating decoders for process `\hazard_detection_unit.$proc$code/hazard_detection_unit.sv:9$282'.
Creating decoders for process `\forwarding_unit.$proc$code/forwarding_unit.sv:24$273'.
     1/2: $2\forward_b_sel_o[1:0]
     2/2: $1\forward_b_sel_o[1:0]
Creating decoders for process `\forwarding_unit.$proc$code/forwarding_unit.sv:14$264'.
     1/2: $2\forward_a_sel_o[1:0]
     2/2: $1\forward_a_sel_o[1:0]
Creating decoders for process `\rv_core.$proc$code/rv_core.sv:454$607'.
     1/5: $0\mem_wb_rd[4:0]
     2/5: $0\mem_wb_imm[31:0]
     3/5: $0\mem_wb_load_data[31:0]
     4/5: $0\mem_wb_result[31:0]
     5/5: $0\mem_wb_pc[31:0]
Creating decoders for process `\rv_core.$proc$code/rv_core.sv:423$606'.
     1/7: $0\ex_mem_rd[4:0]
     2/7: $0\ex_mem_rs2[4:0]
     3/7: $0\ex_mem_imm[31:0]
     4/7: $0\ex_mem_store_data[31:0]
     5/7: $0\ex_mem_result[31:0]
     6/7: $0\ex_mem_insn[31:0]
     7/7: $0\ex_mem_pc[31:0]
Creating decoders for process `\rv_core.$proc$code/rv_core.sv:399$604'.
     1/8: $0\id_ex_rd[4:0]
     2/8: $0\id_ex_rs2[4:0]
     3/8: $0\id_ex_rs1[4:0]
     4/8: $0\id_ex_imm[31:0]
     5/8: $0\id_ex_rs2data[31:0]
     6/8: $0\id_ex_rs1data[31:0]
     7/8: $0\id_ex_insn[31:0]
     8/8: $0\id_ex_pc[31:0]
Creating decoders for process `\rv_core.$proc$code/rv_core.sv:387$601'.
     1/2: $0\if_id_insn[31:0]
     2/2: $0\if_id_pc[31:0]
Creating decoders for process `\rv_core.$proc$code/rv_core.sv:284$581'.
     1/1: $1\e_rs2data[31:0]
Creating decoders for process `\rv_core.$proc$code/rv_core.sv:276$580'.
     1/1: $1\e_rs1data[31:0]
Creating decoders for process `$paramod$92ddabe66900a618ce68df6d5562d493b291abf4\decode.$proc$code/decode.sv:48$550'.
Creating decoders for process `$paramod\igen\DWIDTH=s32'00000000000000000000000000100000.$proc$code/igen.sv:27$549'.
     1/1: $1\imm_o[31:0]
Creating decoders for process `$paramod\control\DWIDTH=s32'00000000000000000000000000100000.$proc$code/control.sv:54$542'.
     1/11: $3\alusel_o[3:0]
     2/11: $2\alusel_o[3:0]
     3/11: $1\alusel_o[3:0]
     4/11: $1\wbsel_o[1:0]
     5/11: $1\regwren_o[0:0]
     6/11: $1\memwren_o[0:0]
     7/11: $1\memren_o[0:0]
     8/11: $1\rs2sel_o[0:0]
     9/11: $1\rs1sel_o[0:0]
    10/11: $1\immsel_o[0:0]
    11/11: $1\pcsel_o[0:0]
Creating decoders for process `$paramod$92ddabe66900a618ce68df6d5562d493b291abf4\alu.$proc$code/execute.sv:74$524'.
     1/3: $3\res_o[31:0]
     2/3: $2\res_o[31:0]
     3/3: $1\res_o[31:0]
Creating decoders for process `$paramod$92ddabe66900a618ce68df6d5562d493b291abf4\alu.$proc$code/execute.sv:54$519'.
     1/2: $2\brtaken_o[0:0]
     2/2: $1\brtaken_o[0:0]
Creating decoders for process `$paramod$92ddabe66900a618ce68df6d5562d493b291abf4\writeback.$proc$code/writeback.sv:32$517'.
     1/1: $1\writeback_data_o[31:0]
Creating decoders for process `$paramod\register_file\DWIDTH=s32'00000000000000000000000000100000.$proc$code/register_file.sv:59$514'.
Creating decoders for process `$paramod\register_file\DWIDTH=s32'00000000000000000000000000100000.$proc$code/register_file.sv:41$434'.
     1/40: $2$memwr$\x$code/register_file.sv:54$433_EN[31:0]$513
     2/40: $2$memwr$\x$code/register_file.sv:54$433_DATA[31:0]$512
     3/40: $2$memwr$\x$code/register_file.sv:54$433_ADDR[4:0]$511
     4/40: $1$memwr$\x$code/register_file.sv:49$432_EN[31:0]$505
     5/40: $1$fordecl_block$138.i[31:0]$472
     6/40: $1$memwr$\x$code/register_file.sv:46$431_EN[31:0]$504
     7/40: $1$memwr$\x$code/register_file.sv:46$430_EN[31:0]$503
     8/40: $1$memwr$\x$code/register_file.sv:46$429_EN[31:0]$502
     9/40: $1$memwr$\x$code/register_file.sv:46$428_EN[31:0]$501
    10/40: $1$memwr$\x$code/register_file.sv:46$427_EN[31:0]$500
    11/40: $1$memwr$\x$code/register_file.sv:46$426_EN[31:0]$499
    12/40: $1$memwr$\x$code/register_file.sv:46$425_EN[31:0]$498
    13/40: $1$memwr$\x$code/register_file.sv:46$424_EN[31:0]$497
    14/40: $1$memwr$\x$code/register_file.sv:46$423_EN[31:0]$496
    15/40: $1$memwr$\x$code/register_file.sv:46$422_EN[31:0]$495
    16/40: $1$memwr$\x$code/register_file.sv:46$421_EN[31:0]$494
    17/40: $1$memwr$\x$code/register_file.sv:46$420_EN[31:0]$493
    18/40: $1$memwr$\x$code/register_file.sv:46$419_EN[31:0]$492
    19/40: $1$memwr$\x$code/register_file.sv:46$418_EN[31:0]$491
    20/40: $1$memwr$\x$code/register_file.sv:46$417_EN[31:0]$490
    21/40: $1$memwr$\x$code/register_file.sv:46$416_EN[31:0]$489
    22/40: $1$memwr$\x$code/register_file.sv:46$415_EN[31:0]$488
    23/40: $1$memwr$\x$code/register_file.sv:46$414_EN[31:0]$487
    24/40: $1$memwr$\x$code/register_file.sv:46$413_EN[31:0]$486
    25/40: $1$memwr$\x$code/register_file.sv:46$412_EN[31:0]$485
    26/40: $1$memwr$\x$code/register_file.sv:46$411_EN[31:0]$484
    27/40: $1$memwr$\x$code/register_file.sv:46$410_EN[31:0]$483
    28/40: $1$memwr$\x$code/register_file.sv:46$409_EN[31:0]$482
    29/40: $1$memwr$\x$code/register_file.sv:46$408_EN[31:0]$481
    30/40: $1$memwr$\x$code/register_file.sv:46$407_EN[31:0]$480
    31/40: $1$memwr$\x$code/register_file.sv:46$406_EN[31:0]$479
    32/40: $1$memwr$\x$code/register_file.sv:46$405_EN[31:0]$478
    33/40: $1$memwr$\x$code/register_file.sv:46$404_EN[31:0]$477
    34/40: $1$memwr$\x$code/register_file.sv:46$403_EN[31:0]$476
    35/40: $1$memwr$\x$code/register_file.sv:46$402_EN[31:0]$475
    36/40: $1$memwr$\x$code/register_file.sv:46$401_EN[31:0]$474
    37/40: $1$memwr$\x$code/register_file.sv:46$400_EN[31:0]$473
    38/40: $1$memwr$\x$code/register_file.sv:54$433_EN[31:0]$508
    39/40: $1$memwr$\x$code/register_file.sv:54$433_DATA[31:0]$507
    40/40: $1$memwr$\x$code/register_file.sv:54$433_ADDR[4:0]$506
Creating decoders for process `$paramod$601c9edda80f283a73a87bf3095d4d13f490358d\memory_controller.$proc$code/memory_controller.sv:91$396'.
     1/4: $2\byteen_o[3:0]
     2/4: $2\wdata_o[31:0]
     3/4: $1\byteen_o[3:0]
     4/4: $1\wdata_o[31:0]
Creating decoders for process `$paramod$601c9edda80f283a73a87bf3095d4d13f490358d\memory_controller.$proc$code/memory_controller.sv:70$393'.
     1/5: $3\rdata_o[31:0]
     2/5: $2\rdata_o[31:0]
     3/5: $2\shifted_data[31:0]
     4/5: $1\rdata_o[31:0]
     5/5: $1\shifted_data[31:0]
Creating decoders for process `$paramod$72aa32f6215a5e7f33ea8e69cece12e4d4e95dbe\main_memory.$proc$code/main_memory.sv:137$353'.
     1/25: $2$memwr$\main_memory$code/main_memory.sv:144$341_EN[31:0]$391
     2/25: $2$memwr$\main_memory$code/main_memory.sv:144$341_DATA[31:0]$390
     3/25: $2$memwr$\main_memory$code/main_memory.sv:144$341_ADDR[31:0]$389
     4/25: $2$memwr$\main_memory$code/main_memory.sv:144$340_EN[31:0]$388
     5/25: $2$memwr$\main_memory$code/main_memory.sv:144$340_DATA[31:0]$387
     6/25: $2$memwr$\main_memory$code/main_memory.sv:144$340_ADDR[31:0]$386
     7/25: $2$memwr$\main_memory$code/main_memory.sv:144$339_EN[31:0]$385
     8/25: $2$memwr$\main_memory$code/main_memory.sv:144$339_DATA[31:0]$384
     9/25: $2$memwr$\main_memory$code/main_memory.sv:144$339_ADDR[31:0]$383
    10/25: $2$memwr$\main_memory$code/main_memory.sv:144$338_EN[31:0]$382
    11/25: $2$memwr$\main_memory$code/main_memory.sv:144$338_DATA[31:0]$381
    12/25: $2$memwr$\main_memory$code/main_memory.sv:144$338_ADDR[31:0]$380
    13/25: $1$fordecl_block$67.i[31:0]$367
    14/25: $1$memwr$\main_memory$code/main_memory.sv:144$341_EN[31:0]$379
    15/25: $1$memwr$\main_memory$code/main_memory.sv:144$341_DATA[31:0]$378
    16/25: $1$memwr$\main_memory$code/main_memory.sv:144$341_ADDR[31:0]$377
    17/25: $1$memwr$\main_memory$code/main_memory.sv:144$340_EN[31:0]$376
    18/25: $1$memwr$\main_memory$code/main_memory.sv:144$340_DATA[31:0]$375
    19/25: $1$memwr$\main_memory$code/main_memory.sv:144$340_ADDR[31:0]$374
    20/25: $1$memwr$\main_memory$code/main_memory.sv:144$339_EN[31:0]$373
    21/25: $1$memwr$\main_memory$code/main_memory.sv:144$339_DATA[31:0]$372
    22/25: $1$memwr$\main_memory$code/main_memory.sv:144$339_ADDR[31:0]$371
    23/25: $1$memwr$\main_memory$code/main_memory.sv:144$338_EN[31:0]$370
    24/25: $1$memwr$\main_memory$code/main_memory.sv:144$338_DATA[31:0]$369
    25/25: $1$memwr$\main_memory$code/main_memory.sv:144$338_ADDR[31:0]$368
Creating decoders for process `$paramod$72aa32f6215a5e7f33ea8e69cece12e4d4e95dbe\main_memory.$proc$code/main_memory.sv:117$351'.
     1/2: $2\data_o[31:0]
     2/2: $1\data_o[31:0]
Creating decoders for process `$paramod$72aa32f6215a5e7f33ea8e69cece12e4d4e95dbe\main_memory.$proc$code/main_memory.sv:86$344'.
     1/3: $3\insn_o[31:0]
     2/3: $2\insn_o[31:0]
     3/3: $1\insn_o[31:0]
Creating decoders for process `$paramod\branch_control\DWIDTH=s32'00000000000000000000000000100000.$proc$code/branch_control.sv:32$323'.
     1/3: $2\brlt_o[0:0]
     2/3: $1\brlt_o[0:0]
     3/3: $1\breq_o[0:0]

yosys> proc_dlatch

19.8. Executing PROC_DLATCH pass (convert process syncs to latches).
No latch inferred for signal `\control_pipeline.\d_ctrl' from process `\control_pipeline.$proc$code/control_pipeline.sv:48$289'.
No latch inferred for signal `\hazard_detection_unit.\stall_o' from process `\hazard_detection_unit.$proc$code/hazard_detection_unit.sv:9$282'.
No latch inferred for signal `\forwarding_unit.\forward_b_sel_o' from process `\forwarding_unit.$proc$code/forwarding_unit.sv:24$273'.
No latch inferred for signal `\forwarding_unit.\forward_a_sel_o' from process `\forwarding_unit.$proc$code/forwarding_unit.sv:14$264'.
No latch inferred for signal `\rv_core.\e_rs2data' from process `\rv_core.$proc$code/rv_core.sv:284$581'.
No latch inferred for signal `\rv_core.\e_rs1data' from process `\rv_core.$proc$code/rv_core.sv:276$580'.
No latch inferred for signal `$paramod$92ddabe66900a618ce68df6d5562d493b291abf4\decode.\pc_o' from process `$paramod$92ddabe66900a618ce68df6d5562d493b291abf4\decode.$proc$code/decode.sv:48$550'.
No latch inferred for signal `$paramod$92ddabe66900a618ce68df6d5562d493b291abf4\decode.\insn_o' from process `$paramod$92ddabe66900a618ce68df6d5562d493b291abf4\decode.$proc$code/decode.sv:48$550'.
No latch inferred for signal `$paramod$92ddabe66900a618ce68df6d5562d493b291abf4\decode.\opcode_o' from process `$paramod$92ddabe66900a618ce68df6d5562d493b291abf4\decode.$proc$code/decode.sv:48$550'.
No latch inferred for signal `$paramod$92ddabe66900a618ce68df6d5562d493b291abf4\decode.\rd_o' from process `$paramod$92ddabe66900a618ce68df6d5562d493b291abf4\decode.$proc$code/decode.sv:48$550'.
No latch inferred for signal `$paramod$92ddabe66900a618ce68df6d5562d493b291abf4\decode.\rs1_o' from process `$paramod$92ddabe66900a618ce68df6d5562d493b291abf4\decode.$proc$code/decode.sv:48$550'.
No latch inferred for signal `$paramod$92ddabe66900a618ce68df6d5562d493b291abf4\decode.\rs2_o' from process `$paramod$92ddabe66900a618ce68df6d5562d493b291abf4\decode.$proc$code/decode.sv:48$550'.
No latch inferred for signal `$paramod$92ddabe66900a618ce68df6d5562d493b291abf4\decode.\funct7_o' from process `$paramod$92ddabe66900a618ce68df6d5562d493b291abf4\decode.$proc$code/decode.sv:48$550'.
No latch inferred for signal `$paramod$92ddabe66900a618ce68df6d5562d493b291abf4\decode.\funct3_o' from process `$paramod$92ddabe66900a618ce68df6d5562d493b291abf4\decode.$proc$code/decode.sv:48$550'.
No latch inferred for signal `$paramod\igen\DWIDTH=s32'00000000000000000000000000100000.\imm_o' from process `$paramod\igen\DWIDTH=s32'00000000000000000000000000100000.$proc$code/igen.sv:27$549'.
No latch inferred for signal `$paramod\control\DWIDTH=s32'00000000000000000000000000100000.\pcsel_o' from process `$paramod\control\DWIDTH=s32'00000000000000000000000000100000.$proc$code/control.sv:54$542'.
No latch inferred for signal `$paramod\control\DWIDTH=s32'00000000000000000000000000100000.\immsel_o' from process `$paramod\control\DWIDTH=s32'00000000000000000000000000100000.$proc$code/control.sv:54$542'.
No latch inferred for signal `$paramod\control\DWIDTH=s32'00000000000000000000000000100000.\regwren_o' from process `$paramod\control\DWIDTH=s32'00000000000000000000000000100000.$proc$code/control.sv:54$542'.
No latch inferred for signal `$paramod\control\DWIDTH=s32'00000000000000000000000000100000.\rs1sel_o' from process `$paramod\control\DWIDTH=s32'00000000000000000000000000100000.$proc$code/control.sv:54$542'.
No latch inferred for signal `$paramod\control\DWIDTH=s32'00000000000000000000000000100000.\rs2sel_o' from process `$paramod\control\DWIDTH=s32'00000000000000000000000000100000.$proc$code/control.sv:54$542'.
No latch inferred for signal `$paramod\control\DWIDTH=s32'00000000000000000000000000100000.\memren_o' from process `$paramod\control\DWIDTH=s32'00000000000000000000000000100000.$proc$code/control.sv:54$542'.
No latch inferred for signal `$paramod\control\DWIDTH=s32'00000000000000000000000000100000.\memwren_o' from process `$paramod\control\DWIDTH=s32'00000000000000000000000000100000.$proc$code/control.sv:54$542'.
No latch inferred for signal `$paramod\control\DWIDTH=s32'00000000000000000000000000100000.\wbsel_o' from process `$paramod\control\DWIDTH=s32'00000000000000000000000000100000.$proc$code/control.sv:54$542'.
No latch inferred for signal `$paramod\control\DWIDTH=s32'00000000000000000000000000100000.\alusel_o' from process `$paramod\control\DWIDTH=s32'00000000000000000000000000100000.$proc$code/control.sv:54$542'.
No latch inferred for signal `$paramod$92ddabe66900a618ce68df6d5562d493b291abf4\alu.\res_o' from process `$paramod$92ddabe66900a618ce68df6d5562d493b291abf4\alu.$proc$code/execute.sv:74$524'.
No latch inferred for signal `$paramod$92ddabe66900a618ce68df6d5562d493b291abf4\alu.\brtaken_o' from process `$paramod$92ddabe66900a618ce68df6d5562d493b291abf4\alu.$proc$code/execute.sv:54$519'.
No latch inferred for signal `$paramod$92ddabe66900a618ce68df6d5562d493b291abf4\writeback.\writeback_data_o' from process `$paramod$92ddabe66900a618ce68df6d5562d493b291abf4\writeback.$proc$code/writeback.sv:32$517'.
No latch inferred for signal `$paramod\register_file\DWIDTH=s32'00000000000000000000000000100000.\rs1data_o' from process `$paramod\register_file\DWIDTH=s32'00000000000000000000000000100000.$proc$code/register_file.sv:59$514'.
No latch inferred for signal `$paramod\register_file\DWIDTH=s32'00000000000000000000000000100000.\rs2data_o' from process `$paramod\register_file\DWIDTH=s32'00000000000000000000000000100000.$proc$code/register_file.sv:59$514'.
No latch inferred for signal `$paramod$601c9edda80f283a73a87bf3095d4d13f490358d\memory_controller.\wdata_o' from process `$paramod$601c9edda80f283a73a87bf3095d4d13f490358d\memory_controller.$proc$code/memory_controller.sv:91$396'.
No latch inferred for signal `$paramod$601c9edda80f283a73a87bf3095d4d13f490358d\memory_controller.\byteen_o' from process `$paramod$601c9edda80f283a73a87bf3095d4d13f490358d\memory_controller.$proc$code/memory_controller.sv:91$396'.
No latch inferred for signal `$paramod$601c9edda80f283a73a87bf3095d4d13f490358d\memory_controller.\rdata_o' from process `$paramod$601c9edda80f283a73a87bf3095d4d13f490358d\memory_controller.$proc$code/memory_controller.sv:70$393'.
No latch inferred for signal `$paramod$601c9edda80f283a73a87bf3095d4d13f490358d\memory_controller.\shifted_data' from process `$paramod$601c9edda80f283a73a87bf3095d4d13f490358d\memory_controller.$proc$code/memory_controller.sv:70$393'.
No latch inferred for signal `$paramod$72aa32f6215a5e7f33ea8e69cece12e4d4e95dbe\main_memory.\data_o' from process `$paramod$72aa32f6215a5e7f33ea8e69cece12e4d4e95dbe\main_memory.$proc$code/main_memory.sv:117$351'.
No latch inferred for signal `$paramod$72aa32f6215a5e7f33ea8e69cece12e4d4e95dbe\main_memory.\insn_o' from process `$paramod$72aa32f6215a5e7f33ea8e69cece12e4d4e95dbe\main_memory.$proc$code/main_memory.sv:86$344'.
No latch inferred for signal `$paramod\branch_control\DWIDTH=s32'00000000000000000000000000100000.\breq_o' from process `$paramod\branch_control\DWIDTH=s32'00000000000000000000000000100000.$proc$code/branch_control.sv:32$323'.
No latch inferred for signal `$paramod\branch_control\DWIDTH=s32'00000000000000000000000000100000.\brlt_o' from process `$paramod\branch_control\DWIDTH=s32'00000000000000000000000000100000.$proc$code/branch_control.sv:32$323'.

yosys> proc_dff

19.9. Executing PROC_DFF pass (convert process syncs to FFs).
Creating register for signal `$paramod$c62f8a9f84677eaf1c2389a0b378e75c721b2371\fetch.\pc' using process `$paramod$c62f8a9f84677eaf1c2389a0b378e75c721b2371\fetch.$proc$code/fetch.sv:28$574'.
  created $dff cell `$procdff$1324' with positive edge clock.
Creating register for signal `\control_pipeline.\x_ctrl' using process `\control_pipeline.$proc$code/control_pipeline.sv:61$290'.
  created $dff cell `$procdff$1325' with positive edge clock.
Creating register for signal `\control_pipeline.\m_ctrl' using process `\control_pipeline.$proc$code/control_pipeline.sv:61$290'.
  created $dff cell `$procdff$1326' with positive edge clock.
Creating register for signal `\control_pipeline.\w_ctrl' using process `\control_pipeline.$proc$code/control_pipeline.sv:61$290'.
  created $dff cell `$procdff$1327' with positive edge clock.
Creating register for signal `\rv_core.\mem_wb_pc' using process `\rv_core.$proc$code/rv_core.sv:454$607'.
  created $dff cell `$procdff$1328' with positive edge clock.
Creating register for signal `\rv_core.\mem_wb_result' using process `\rv_core.$proc$code/rv_core.sv:454$607'.
  created $dff cell `$procdff$1329' with positive edge clock.
Creating register for signal `\rv_core.\mem_wb_load_data' using process `\rv_core.$proc$code/rv_core.sv:454$607'.
  created $dff cell `$procdff$1330' with positive edge clock.
Creating register for signal `\rv_core.\mem_wb_imm' using process `\rv_core.$proc$code/rv_core.sv:454$607'.
  created $dff cell `$procdff$1331' with positive edge clock.
Creating register for signal `\rv_core.\mem_wb_rd' using process `\rv_core.$proc$code/rv_core.sv:454$607'.
  created $dff cell `$procdff$1332' with positive edge clock.
Creating register for signal `\rv_core.\ex_mem_pc' using process `\rv_core.$proc$code/rv_core.sv:423$606'.
  created $dff cell `$procdff$1333' with positive edge clock.
Creating register for signal `\rv_core.\ex_mem_insn' using process `\rv_core.$proc$code/rv_core.sv:423$606'.
  created $dff cell `$procdff$1334' with positive edge clock.
Creating register for signal `\rv_core.\ex_mem_result' using process `\rv_core.$proc$code/rv_core.sv:423$606'.
  created $dff cell `$procdff$1335' with positive edge clock.
Creating register for signal `\rv_core.\ex_mem_store_data' using process `\rv_core.$proc$code/rv_core.sv:423$606'.
  created $dff cell `$procdff$1336' with positive edge clock.
Creating register for signal `\rv_core.\ex_mem_imm' using process `\rv_core.$proc$code/rv_core.sv:423$606'.
  created $dff cell `$procdff$1337' with positive edge clock.
Creating register for signal `\rv_core.\ex_mem_rs2' using process `\rv_core.$proc$code/rv_core.sv:423$606'.
  created $dff cell `$procdff$1338' with positive edge clock.
Creating register for signal `\rv_core.\ex_mem_rd' using process `\rv_core.$proc$code/rv_core.sv:423$606'.
  created $dff cell `$procdff$1339' with positive edge clock.
Creating register for signal `\rv_core.\id_ex_pc' using process `\rv_core.$proc$code/rv_core.sv:399$604'.
  created $dff cell `$procdff$1340' with positive edge clock.
Creating register for signal `\rv_core.\id_ex_insn' using process `\rv_core.$proc$code/rv_core.sv:399$604'.
  created $dff cell `$procdff$1341' with positive edge clock.
Creating register for signal `\rv_core.\id_ex_rs1data' using process `\rv_core.$proc$code/rv_core.sv:399$604'.
  created $dff cell `$procdff$1342' with positive edge clock.
Creating register for signal `\rv_core.\id_ex_rs2data' using process `\rv_core.$proc$code/rv_core.sv:399$604'.
  created $dff cell `$procdff$1343' with positive edge clock.
Creating register for signal `\rv_core.\id_ex_imm' using process `\rv_core.$proc$code/rv_core.sv:399$604'.
  created $dff cell `$procdff$1344' with positive edge clock.
Creating register for signal `\rv_core.\id_ex_rs1' using process `\rv_core.$proc$code/rv_core.sv:399$604'.
  created $dff cell `$procdff$1345' with positive edge clock.
Creating register for signal `\rv_core.\id_ex_rs2' using process `\rv_core.$proc$code/rv_core.sv:399$604'.
  created $dff cell `$procdff$1346' with positive edge clock.
Creating register for signal `\rv_core.\id_ex_rd' using process `\rv_core.$proc$code/rv_core.sv:399$604'.
  created $dff cell `$procdff$1347' with positive edge clock.
Creating register for signal `\rv_core.\if_id_pc' using process `\rv_core.$proc$code/rv_core.sv:387$601'.
  created $dff cell `$procdff$1348' with positive edge clock.
Creating register for signal `\rv_core.\if_id_insn' using process `\rv_core.$proc$code/rv_core.sv:387$601'.
  created $dff cell `$procdff$1349' with positive edge clock.
Creating register for signal `$paramod\register_file\DWIDTH=s32'00000000000000000000000000100000.$fordecl_block$138.i' using process `$paramod\register_file\DWIDTH=s32'00000000000000000000000000100000.$proc$code/register_file.sv:41$434'.
  created $dff cell `$procdff$1350' with positive edge clock.
Creating register for signal `$paramod\register_file\DWIDTH=s32'00000000000000000000000000100000.$memwr$\x$code/register_file.sv:46$400_EN' using process `$paramod\register_file\DWIDTH=s32'00000000000000000000000000100000.$proc$code/register_file.sv:41$434'.
  created $dff cell `$procdff$1351' with positive edge clock.
Creating register for signal `$paramod\register_file\DWIDTH=s32'00000000000000000000000000100000.$memwr$\x$code/register_file.sv:46$401_EN' using process `$paramod\register_file\DWIDTH=s32'00000000000000000000000000100000.$proc$code/register_file.sv:41$434'.
  created $dff cell `$procdff$1352' with positive edge clock.
Creating register for signal `$paramod\register_file\DWIDTH=s32'00000000000000000000000000100000.$memwr$\x$code/register_file.sv:46$402_EN' using process `$paramod\register_file\DWIDTH=s32'00000000000000000000000000100000.$proc$code/register_file.sv:41$434'.
  created $dff cell `$procdff$1353' with positive edge clock.
Creating register for signal `$paramod\register_file\DWIDTH=s32'00000000000000000000000000100000.$memwr$\x$code/register_file.sv:46$403_EN' using process `$paramod\register_file\DWIDTH=s32'00000000000000000000000000100000.$proc$code/register_file.sv:41$434'.
  created $dff cell `$procdff$1354' with positive edge clock.
Creating register for signal `$paramod\register_file\DWIDTH=s32'00000000000000000000000000100000.$memwr$\x$code/register_file.sv:46$404_EN' using process `$paramod\register_file\DWIDTH=s32'00000000000000000000000000100000.$proc$code/register_file.sv:41$434'.
  created $dff cell `$procdff$1355' with positive edge clock.
Creating register for signal `$paramod\register_file\DWIDTH=s32'00000000000000000000000000100000.$memwr$\x$code/register_file.sv:46$405_EN' using process `$paramod\register_file\DWIDTH=s32'00000000000000000000000000100000.$proc$code/register_file.sv:41$434'.
  created $dff cell `$procdff$1356' with positive edge clock.
Creating register for signal `$paramod\register_file\DWIDTH=s32'00000000000000000000000000100000.$memwr$\x$code/register_file.sv:46$406_EN' using process `$paramod\register_file\DWIDTH=s32'00000000000000000000000000100000.$proc$code/register_file.sv:41$434'.
  created $dff cell `$procdff$1357' with positive edge clock.
Creating register for signal `$paramod\register_file\DWIDTH=s32'00000000000000000000000000100000.$memwr$\x$code/register_file.sv:46$407_EN' using process `$paramod\register_file\DWIDTH=s32'00000000000000000000000000100000.$proc$code/register_file.sv:41$434'.
  created $dff cell `$procdff$1358' with positive edge clock.
Creating register for signal `$paramod\register_file\DWIDTH=s32'00000000000000000000000000100000.$memwr$\x$code/register_file.sv:46$408_EN' using process `$paramod\register_file\DWIDTH=s32'00000000000000000000000000100000.$proc$code/register_file.sv:41$434'.
  created $dff cell `$procdff$1359' with positive edge clock.
Creating register for signal `$paramod\register_file\DWIDTH=s32'00000000000000000000000000100000.$memwr$\x$code/register_file.sv:46$409_EN' using process `$paramod\register_file\DWIDTH=s32'00000000000000000000000000100000.$proc$code/register_file.sv:41$434'.
  created $dff cell `$procdff$1360' with positive edge clock.
Creating register for signal `$paramod\register_file\DWIDTH=s32'00000000000000000000000000100000.$memwr$\x$code/register_file.sv:46$410_EN' using process `$paramod\register_file\DWIDTH=s32'00000000000000000000000000100000.$proc$code/register_file.sv:41$434'.
  created $dff cell `$procdff$1361' with positive edge clock.
Creating register for signal `$paramod\register_file\DWIDTH=s32'00000000000000000000000000100000.$memwr$\x$code/register_file.sv:46$411_EN' using process `$paramod\register_file\DWIDTH=s32'00000000000000000000000000100000.$proc$code/register_file.sv:41$434'.
  created $dff cell `$procdff$1362' with positive edge clock.
Creating register for signal `$paramod\register_file\DWIDTH=s32'00000000000000000000000000100000.$memwr$\x$code/register_file.sv:46$412_EN' using process `$paramod\register_file\DWIDTH=s32'00000000000000000000000000100000.$proc$code/register_file.sv:41$434'.
  created $dff cell `$procdff$1363' with positive edge clock.
Creating register for signal `$paramod\register_file\DWIDTH=s32'00000000000000000000000000100000.$memwr$\x$code/register_file.sv:46$413_EN' using process `$paramod\register_file\DWIDTH=s32'00000000000000000000000000100000.$proc$code/register_file.sv:41$434'.
  created $dff cell `$procdff$1364' with positive edge clock.
Creating register for signal `$paramod\register_file\DWIDTH=s32'00000000000000000000000000100000.$memwr$\x$code/register_file.sv:46$414_EN' using process `$paramod\register_file\DWIDTH=s32'00000000000000000000000000100000.$proc$code/register_file.sv:41$434'.
  created $dff cell `$procdff$1365' with positive edge clock.
Creating register for signal `$paramod\register_file\DWIDTH=s32'00000000000000000000000000100000.$memwr$\x$code/register_file.sv:46$415_EN' using process `$paramod\register_file\DWIDTH=s32'00000000000000000000000000100000.$proc$code/register_file.sv:41$434'.
  created $dff cell `$procdff$1366' with positive edge clock.
Creating register for signal `$paramod\register_file\DWIDTH=s32'00000000000000000000000000100000.$memwr$\x$code/register_file.sv:46$416_EN' using process `$paramod\register_file\DWIDTH=s32'00000000000000000000000000100000.$proc$code/register_file.sv:41$434'.
  created $dff cell `$procdff$1367' with positive edge clock.
Creating register for signal `$paramod\register_file\DWIDTH=s32'00000000000000000000000000100000.$memwr$\x$code/register_file.sv:46$417_EN' using process `$paramod\register_file\DWIDTH=s32'00000000000000000000000000100000.$proc$code/register_file.sv:41$434'.
  created $dff cell `$procdff$1368' with positive edge clock.
Creating register for signal `$paramod\register_file\DWIDTH=s32'00000000000000000000000000100000.$memwr$\x$code/register_file.sv:46$418_EN' using process `$paramod\register_file\DWIDTH=s32'00000000000000000000000000100000.$proc$code/register_file.sv:41$434'.
  created $dff cell `$procdff$1369' with positive edge clock.
Creating register for signal `$paramod\register_file\DWIDTH=s32'00000000000000000000000000100000.$memwr$\x$code/register_file.sv:46$419_EN' using process `$paramod\register_file\DWIDTH=s32'00000000000000000000000000100000.$proc$code/register_file.sv:41$434'.
  created $dff cell `$procdff$1370' with positive edge clock.
Creating register for signal `$paramod\register_file\DWIDTH=s32'00000000000000000000000000100000.$memwr$\x$code/register_file.sv:46$420_EN' using process `$paramod\register_file\DWIDTH=s32'00000000000000000000000000100000.$proc$code/register_file.sv:41$434'.
  created $dff cell `$procdff$1371' with positive edge clock.
Creating register for signal `$paramod\register_file\DWIDTH=s32'00000000000000000000000000100000.$memwr$\x$code/register_file.sv:46$421_EN' using process `$paramod\register_file\DWIDTH=s32'00000000000000000000000000100000.$proc$code/register_file.sv:41$434'.
  created $dff cell `$procdff$1372' with positive edge clock.
Creating register for signal `$paramod\register_file\DWIDTH=s32'00000000000000000000000000100000.$memwr$\x$code/register_file.sv:46$422_EN' using process `$paramod\register_file\DWIDTH=s32'00000000000000000000000000100000.$proc$code/register_file.sv:41$434'.
  created $dff cell `$procdff$1373' with positive edge clock.
Creating register for signal `$paramod\register_file\DWIDTH=s32'00000000000000000000000000100000.$memwr$\x$code/register_file.sv:46$423_EN' using process `$paramod\register_file\DWIDTH=s32'00000000000000000000000000100000.$proc$code/register_file.sv:41$434'.
  created $dff cell `$procdff$1374' with positive edge clock.
Creating register for signal `$paramod\register_file\DWIDTH=s32'00000000000000000000000000100000.$memwr$\x$code/register_file.sv:46$424_EN' using process `$paramod\register_file\DWIDTH=s32'00000000000000000000000000100000.$proc$code/register_file.sv:41$434'.
  created $dff cell `$procdff$1375' with positive edge clock.
Creating register for signal `$paramod\register_file\DWIDTH=s32'00000000000000000000000000100000.$memwr$\x$code/register_file.sv:46$425_EN' using process `$paramod\register_file\DWIDTH=s32'00000000000000000000000000100000.$proc$code/register_file.sv:41$434'.
  created $dff cell `$procdff$1376' with positive edge clock.
Creating register for signal `$paramod\register_file\DWIDTH=s32'00000000000000000000000000100000.$memwr$\x$code/register_file.sv:46$426_EN' using process `$paramod\register_file\DWIDTH=s32'00000000000000000000000000100000.$proc$code/register_file.sv:41$434'.
  created $dff cell `$procdff$1377' with positive edge clock.
Creating register for signal `$paramod\register_file\DWIDTH=s32'00000000000000000000000000100000.$memwr$\x$code/register_file.sv:46$427_EN' using process `$paramod\register_file\DWIDTH=s32'00000000000000000000000000100000.$proc$code/register_file.sv:41$434'.
  created $dff cell `$procdff$1378' with positive edge clock.
Creating register for signal `$paramod\register_file\DWIDTH=s32'00000000000000000000000000100000.$memwr$\x$code/register_file.sv:46$428_EN' using process `$paramod\register_file\DWIDTH=s32'00000000000000000000000000100000.$proc$code/register_file.sv:41$434'.
  created $dff cell `$procdff$1379' with positive edge clock.
Creating register for signal `$paramod\register_file\DWIDTH=s32'00000000000000000000000000100000.$memwr$\x$code/register_file.sv:46$429_EN' using process `$paramod\register_file\DWIDTH=s32'00000000000000000000000000100000.$proc$code/register_file.sv:41$434'.
  created $dff cell `$procdff$1380' with positive edge clock.
Creating register for signal `$paramod\register_file\DWIDTH=s32'00000000000000000000000000100000.$memwr$\x$code/register_file.sv:46$430_EN' using process `$paramod\register_file\DWIDTH=s32'00000000000000000000000000100000.$proc$code/register_file.sv:41$434'.
  created $dff cell `$procdff$1381' with positive edge clock.
Creating register for signal `$paramod\register_file\DWIDTH=s32'00000000000000000000000000100000.$memwr$\x$code/register_file.sv:46$431_EN' using process `$paramod\register_file\DWIDTH=s32'00000000000000000000000000100000.$proc$code/register_file.sv:41$434'.
  created $dff cell `$procdff$1382' with positive edge clock.
Creating register for signal `$paramod\register_file\DWIDTH=s32'00000000000000000000000000100000.$memwr$\x$code/register_file.sv:49$432_EN' using process `$paramod\register_file\DWIDTH=s32'00000000000000000000000000100000.$proc$code/register_file.sv:41$434'.
  created $dff cell `$procdff$1383' with positive edge clock.
Creating register for signal `$paramod\register_file\DWIDTH=s32'00000000000000000000000000100000.$memwr$\x$code/register_file.sv:54$433_ADDR' using process `$paramod\register_file\DWIDTH=s32'00000000000000000000000000100000.$proc$code/register_file.sv:41$434'.
  created $dff cell `$procdff$1384' with positive edge clock.
Creating register for signal `$paramod\register_file\DWIDTH=s32'00000000000000000000000000100000.$memwr$\x$code/register_file.sv:54$433_DATA' using process `$paramod\register_file\DWIDTH=s32'00000000000000000000000000100000.$proc$code/register_file.sv:41$434'.
  created $dff cell `$procdff$1385' with positive edge clock.
Creating register for signal `$paramod\register_file\DWIDTH=s32'00000000000000000000000000100000.$memwr$\x$code/register_file.sv:54$433_EN' using process `$paramod\register_file\DWIDTH=s32'00000000000000000000000000100000.$proc$code/register_file.sv:41$434'.
  created $dff cell `$procdff$1386' with positive edge clock.
Creating register for signal `$paramod$72aa32f6215a5e7f33ea8e69cece12e4d4e95dbe\main_memory.$fordecl_block$67.i' using process `$paramod$72aa32f6215a5e7f33ea8e69cece12e4d4e95dbe\main_memory.$proc$code/main_memory.sv:137$353'.
  created $dff cell `$procdff$1387' with positive edge clock.
Creating register for signal `$paramod$72aa32f6215a5e7f33ea8e69cece12e4d4e95dbe\main_memory.$memwr$\main_memory$code/main_memory.sv:144$338_ADDR' using process `$paramod$72aa32f6215a5e7f33ea8e69cece12e4d4e95dbe\main_memory.$proc$code/main_memory.sv:137$353'.
  created $dff cell `$procdff$1388' with positive edge clock.
Creating register for signal `$paramod$72aa32f6215a5e7f33ea8e69cece12e4d4e95dbe\main_memory.$memwr$\main_memory$code/main_memory.sv:144$338_DATA' using process `$paramod$72aa32f6215a5e7f33ea8e69cece12e4d4e95dbe\main_memory.$proc$code/main_memory.sv:137$353'.
  created $dff cell `$procdff$1389' with positive edge clock.
Creating register for signal `$paramod$72aa32f6215a5e7f33ea8e69cece12e4d4e95dbe\main_memory.$memwr$\main_memory$code/main_memory.sv:144$338_EN' using process `$paramod$72aa32f6215a5e7f33ea8e69cece12e4d4e95dbe\main_memory.$proc$code/main_memory.sv:137$353'.
  created $dff cell `$procdff$1390' with positive edge clock.
Creating register for signal `$paramod$72aa32f6215a5e7f33ea8e69cece12e4d4e95dbe\main_memory.$memwr$\main_memory$code/main_memory.sv:144$339_ADDR' using process `$paramod$72aa32f6215a5e7f33ea8e69cece12e4d4e95dbe\main_memory.$proc$code/main_memory.sv:137$353'.
  created $dff cell `$procdff$1391' with positive edge clock.
Creating register for signal `$paramod$72aa32f6215a5e7f33ea8e69cece12e4d4e95dbe\main_memory.$memwr$\main_memory$code/main_memory.sv:144$339_DATA' using process `$paramod$72aa32f6215a5e7f33ea8e69cece12e4d4e95dbe\main_memory.$proc$code/main_memory.sv:137$353'.
  created $dff cell `$procdff$1392' with positive edge clock.
Creating register for signal `$paramod$72aa32f6215a5e7f33ea8e69cece12e4d4e95dbe\main_memory.$memwr$\main_memory$code/main_memory.sv:144$339_EN' using process `$paramod$72aa32f6215a5e7f33ea8e69cece12e4d4e95dbe\main_memory.$proc$code/main_memory.sv:137$353'.
  created $dff cell `$procdff$1393' with positive edge clock.
Creating register for signal `$paramod$72aa32f6215a5e7f33ea8e69cece12e4d4e95dbe\main_memory.$memwr$\main_memory$code/main_memory.sv:144$340_ADDR' using process `$paramod$72aa32f6215a5e7f33ea8e69cece12e4d4e95dbe\main_memory.$proc$code/main_memory.sv:137$353'.
  created $dff cell `$procdff$1394' with positive edge clock.
Creating register for signal `$paramod$72aa32f6215a5e7f33ea8e69cece12e4d4e95dbe\main_memory.$memwr$\main_memory$code/main_memory.sv:144$340_DATA' using process `$paramod$72aa32f6215a5e7f33ea8e69cece12e4d4e95dbe\main_memory.$proc$code/main_memory.sv:137$353'.
  created $dff cell `$procdff$1395' with positive edge clock.
Creating register for signal `$paramod$72aa32f6215a5e7f33ea8e69cece12e4d4e95dbe\main_memory.$memwr$\main_memory$code/main_memory.sv:144$340_EN' using process `$paramod$72aa32f6215a5e7f33ea8e69cece12e4d4e95dbe\main_memory.$proc$code/main_memory.sv:137$353'.
  created $dff cell `$procdff$1396' with positive edge clock.
Creating register for signal `$paramod$72aa32f6215a5e7f33ea8e69cece12e4d4e95dbe\main_memory.$memwr$\main_memory$code/main_memory.sv:144$341_ADDR' using process `$paramod$72aa32f6215a5e7f33ea8e69cece12e4d4e95dbe\main_memory.$proc$code/main_memory.sv:137$353'.
  created $dff cell `$procdff$1397' with positive edge clock.
Creating register for signal `$paramod$72aa32f6215a5e7f33ea8e69cece12e4d4e95dbe\main_memory.$memwr$\main_memory$code/main_memory.sv:144$341_DATA' using process `$paramod$72aa32f6215a5e7f33ea8e69cece12e4d4e95dbe\main_memory.$proc$code/main_memory.sv:137$353'.
  created $dff cell `$procdff$1398' with positive edge clock.
Creating register for signal `$paramod$72aa32f6215a5e7f33ea8e69cece12e4d4e95dbe\main_memory.$memwr$\main_memory$code/main_memory.sv:144$341_EN' using process `$paramod$72aa32f6215a5e7f33ea8e69cece12e4d4e95dbe\main_memory.$proc$code/main_memory.sv:137$353'.
  created $dff cell `$procdff$1399' with positive edge clock.

yosys> proc_memwr

19.10. Executing PROC_MEMWR pass (convert process memory writes to cells).

yosys> proc_clean

19.11. Executing PROC_CLEAN pass (remove empty switches from decision trees).
Removing empty process `$paramod$c62f8a9f84677eaf1c2389a0b378e75c721b2371\fetch.$proc$code/fetch.sv:25$576'.
Found and cleaned up 3 empty switches in `$paramod$c62f8a9f84677eaf1c2389a0b378e75c721b2371\fetch.$proc$code/fetch.sv:28$574'.
Removing empty process `$paramod$c62f8a9f84677eaf1c2389a0b378e75c721b2371\fetch.$proc$code/fetch.sv:28$574'.
Found and cleaned up 7 empty switches in `\control_pipeline.$proc$code/control_pipeline.sv:61$290'.
Removing empty process `control_pipeline.$proc$code/control_pipeline.sv:61$290'.
Removing empty process `control_pipeline.$proc$code/control_pipeline.sv:48$289'.
Removing empty process `hazard_detection_unit.$proc$code/hazard_detection_unit.sv:9$282'.
Found and cleaned up 2 empty switches in `\forwarding_unit.$proc$code/forwarding_unit.sv:24$273'.
Removing empty process `forwarding_unit.$proc$code/forwarding_unit.sv:24$273'.
Found and cleaned up 2 empty switches in `\forwarding_unit.$proc$code/forwarding_unit.sv:14$264'.
Removing empty process `forwarding_unit.$proc$code/forwarding_unit.sv:14$264'.
Found and cleaned up 3 empty switches in `\rv_core.$proc$code/rv_core.sv:454$607'.
Removing empty process `rv_core.$proc$code/rv_core.sv:454$607'.
Found and cleaned up 3 empty switches in `\rv_core.$proc$code/rv_core.sv:423$606'.
Removing empty process `rv_core.$proc$code/rv_core.sv:423$606'.
Found and cleaned up 2 empty switches in `\rv_core.$proc$code/rv_core.sv:399$604'.
Removing empty process `rv_core.$proc$code/rv_core.sv:399$604'.
Found and cleaned up 2 empty switches in `\rv_core.$proc$code/rv_core.sv:387$601'.
Removing empty process `rv_core.$proc$code/rv_core.sv:387$601'.
Found and cleaned up 1 empty switch in `\rv_core.$proc$code/rv_core.sv:284$581'.
Removing empty process `rv_core.$proc$code/rv_core.sv:284$581'.
Found and cleaned up 1 empty switch in `\rv_core.$proc$code/rv_core.sv:276$580'.
Removing empty process `rv_core.$proc$code/rv_core.sv:276$580'.
Removing empty process `$paramod$92ddabe66900a618ce68df6d5562d493b291abf4\decode.$proc$code/decode.sv:48$550'.
Found and cleaned up 1 empty switch in `$paramod\igen\DWIDTH=s32'00000000000000000000000000100000.$proc$code/igen.sv:27$549'.
Removing empty process `$paramod\igen\DWIDTH=s32'00000000000000000000000000100000.$proc$code/igen.sv:27$549'.
Found and cleaned up 3 empty switches in `$paramod\control\DWIDTH=s32'00000000000000000000000000100000.$proc$code/control.sv:54$542'.
Removing empty process `$paramod\control\DWIDTH=s32'00000000000000000000000000100000.$proc$code/control.sv:54$542'.
Found and cleaned up 3 empty switches in `$paramod$92ddabe66900a618ce68df6d5562d493b291abf4\alu.$proc$code/execute.sv:74$524'.
Removing empty process `$paramod$92ddabe66900a618ce68df6d5562d493b291abf4\alu.$proc$code/execute.sv:74$524'.
Found and cleaned up 2 empty switches in `$paramod$92ddabe66900a618ce68df6d5562d493b291abf4\alu.$proc$code/execute.sv:54$519'.
Removing empty process `$paramod$92ddabe66900a618ce68df6d5562d493b291abf4\alu.$proc$code/execute.sv:54$519'.
Found and cleaned up 1 empty switch in `$paramod$92ddabe66900a618ce68df6d5562d493b291abf4\writeback.$proc$code/writeback.sv:32$517'.
Removing empty process `$paramod$92ddabe66900a618ce68df6d5562d493b291abf4\writeback.$proc$code/writeback.sv:32$517'.
Removing empty process `$paramod\register_file\DWIDTH=s32'00000000000000000000000000100000.$proc$code/register_file.sv:59$514'.
Found and cleaned up 2 empty switches in `$paramod\register_file\DWIDTH=s32'00000000000000000000000000100000.$proc$code/register_file.sv:41$434'.
Removing empty process `$paramod\register_file\DWIDTH=s32'00000000000000000000000000100000.$proc$code/register_file.sv:41$434'.
Found and cleaned up 2 empty switches in `$paramod$601c9edda80f283a73a87bf3095d4d13f490358d\memory_controller.$proc$code/memory_controller.sv:91$396'.
Removing empty process `$paramod$601c9edda80f283a73a87bf3095d4d13f490358d\memory_controller.$proc$code/memory_controller.sv:91$396'.
Found and cleaned up 3 empty switches in `$paramod$601c9edda80f283a73a87bf3095d4d13f490358d\memory_controller.$proc$code/memory_controller.sv:70$393'.
Removing empty process `$paramod$601c9edda80f283a73a87bf3095d4d13f490358d\memory_controller.$proc$code/memory_controller.sv:70$393'.
Found and cleaned up 5 empty switches in `$paramod$72aa32f6215a5e7f33ea8e69cece12e4d4e95dbe\main_memory.$proc$code/main_memory.sv:137$353'.
Removing empty process `$paramod$72aa32f6215a5e7f33ea8e69cece12e4d4e95dbe\main_memory.$proc$code/main_memory.sv:137$353'.
Found and cleaned up 2 empty switches in `$paramod$72aa32f6215a5e7f33ea8e69cece12e4d4e95dbe\main_memory.$proc$code/main_memory.sv:117$351'.
Removing empty process `$paramod$72aa32f6215a5e7f33ea8e69cece12e4d4e95dbe\main_memory.$proc$code/main_memory.sv:117$351'.
Found and cleaned up 3 empty switches in `$paramod$72aa32f6215a5e7f33ea8e69cece12e4d4e95dbe\main_memory.$proc$code/main_memory.sv:86$344'.
Removing empty process `$paramod$72aa32f6215a5e7f33ea8e69cece12e4d4e95dbe\main_memory.$proc$code/main_memory.sv:86$344'.
Found and cleaned up 2 empty switches in `$paramod\branch_control\DWIDTH=s32'00000000000000000000000000100000.$proc$code/branch_control.sv:32$323'.
Removing empty process `$paramod\branch_control\DWIDTH=s32'00000000000000000000000000100000.$proc$code/branch_control.sv:32$323'.
Cleaned up 55 empty switches.

yosys> opt_expr -keepdc

19.12. Executing OPT_EXPR pass (perform const folding).
Optimizing module $paramod$c62f8a9f84677eaf1c2389a0b378e75c721b2371\fetch.
Optimizing module control_pipeline.
Optimizing module hazard_detection_unit.
<suppressed ~1 debug messages>
Optimizing module forwarding_unit.
<suppressed ~4 debug messages>
Optimizing module rv_core.
<suppressed ~5 debug messages>
Optimizing module stall_flush_logic.
Optimizing module $paramod$92ddabe66900a618ce68df6d5562d493b291abf4\decode.
Optimizing module $paramod\igen\DWIDTH=s32'00000000000000000000000000100000.
Optimizing module $paramod\control\DWIDTH=s32'00000000000000000000000000100000.
<suppressed ~2 debug messages>
Optimizing module $paramod$92ddabe66900a618ce68df6d5562d493b291abf4\alu.
<suppressed ~5 debug messages>
Optimizing module $paramod$601c9edda80f283a73a87bf3095d4d13f490358d\memory.
Optimizing module $paramod$92ddabe66900a618ce68df6d5562d493b291abf4\writeback.
<suppressed ~1 debug messages>
Optimizing module $paramod\register_file\DWIDTH=s32'00000000000000000000000000100000.
<suppressed ~1 debug messages>
Optimizing module $paramod$601c9edda80f283a73a87bf3095d4d13f490358d\memory_controller.
<suppressed ~3 debug messages>
Optimizing module $paramod$72aa32f6215a5e7f33ea8e69cece12e4d4e95dbe\main_memory.
<suppressed ~2 debug messages>
Optimizing module $paramod\branch_control\DWIDTH=s32'00000000000000000000000000100000.

yosys> opt

20. Executing OPT pass (performing simple optimizations).

yosys> opt_expr

20.1. Executing OPT_EXPR pass (perform const folding).
Optimizing module $paramod$c62f8a9f84677eaf1c2389a0b378e75c721b2371\fetch.
Optimizing module control_pipeline.
Optimizing module hazard_detection_unit.
Optimizing module forwarding_unit.
Optimizing module rv_core.
Optimizing module stall_flush_logic.
Optimizing module $paramod$92ddabe66900a618ce68df6d5562d493b291abf4\decode.
Optimizing module $paramod\igen\DWIDTH=s32'00000000000000000000000000100000.
Optimizing module $paramod\control\DWIDTH=s32'00000000000000000000000000100000.
Optimizing module $paramod$92ddabe66900a618ce68df6d5562d493b291abf4\alu.
Optimizing module $paramod$601c9edda80f283a73a87bf3095d4d13f490358d\memory.
Optimizing module $paramod$92ddabe66900a618ce68df6d5562d493b291abf4\writeback.
Optimizing module $paramod\register_file\DWIDTH=s32'00000000000000000000000000100000.
Optimizing module $paramod$601c9edda80f283a73a87bf3095d4d13f490358d\memory_controller.
<suppressed ~2 debug messages>
Optimizing module $paramod$72aa32f6215a5e7f33ea8e69cece12e4d4e95dbe\main_memory.
Optimizing module $paramod\branch_control\DWIDTH=s32'00000000000000000000000000100000.

yosys> opt_merge -nomux

20.2. Executing OPT_MERGE pass (detect identical cells).
Finding identical cells in module `$paramod$c62f8a9f84677eaf1c2389a0b378e75c721b2371\fetch'.
Computing hashes of 6 cells of `$paramod$c62f8a9f84677eaf1c2389a0b378e75c721b2371\fetch'.
Finding duplicate cells in `$paramod$c62f8a9f84677eaf1c2389a0b378e75c721b2371\fetch'.
Finding identical cells in module `\control_pipeline'.
Computing hashes of 12 cells of `\control_pipeline'.
Finding duplicate cells in `\control_pipeline'.
Finding identical cells in module `\hazard_detection_unit'.
Computing hashes of 6 cells of `\hazard_detection_unit'.
Finding duplicate cells in `\hazard_detection_unit'.
Finding identical cells in module `\forwarding_unit'.
Computing hashes of 22 cells of `\forwarding_unit'.
Finding duplicate cells in `\forwarding_unit'.
Computing hashes of 20 cells of `\forwarding_unit'.
Finding duplicate cells in `\forwarding_unit'.
Computing hashes of 18 cells of `\forwarding_unit'.
Finding duplicate cells in `\forwarding_unit'.
<suppressed ~12 debug messages>
Finding identical cells in module `\rv_core'.
Computing hashes of 123 cells of `\rv_core'.
Finding duplicate cells in `\rv_core'.
Computing hashes of 121 cells of `\rv_core'.
Finding duplicate cells in `\rv_core'.
Computing hashes of 119 cells of `\rv_core'.
Finding duplicate cells in `\rv_core'.
<suppressed ~12 debug messages>
Finding identical cells in module `\stall_flush_logic'.
Computing hashes of 5 cells of `\stall_flush_logic'.
Finding duplicate cells in `\stall_flush_logic'.
Finding identical cells in module `$paramod$92ddabe66900a618ce68df6d5562d493b291abf4\decode'.
Computing hashes of 22 cells of `$paramod$92ddabe66900a618ce68df6d5562d493b291abf4\decode'.
Finding duplicate cells in `$paramod$92ddabe66900a618ce68df6d5562d493b291abf4\decode'.
Computing hashes of 19 cells of `$paramod$92ddabe66900a618ce68df6d5562d493b291abf4\decode'.
Finding duplicate cells in `$paramod$92ddabe66900a618ce68df6d5562d493b291abf4\decode'.
<suppressed ~9 debug messages>
Finding identical cells in module `$paramod\igen\DWIDTH=s32'00000000000000000000000000100000'.
Computing hashes of 11 cells of `$paramod\igen\DWIDTH=s32'00000000000000000000000000100000'.
Finding duplicate cells in `$paramod\igen\DWIDTH=s32'00000000000000000000000000100000'.
Finding identical cells in module `$paramod\control\DWIDTH=s32'00000000000000000000000000100000'.
Computing hashes of 74 cells of `$paramod\control\DWIDTH=s32'00000000000000000000000000100000'.
Finding duplicate cells in `$paramod\control\DWIDTH=s32'00000000000000000000000000100000'.
Computing hashes of 34 cells of `$paramod\control\DWIDTH=s32'00000000000000000000000000100000'.
Finding duplicate cells in `$paramod\control\DWIDTH=s32'00000000000000000000000000100000'.
<suppressed ~120 debug messages>
Finding identical cells in module `$paramod$92ddabe66900a618ce68df6d5562d493b291abf4\alu'.
Computing hashes of 48 cells of `$paramod$92ddabe66900a618ce68df6d5562d493b291abf4\alu'.
Finding duplicate cells in `$paramod$92ddabe66900a618ce68df6d5562d493b291abf4\alu'.
Computing hashes of 43 cells of `$paramod$92ddabe66900a618ce68df6d5562d493b291abf4\alu'.
Finding duplicate cells in `$paramod$92ddabe66900a618ce68df6d5562d493b291abf4\alu'.
<suppressed ~15 debug messages>
Finding identical cells in module `$paramod$601c9edda80f283a73a87bf3095d4d13f490358d\memory'.
Computing hashes of 2 cells of `$paramod$601c9edda80f283a73a87bf3095d4d13f490358d\memory'.
Finding duplicate cells in `$paramod$601c9edda80f283a73a87bf3095d4d13f490358d\memory'.
Finding identical cells in module `$paramod$92ddabe66900a618ce68df6d5562d493b291abf4\writeback'.
Computing hashes of 6 cells of `$paramod$92ddabe66900a618ce68df6d5562d493b291abf4\writeback'.
Finding duplicate cells in `$paramod$92ddabe66900a618ce68df6d5562d493b291abf4\writeback'.
Finding identical cells in module `$paramod\register_file\DWIDTH=s32'00000000000000000000000000100000'.
Computing hashes of 118 cells of `$paramod\register_file\DWIDTH=s32'00000000000000000000000000100000'.
Finding duplicate cells in `$paramod\register_file\DWIDTH=s32'00000000000000000000000000100000'.
Finding identical cells in module `$paramod$601c9edda80f283a73a87bf3095d4d13f490358d\memory_controller'.
Computing hashes of 30 cells of `$paramod$601c9edda80f283a73a87bf3095d4d13f490358d\memory_controller'.
Finding duplicate cells in `$paramod$601c9edda80f283a73a87bf3095d4d13f490358d\memory_controller'.
Computing hashes of 25 cells of `$paramod$601c9edda80f283a73a87bf3095d4d13f490358d\memory_controller'.
Finding duplicate cells in `$paramod$601c9edda80f283a73a87bf3095d4d13f490358d\memory_controller'.
<suppressed ~15 debug messages>
Finding identical cells in module `$paramod$72aa32f6215a5e7f33ea8e69cece12e4d4e95dbe\main_memory'.
Computing hashes of 70 cells of `$paramod$72aa32f6215a5e7f33ea8e69cece12e4d4e95dbe\main_memory'.
Finding duplicate cells in `$paramod$72aa32f6215a5e7f33ea8e69cece12e4d4e95dbe\main_memory'.
Finding identical cells in module `$paramod\branch_control\DWIDTH=s32'00000000000000000000000000100000'.
Computing hashes of 18 cells of `$paramod\branch_control\DWIDTH=s32'00000000000000000000000000100000'.
Finding duplicate cells in `$paramod\branch_control\DWIDTH=s32'00000000000000000000000000100000'.
Removed a total of 61 cells.

yosys> opt_muxtree

20.3. Executing OPT_MUXTREE pass (detect dead branches in mux trees).
Running muxtree optimizer on module $paramod$c62f8a9f84677eaf1c2389a0b378e75c721b2371\fetch..
  Creating internal representation of mux trees.
  Evaluating internal representation of mux trees.
  Analyzing evaluation results.
Running muxtree optimizer on module \control_pipeline..
  Creating internal representation of mux trees.
  Evaluating internal representation of mux trees.
  Analyzing evaluation results.
Running muxtree optimizer on module \hazard_detection_unit..
  Creating internal representation of mux trees.
  No muxes found in this module.
Running muxtree optimizer on module \forwarding_unit..
  Creating internal representation of mux trees.
  Evaluating internal representation of mux trees.
  Analyzing evaluation results.
    dead port 1/2 on $mux $procmux$646.
    dead port 1/2 on $mux $procmux$655.
Running muxtree optimizer on module \rv_core..
  Creating internal representation of mux trees.
  Evaluating internal representation of mux trees.
  Analyzing evaluation results.
Running muxtree optimizer on module \stall_flush_logic..
  Creating internal representation of mux trees.
  No muxes found in this module.
Running muxtree optimizer on module $paramod$92ddabe66900a618ce68df6d5562d493b291abf4\decode..
  Creating internal representation of mux trees.
  Evaluating internal representation of mux trees.
  Analyzing evaluation results.
Running muxtree optimizer on module $paramod\igen\DWIDTH=s32'00000000000000000000000000100000..
  Creating internal representation of mux trees.
  Evaluating internal representation of mux trees.
  Analyzing evaluation results.
Running muxtree optimizer on module $paramod\control\DWIDTH=s32'00000000000000000000000000100000..
  Creating internal representation of mux trees.
  Evaluating internal representation of mux trees.
  Analyzing evaluation results.
    dead port 2/2 on $mux $procmux$858.
    dead port 2/2 on $mux $procmux$838.
Running muxtree optimizer on module $paramod$92ddabe66900a618ce68df6d5562d493b291abf4\alu..
  Creating internal representation of mux trees.
  Evaluating internal representation of mux trees.
  Analyzing evaluation results.
    dead port 2/2 on $mux $procmux$960.
    dead port 2/2 on $mux $procmux$983.
    dead port 2/2 on $mux $procmux$945.
    dead port 1/2 on $mux $procmux$943.
Running muxtree optimizer on module $paramod$601c9edda80f283a73a87bf3095d4d13f490358d\memory..
  Creating internal representation of mux trees.
  No muxes found in this module.
Running muxtree optimizer on module $paramod$92ddabe66900a618ce68df6d5562d493b291abf4\writeback..
  Creating internal representation of mux trees.
  Evaluating internal representation of mux trees.
  Analyzing evaluation results.
Running muxtree optimizer on module $paramod\register_file\DWIDTH=s32'00000000000000000000000000100000..
  Creating internal representation of mux trees.
  Evaluating internal representation of mux trees.
  Analyzing evaluation results.
    dead port 1/2 on $mux $procmux$1009.
    dead port 1/2 on $mux $procmux$1003.
    dead port 1/2 on $mux $procmux$997.
Running muxtree optimizer on module $paramod$601c9edda80f283a73a87bf3095d4d13f490358d\memory_controller..
  Creating internal representation of mux trees.
  Evaluating internal representation of mux trees.
  Analyzing evaluation results.
    dead port 1/2 on $mux $procmux$1154.
    dead port 2/2 on $mux $procmux$1151.
    dead port 2/2 on $mux $procmux$1136.
    dead port 1/2 on $mux $procmux$1166.
    dead port 2/2 on $mux $procmux$1166.
    dead port 2/2 on $mux $procmux$1128.
    dead port 1/2 on $mux $procmux$1163.
    dead port 2/2 on $mux $procmux$1163.
    dead port 1/2 on $mux $procmux$1160.
    dead port 1/2 on $mux $procmux$1172.
    dead port 2/2 on $mux $procmux$1172.
Running muxtree optimizer on module $paramod$72aa32f6215a5e7f33ea8e69cece12e4d4e95dbe\main_memory..
  Creating internal representation of mux trees.
  Evaluating internal representation of mux trees.
  Analyzing evaluation results.
    dead port 1/2 on $mux $procmux$1307.
    dead port 1/2 on $mux $procmux$1301.
    dead port 2/2 on $mux $procmux$1298.
    dead port 1/2 on $mux $procmux$1289.
    dead port 2/2 on $mux $procmux$1244.
    dead port 2/2 on $mux $procmux$1238.
    dead port 2/2 on $mux $procmux$1232.
    dead port 2/2 on $mux $procmux$1226.
    dead port 2/2 on $mux $procmux$1220.
    dead port 2/2 on $mux $procmux$1214.
    dead port 2/2 on $mux $procmux$1208.
    dead port 2/2 on $mux $procmux$1202.
    dead port 2/2 on $mux $procmux$1196.
    dead port 2/2 on $mux $procmux$1190.
    dead port 2/2 on $mux $procmux$1184.
    dead port 2/2 on $mux $procmux$1178.
Running muxtree optimizer on module $paramod\branch_control\DWIDTH=s32'00000000000000000000000000100000..
  Creating internal representation of mux trees.
  Evaluating internal representation of mux trees.
  Analyzing evaluation results.
    dead port 2/2 on $mux $procmux$1316.
Removed 39 multiplexer ports.
<suppressed ~334 debug messages>

yosys> opt_reduce

20.4. Executing OPT_REDUCE pass (consolidate $*mux and $reduce_* inputs).
  Optimizing cells in module $paramod$c62f8a9f84677eaf1c2389a0b378e75c721b2371\fetch.
  Optimizing cells in module \control_pipeline.
  Optimizing cells in module \hazard_detection_unit.
  Optimizing cells in module \forwarding_unit.
  Optimizing cells in module \rv_core.
  Optimizing cells in module \stall_flush_logic.
  Optimizing cells in module $paramod$92ddabe66900a618ce68df6d5562d493b291abf4\decode.
  Optimizing cells in module $paramod\igen\DWIDTH=s32'00000000000000000000000000100000.
  Optimizing cells in module $paramod\control\DWIDTH=s32'00000000000000000000000000100000.
    New ctrl vector for $pmux cell $procmux$861: { $auto$opt_reduce.cc:137:opt_pmux$1439 $procmux$922_CMP $procmux$885_CMP }
    New ctrl vector for $pmux cell $procmux$878: $auto$opt_reduce.cc:137:opt_pmux$1441
    New ctrl vector for $pmux cell $procmux$926: $auto$opt_reduce.cc:137:opt_pmux$1443
    New ctrl vector for $pmux cell $procmux$916: $auto$opt_reduce.cc:137:opt_pmux$1445
    New ctrl vector for $pmux cell $procmux$904: $auto$opt_reduce.cc:137:opt_pmux$1447
    New ctrl vector for $pmux cell $procmux$872: { $procmux$880_CMP $auto$opt_reduce.cc:137:opt_pmux$1449 $procmux$921_CMP }
    New ctrl vector for $pmux cell $procmux$912: $auto$opt_reduce.cc:137:opt_pmux$1451
  Optimizing cells in module $paramod\control\DWIDTH=s32'00000000000000000000000000100000.
  Optimizing cells in module $paramod$92ddabe66900a618ce68df6d5562d493b291abf4\alu.
    New ctrl vector for $pmux cell $procmux$976: { $auto$opt_reduce.cc:137:opt_pmux$1455 $auto$opt_reduce.cc:137:opt_pmux$1453 $procmux$981_CMP $procmux$982_CMP }
  Optimizing cells in module $paramod$92ddabe66900a618ce68df6d5562d493b291abf4\alu.
  Optimizing cells in module $paramod$601c9edda80f283a73a87bf3095d4d13f490358d\memory.
  Optimizing cells in module $paramod$92ddabe66900a618ce68df6d5562d493b291abf4\writeback.
  Optimizing cells in module $paramod\register_file\DWIDTH=s32'00000000000000000000000000100000.
    Consolidated identical input bits for $mux cell $procmux$1111:
      Old ports: A=0, B=32'11111111111111111111111111111111, Y=$procmux$1111_Y
      New ports: A=1'0, B=1'1, Y=$procmux$1111_Y [0]
      New connections: $procmux$1111_Y [31:1] = { $procmux$1111_Y [0] $procmux$1111_Y [0] $procmux$1111_Y [0] $procmux$1111_Y [0] $procmux$1111_Y [0] $procmux$1111_Y [0] $procmux$1111_Y [0] $procmux$1111_Y [0] $procmux$1111_Y [0] $procmux$1111_Y [0] $procmux$1111_Y [0] $procmux$1111_Y [0] $procmux$1111_Y [0] $procmux$1111_Y [0] $procmux$1111_Y [0] $procmux$1111_Y [0] $procmux$1111_Y [0] $procmux$1111_Y [0] $procmux$1111_Y [0] $procmux$1111_Y [0] $procmux$1111_Y [0] $procmux$1111_Y [0] $procmux$1111_Y [0] $procmux$1111_Y [0] $procmux$1111_Y [0] $procmux$1111_Y [0] $procmux$1111_Y [0] $procmux$1111_Y [0] $procmux$1111_Y [0] $procmux$1111_Y [0] $procmux$1111_Y [0] }
    Consolidated identical input bits for $mux cell $procmux$1108:
      Old ports: A=0, B=32'11111111111111111111111111111111, Y=$procmux$1108_Y
      New ports: A=1'0, B=1'1, Y=$procmux$1108_Y [0]
      New connections: $procmux$1108_Y [31:1] = { $procmux$1108_Y [0] $procmux$1108_Y [0] $procmux$1108_Y [0] $procmux$1108_Y [0] $procmux$1108_Y [0] $procmux$1108_Y [0] $procmux$1108_Y [0] $procmux$1108_Y [0] $procmux$1108_Y [0] $procmux$1108_Y [0] $procmux$1108_Y [0] $procmux$1108_Y [0] $procmux$1108_Y [0] $procmux$1108_Y [0] $procmux$1108_Y [0] $procmux$1108_Y [0] $procmux$1108_Y [0] $procmux$1108_Y [0] $procmux$1108_Y [0] $procmux$1108_Y [0] $procmux$1108_Y [0] $procmux$1108_Y [0] $procmux$1108_Y [0] $procmux$1108_Y [0] $procmux$1108_Y [0] $procmux$1108_Y [0] $procmux$1108_Y [0] $procmux$1108_Y [0] $procmux$1108_Y [0] $procmux$1108_Y [0] $procmux$1108_Y [0] }
    Consolidated identical input bits for $mux cell $procmux$1105:
      Old ports: A=0, B=32'11111111111111111111111111111111, Y=$procmux$1105_Y
      New ports: A=1'0, B=1'1, Y=$procmux$1105_Y [0]
      New connections: $procmux$1105_Y [31:1] = { $procmux$1105_Y [0] $procmux$1105_Y [0] $procmux$1105_Y [0] $procmux$1105_Y [0] $procmux$1105_Y [0] $procmux$1105_Y [0] $procmux$1105_Y [0] $procmux$1105_Y [0] $procmux$1105_Y [0] $procmux$1105_Y [0] $procmux$1105_Y [0] $procmux$1105_Y [0] $procmux$1105_Y [0] $procmux$1105_Y [0] $procmux$1105_Y [0] $procmux$1105_Y [0] $procmux$1105_Y [0] $procmux$1105_Y [0] $procmux$1105_Y [0] $procmux$1105_Y [0] $procmux$1105_Y [0] $procmux$1105_Y [0] $procmux$1105_Y [0] $procmux$1105_Y [0] $procmux$1105_Y [0] $procmux$1105_Y [0] $procmux$1105_Y [0] $procmux$1105_Y [0] $procmux$1105_Y [0] $procmux$1105_Y [0] $procmux$1105_Y [0] }
    Consolidated identical input bits for $mux cell $procmux$1102:
      Old ports: A=0, B=32'11111111111111111111111111111111, Y=$procmux$1102_Y
      New ports: A=1'0, B=1'1, Y=$procmux$1102_Y [0]
      New connections: $procmux$1102_Y [31:1] = { $procmux$1102_Y [0] $procmux$1102_Y [0] $procmux$1102_Y [0] $procmux$1102_Y [0] $procmux$1102_Y [0] $procmux$1102_Y [0] $procmux$1102_Y [0] $procmux$1102_Y [0] $procmux$1102_Y [0] $procmux$1102_Y [0] $procmux$1102_Y [0] $procmux$1102_Y [0] $procmux$1102_Y [0] $procmux$1102_Y [0] $procmux$1102_Y [0] $procmux$1102_Y [0] $procmux$1102_Y [0] $procmux$1102_Y [0] $procmux$1102_Y [0] $procmux$1102_Y [0] $procmux$1102_Y [0] $procmux$1102_Y [0] $procmux$1102_Y [0] $procmux$1102_Y [0] $procmux$1102_Y [0] $procmux$1102_Y [0] $procmux$1102_Y [0] $procmux$1102_Y [0] $procmux$1102_Y [0] $procmux$1102_Y [0] $procmux$1102_Y [0] }
    Consolidated identical input bits for $mux cell $procmux$1099:
      Old ports: A=0, B=32'11111111111111111111111111111111, Y=$procmux$1099_Y
      New ports: A=1'0, B=1'1, Y=$procmux$1099_Y [0]
      New connections: $procmux$1099_Y [31:1] = { $procmux$1099_Y [0] $procmux$1099_Y [0] $procmux$1099_Y [0] $procmux$1099_Y [0] $procmux$1099_Y [0] $procmux$1099_Y [0] $procmux$1099_Y [0] $procmux$1099_Y [0] $procmux$1099_Y [0] $procmux$1099_Y [0] $procmux$1099_Y [0] $procmux$1099_Y [0] $procmux$1099_Y [0] $procmux$1099_Y [0] $procmux$1099_Y [0] $procmux$1099_Y [0] $procmux$1099_Y [0] $procmux$1099_Y [0] $procmux$1099_Y [0] $procmux$1099_Y [0] $procmux$1099_Y [0] $procmux$1099_Y [0] $procmux$1099_Y [0] $procmux$1099_Y [0] $procmux$1099_Y [0] $procmux$1099_Y [0] $procmux$1099_Y [0] $procmux$1099_Y [0] $procmux$1099_Y [0] $procmux$1099_Y [0] $procmux$1099_Y [0] }
    Consolidated identical input bits for $mux cell $procmux$1096:
      Old ports: A=0, B=32'11111111111111111111111111111111, Y=$procmux$1096_Y
      New ports: A=1'0, B=1'1, Y=$procmux$1096_Y [0]
      New connections: $procmux$1096_Y [31:1] = { $procmux$1096_Y [0] $procmux$1096_Y [0] $procmux$1096_Y [0] $procmux$1096_Y [0] $procmux$1096_Y [0] $procmux$1096_Y [0] $procmux$1096_Y [0] $procmux$1096_Y [0] $procmux$1096_Y [0] $procmux$1096_Y [0] $procmux$1096_Y [0] $procmux$1096_Y [0] $procmux$1096_Y [0] $procmux$1096_Y [0] $procmux$1096_Y [0] $procmux$1096_Y [0] $procmux$1096_Y [0] $procmux$1096_Y [0] $procmux$1096_Y [0] $procmux$1096_Y [0] $procmux$1096_Y [0] $procmux$1096_Y [0] $procmux$1096_Y [0] $procmux$1096_Y [0] $procmux$1096_Y [0] $procmux$1096_Y [0] $procmux$1096_Y [0] $procmux$1096_Y [0] $procmux$1096_Y [0] $procmux$1096_Y [0] $procmux$1096_Y [0] }
    Consolidated identical input bits for $mux cell $procmux$1093:
      Old ports: A=0, B=32'11111111111111111111111111111111, Y=$procmux$1093_Y
      New ports: A=1'0, B=1'1, Y=$procmux$1093_Y [0]
      New connections: $procmux$1093_Y [31:1] = { $procmux$1093_Y [0] $procmux$1093_Y [0] $procmux$1093_Y [0] $procmux$1093_Y [0] $procmux$1093_Y [0] $procmux$1093_Y [0] $procmux$1093_Y [0] $procmux$1093_Y [0] $procmux$1093_Y [0] $procmux$1093_Y [0] $procmux$1093_Y [0] $procmux$1093_Y [0] $procmux$1093_Y [0] $procmux$1093_Y [0] $procmux$1093_Y [0] $procmux$1093_Y [0] $procmux$1093_Y [0] $procmux$1093_Y [0] $procmux$1093_Y [0] $procmux$1093_Y [0] $procmux$1093_Y [0] $procmux$1093_Y [0] $procmux$1093_Y [0] $procmux$1093_Y [0] $procmux$1093_Y [0] $procmux$1093_Y [0] $procmux$1093_Y [0] $procmux$1093_Y [0] $procmux$1093_Y [0] $procmux$1093_Y [0] $procmux$1093_Y [0] }
    Consolidated identical input bits for $mux cell $procmux$1090:
      Old ports: A=0, B=32'11111111111111111111111111111111, Y=$procmux$1090_Y
      New ports: A=1'0, B=1'1, Y=$procmux$1090_Y [0]
      New connections: $procmux$1090_Y [31:1] = { $procmux$1090_Y [0] $procmux$1090_Y [0] $procmux$1090_Y [0] $procmux$1090_Y [0] $procmux$1090_Y [0] $procmux$1090_Y [0] $procmux$1090_Y [0] $procmux$1090_Y [0] $procmux$1090_Y [0] $procmux$1090_Y [0] $procmux$1090_Y [0] $procmux$1090_Y [0] $procmux$1090_Y [0] $procmux$1090_Y [0] $procmux$1090_Y [0] $procmux$1090_Y [0] $procmux$1090_Y [0] $procmux$1090_Y [0] $procmux$1090_Y [0] $procmux$1090_Y [0] $procmux$1090_Y [0] $procmux$1090_Y [0] $procmux$1090_Y [0] $procmux$1090_Y [0] $procmux$1090_Y [0] $procmux$1090_Y [0] $procmux$1090_Y [0] $procmux$1090_Y [0] $procmux$1090_Y [0] $procmux$1090_Y [0] $procmux$1090_Y [0] }
    Consolidated identical input bits for $mux cell $procmux$1087:
      Old ports: A=0, B=32'11111111111111111111111111111111, Y=$procmux$1087_Y
      New ports: A=1'0, B=1'1, Y=$procmux$1087_Y [0]
      New connections: $procmux$1087_Y [31:1] = { $procmux$1087_Y [0] $procmux$1087_Y [0] $procmux$1087_Y [0] $procmux$1087_Y [0] $procmux$1087_Y [0] $procmux$1087_Y [0] $procmux$1087_Y [0] $procmux$1087_Y [0] $procmux$1087_Y [0] $procmux$1087_Y [0] $procmux$1087_Y [0] $procmux$1087_Y [0] $procmux$1087_Y [0] $procmux$1087_Y [0] $procmux$1087_Y [0] $procmux$1087_Y [0] $procmux$1087_Y [0] $procmux$1087_Y [0] $procmux$1087_Y [0] $procmux$1087_Y [0] $procmux$1087_Y [0] $procmux$1087_Y [0] $procmux$1087_Y [0] $procmux$1087_Y [0] $procmux$1087_Y [0] $procmux$1087_Y [0] $procmux$1087_Y [0] $procmux$1087_Y [0] $procmux$1087_Y [0] $procmux$1087_Y [0] $procmux$1087_Y [0] }
    Consolidated identical input bits for $mux cell $procmux$1084:
      Old ports: A=0, B=32'11111111111111111111111111111111, Y=$procmux$1084_Y
      New ports: A=1'0, B=1'1, Y=$procmux$1084_Y [0]
      New connections: $procmux$1084_Y [31:1] = { $procmux$1084_Y [0] $procmux$1084_Y [0] $procmux$1084_Y [0] $procmux$1084_Y [0] $procmux$1084_Y [0] $procmux$1084_Y [0] $procmux$1084_Y [0] $procmux$1084_Y [0] $procmux$1084_Y [0] $procmux$1084_Y [0] $procmux$1084_Y [0] $procmux$1084_Y [0] $procmux$1084_Y [0] $procmux$1084_Y [0] $procmux$1084_Y [0] $procmux$1084_Y [0] $procmux$1084_Y [0] $procmux$1084_Y [0] $procmux$1084_Y [0] $procmux$1084_Y [0] $procmux$1084_Y [0] $procmux$1084_Y [0] $procmux$1084_Y [0] $procmux$1084_Y [0] $procmux$1084_Y [0] $procmux$1084_Y [0] $procmux$1084_Y [0] $procmux$1084_Y [0] $procmux$1084_Y [0] $procmux$1084_Y [0] $procmux$1084_Y [0] }
    Consolidated identical input bits for $mux cell $procmux$1081:
      Old ports: A=0, B=32'11111111111111111111111111111111, Y=$procmux$1081_Y
      New ports: A=1'0, B=1'1, Y=$procmux$1081_Y [0]
      New connections: $procmux$1081_Y [31:1] = { $procmux$1081_Y [0] $procmux$1081_Y [0] $procmux$1081_Y [0] $procmux$1081_Y [0] $procmux$1081_Y [0] $procmux$1081_Y [0] $procmux$1081_Y [0] $procmux$1081_Y [0] $procmux$1081_Y [0] $procmux$1081_Y [0] $procmux$1081_Y [0] $procmux$1081_Y [0] $procmux$1081_Y [0] $procmux$1081_Y [0] $procmux$1081_Y [0] $procmux$1081_Y [0] $procmux$1081_Y [0] $procmux$1081_Y [0] $procmux$1081_Y [0] $procmux$1081_Y [0] $procmux$1081_Y [0] $procmux$1081_Y [0] $procmux$1081_Y [0] $procmux$1081_Y [0] $procmux$1081_Y [0] $procmux$1081_Y [0] $procmux$1081_Y [0] $procmux$1081_Y [0] $procmux$1081_Y [0] $procmux$1081_Y [0] $procmux$1081_Y [0] }
    Consolidated identical input bits for $mux cell $procmux$1078:
      Old ports: A=0, B=32'11111111111111111111111111111111, Y=$procmux$1078_Y
      New ports: A=1'0, B=1'1, Y=$procmux$1078_Y [0]
      New connections: $procmux$1078_Y [31:1] = { $procmux$1078_Y [0] $procmux$1078_Y [0] $procmux$1078_Y [0] $procmux$1078_Y [0] $procmux$1078_Y [0] $procmux$1078_Y [0] $procmux$1078_Y [0] $procmux$1078_Y [0] $procmux$1078_Y [0] $procmux$1078_Y [0] $procmux$1078_Y [0] $procmux$1078_Y [0] $procmux$1078_Y [0] $procmux$1078_Y [0] $procmux$1078_Y [0] $procmux$1078_Y [0] $procmux$1078_Y [0] $procmux$1078_Y [0] $procmux$1078_Y [0] $procmux$1078_Y [0] $procmux$1078_Y [0] $procmux$1078_Y [0] $procmux$1078_Y [0] $procmux$1078_Y [0] $procmux$1078_Y [0] $procmux$1078_Y [0] $procmux$1078_Y [0] $procmux$1078_Y [0] $procmux$1078_Y [0] $procmux$1078_Y [0] $procmux$1078_Y [0] }
    Consolidated identical input bits for $mux cell $procmux$1075:
      Old ports: A=0, B=32'11111111111111111111111111111111, Y=$procmux$1075_Y
      New ports: A=1'0, B=1'1, Y=$procmux$1075_Y [0]
      New connections: $procmux$1075_Y [31:1] = { $procmux$1075_Y [0] $procmux$1075_Y [0] $procmux$1075_Y [0] $procmux$1075_Y [0] $procmux$1075_Y [0] $procmux$1075_Y [0] $procmux$1075_Y [0] $procmux$1075_Y [0] $procmux$1075_Y [0] $procmux$1075_Y [0] $procmux$1075_Y [0] $procmux$1075_Y [0] $procmux$1075_Y [0] $procmux$1075_Y [0] $procmux$1075_Y [0] $procmux$1075_Y [0] $procmux$1075_Y [0] $procmux$1075_Y [0] $procmux$1075_Y [0] $procmux$1075_Y [0] $procmux$1075_Y [0] $procmux$1075_Y [0] $procmux$1075_Y [0] $procmux$1075_Y [0] $procmux$1075_Y [0] $procmux$1075_Y [0] $procmux$1075_Y [0] $procmux$1075_Y [0] $procmux$1075_Y [0] $procmux$1075_Y [0] $procmux$1075_Y [0] }
    Consolidated identical input bits for $mux cell $procmux$1072:
      Old ports: A=0, B=32'11111111111111111111111111111111, Y=$procmux$1072_Y
      New ports: A=1'0, B=1'1, Y=$procmux$1072_Y [0]
      New connections: $procmux$1072_Y [31:1] = { $procmux$1072_Y [0] $procmux$1072_Y [0] $procmux$1072_Y [0] $procmux$1072_Y [0] $procmux$1072_Y [0] $procmux$1072_Y [0] $procmux$1072_Y [0] $procmux$1072_Y [0] $procmux$1072_Y [0] $procmux$1072_Y [0] $procmux$1072_Y [0] $procmux$1072_Y [0] $procmux$1072_Y [0] $procmux$1072_Y [0] $procmux$1072_Y [0] $procmux$1072_Y [0] $procmux$1072_Y [0] $procmux$1072_Y [0] $procmux$1072_Y [0] $procmux$1072_Y [0] $procmux$1072_Y [0] $procmux$1072_Y [0] $procmux$1072_Y [0] $procmux$1072_Y [0] $procmux$1072_Y [0] $procmux$1072_Y [0] $procmux$1072_Y [0] $procmux$1072_Y [0] $procmux$1072_Y [0] $procmux$1072_Y [0] $procmux$1072_Y [0] }
    Consolidated identical input bits for $mux cell $procmux$1069:
      Old ports: A=0, B=32'11111111111111111111111111111111, Y=$procmux$1069_Y
      New ports: A=1'0, B=1'1, Y=$procmux$1069_Y [0]
      New connections: $procmux$1069_Y [31:1] = { $procmux$1069_Y [0] $procmux$1069_Y [0] $procmux$1069_Y [0] $procmux$1069_Y [0] $procmux$1069_Y [0] $procmux$1069_Y [0] $procmux$1069_Y [0] $procmux$1069_Y [0] $procmux$1069_Y [0] $procmux$1069_Y [0] $procmux$1069_Y [0] $procmux$1069_Y [0] $procmux$1069_Y [0] $procmux$1069_Y [0] $procmux$1069_Y [0] $procmux$1069_Y [0] $procmux$1069_Y [0] $procmux$1069_Y [0] $procmux$1069_Y [0] $procmux$1069_Y [0] $procmux$1069_Y [0] $procmux$1069_Y [0] $procmux$1069_Y [0] $procmux$1069_Y [0] $procmux$1069_Y [0] $procmux$1069_Y [0] $procmux$1069_Y [0] $procmux$1069_Y [0] $procmux$1069_Y [0] $procmux$1069_Y [0] $procmux$1069_Y [0] }
    Consolidated identical input bits for $mux cell $procmux$1066:
      Old ports: A=0, B=32'11111111111111111111111111111111, Y=$procmux$1066_Y
      New ports: A=1'0, B=1'1, Y=$procmux$1066_Y [0]
      New connections: $procmux$1066_Y [31:1] = { $procmux$1066_Y [0] $procmux$1066_Y [0] $procmux$1066_Y [0] $procmux$1066_Y [0] $procmux$1066_Y [0] $procmux$1066_Y [0] $procmux$1066_Y [0] $procmux$1066_Y [0] $procmux$1066_Y [0] $procmux$1066_Y [0] $procmux$1066_Y [0] $procmux$1066_Y [0] $procmux$1066_Y [0] $procmux$1066_Y [0] $procmux$1066_Y [0] $procmux$1066_Y [0] $procmux$1066_Y [0] $procmux$1066_Y [0] $procmux$1066_Y [0] $procmux$1066_Y [0] $procmux$1066_Y [0] $procmux$1066_Y [0] $procmux$1066_Y [0] $procmux$1066_Y [0] $procmux$1066_Y [0] $procmux$1066_Y [0] $procmux$1066_Y [0] $procmux$1066_Y [0] $procmux$1066_Y [0] $procmux$1066_Y [0] $procmux$1066_Y [0] }
    Consolidated identical input bits for $mux cell $procmux$1063:
      Old ports: A=0, B=32'11111111111111111111111111111111, Y=$procmux$1063_Y
      New ports: A=1'0, B=1'1, Y=$procmux$1063_Y [0]
      New connections: $procmux$1063_Y [31:1] = { $procmux$1063_Y [0] $procmux$1063_Y [0] $procmux$1063_Y [0] $procmux$1063_Y [0] $procmux$1063_Y [0] $procmux$1063_Y [0] $procmux$1063_Y [0] $procmux$1063_Y [0] $procmux$1063_Y [0] $procmux$1063_Y [0] $procmux$1063_Y [0] $procmux$1063_Y [0] $procmux$1063_Y [0] $procmux$1063_Y [0] $procmux$1063_Y [0] $procmux$1063_Y [0] $procmux$1063_Y [0] $procmux$1063_Y [0] $procmux$1063_Y [0] $procmux$1063_Y [0] $procmux$1063_Y [0] $procmux$1063_Y [0] $procmux$1063_Y [0] $procmux$1063_Y [0] $procmux$1063_Y [0] $procmux$1063_Y [0] $procmux$1063_Y [0] $procmux$1063_Y [0] $procmux$1063_Y [0] $procmux$1063_Y [0] $procmux$1063_Y [0] }
    Consolidated identical input bits for $mux cell $procmux$1060:
      Old ports: A=0, B=32'11111111111111111111111111111111, Y=$procmux$1060_Y
      New ports: A=1'0, B=1'1, Y=$procmux$1060_Y [0]
      New connections: $procmux$1060_Y [31:1] = { $procmux$1060_Y [0] $procmux$1060_Y [0] $procmux$1060_Y [0] $procmux$1060_Y [0] $procmux$1060_Y [0] $procmux$1060_Y [0] $procmux$1060_Y [0] $procmux$1060_Y [0] $procmux$1060_Y [0] $procmux$1060_Y [0] $procmux$1060_Y [0] $procmux$1060_Y [0] $procmux$1060_Y [0] $procmux$1060_Y [0] $procmux$1060_Y [0] $procmux$1060_Y [0] $procmux$1060_Y [0] $procmux$1060_Y [0] $procmux$1060_Y [0] $procmux$1060_Y [0] $procmux$1060_Y [0] $procmux$1060_Y [0] $procmux$1060_Y [0] $procmux$1060_Y [0] $procmux$1060_Y [0] $procmux$1060_Y [0] $procmux$1060_Y [0] $procmux$1060_Y [0] $procmux$1060_Y [0] $procmux$1060_Y [0] $procmux$1060_Y [0] }
    Consolidated identical input bits for $mux cell $procmux$1057:
      Old ports: A=0, B=32'11111111111111111111111111111111, Y=$procmux$1057_Y
      New ports: A=1'0, B=1'1, Y=$procmux$1057_Y [0]
      New connections: $procmux$1057_Y [31:1] = { $procmux$1057_Y [0] $procmux$1057_Y [0] $procmux$1057_Y [0] $procmux$1057_Y [0] $procmux$1057_Y [0] $procmux$1057_Y [0] $procmux$1057_Y [0] $procmux$1057_Y [0] $procmux$1057_Y [0] $procmux$1057_Y [0] $procmux$1057_Y [0] $procmux$1057_Y [0] $procmux$1057_Y [0] $procmux$1057_Y [0] $procmux$1057_Y [0] $procmux$1057_Y [0] $procmux$1057_Y [0] $procmux$1057_Y [0] $procmux$1057_Y [0] $procmux$1057_Y [0] $procmux$1057_Y [0] $procmux$1057_Y [0] $procmux$1057_Y [0] $procmux$1057_Y [0] $procmux$1057_Y [0] $procmux$1057_Y [0] $procmux$1057_Y [0] $procmux$1057_Y [0] $procmux$1057_Y [0] $procmux$1057_Y [0] $procmux$1057_Y [0] }
    Consolidated identical input bits for $mux cell $procmux$1054:
      Old ports: A=0, B=32'11111111111111111111111111111111, Y=$procmux$1054_Y
      New ports: A=1'0, B=1'1, Y=$procmux$1054_Y [0]
      New connections: $procmux$1054_Y [31:1] = { $procmux$1054_Y [0] $procmux$1054_Y [0] $procmux$1054_Y [0] $procmux$1054_Y [0] $procmux$1054_Y [0] $procmux$1054_Y [0] $procmux$1054_Y [0] $procmux$1054_Y [0] $procmux$1054_Y [0] $procmux$1054_Y [0] $procmux$1054_Y [0] $procmux$1054_Y [0] $procmux$1054_Y [0] $procmux$1054_Y [0] $procmux$1054_Y [0] $procmux$1054_Y [0] $procmux$1054_Y [0] $procmux$1054_Y [0] $procmux$1054_Y [0] $procmux$1054_Y [0] $procmux$1054_Y [0] $procmux$1054_Y [0] $procmux$1054_Y [0] $procmux$1054_Y [0] $procmux$1054_Y [0] $procmux$1054_Y [0] $procmux$1054_Y [0] $procmux$1054_Y [0] $procmux$1054_Y [0] $procmux$1054_Y [0] $procmux$1054_Y [0] }
    Consolidated identical input bits for $mux cell $procmux$1051:
      Old ports: A=0, B=32'11111111111111111111111111111111, Y=$procmux$1051_Y
      New ports: A=1'0, B=1'1, Y=$procmux$1051_Y [0]
      New connections: $procmux$1051_Y [31:1] = { $procmux$1051_Y [0] $procmux$1051_Y [0] $procmux$1051_Y [0] $procmux$1051_Y [0] $procmux$1051_Y [0] $procmux$1051_Y [0] $procmux$1051_Y [0] $procmux$1051_Y [0] $procmux$1051_Y [0] $procmux$1051_Y [0] $procmux$1051_Y [0] $procmux$1051_Y [0] $procmux$1051_Y [0] $procmux$1051_Y [0] $procmux$1051_Y [0] $procmux$1051_Y [0] $procmux$1051_Y [0] $procmux$1051_Y [0] $procmux$1051_Y [0] $procmux$1051_Y [0] $procmux$1051_Y [0] $procmux$1051_Y [0] $procmux$1051_Y [0] $procmux$1051_Y [0] $procmux$1051_Y [0] $procmux$1051_Y [0] $procmux$1051_Y [0] $procmux$1051_Y [0] $procmux$1051_Y [0] $procmux$1051_Y [0] $procmux$1051_Y [0] }
    Consolidated identical input bits for $mux cell $procmux$1048:
      Old ports: A=0, B=32'11111111111111111111111111111111, Y=$procmux$1048_Y
      New ports: A=1'0, B=1'1, Y=$procmux$1048_Y [0]
      New connections: $procmux$1048_Y [31:1] = { $procmux$1048_Y [0] $procmux$1048_Y [0] $procmux$1048_Y [0] $procmux$1048_Y [0] $procmux$1048_Y [0] $procmux$1048_Y [0] $procmux$1048_Y [0] $procmux$1048_Y [0] $procmux$1048_Y [0] $procmux$1048_Y [0] $procmux$1048_Y [0] $procmux$1048_Y [0] $procmux$1048_Y [0] $procmux$1048_Y [0] $procmux$1048_Y [0] $procmux$1048_Y [0] $procmux$1048_Y [0] $procmux$1048_Y [0] $procmux$1048_Y [0] $procmux$1048_Y [0] $procmux$1048_Y [0] $procmux$1048_Y [0] $procmux$1048_Y [0] $procmux$1048_Y [0] $procmux$1048_Y [0] $procmux$1048_Y [0] $procmux$1048_Y [0] $procmux$1048_Y [0] $procmux$1048_Y [0] $procmux$1048_Y [0] $procmux$1048_Y [0] }
    Consolidated identical input bits for $mux cell $procmux$1045:
      Old ports: A=0, B=32'11111111111111111111111111111111, Y=$procmux$1045_Y
      New ports: A=1'0, B=1'1, Y=$procmux$1045_Y [0]
      New connections: $procmux$1045_Y [31:1] = { $procmux$1045_Y [0] $procmux$1045_Y [0] $procmux$1045_Y [0] $procmux$1045_Y [0] $procmux$1045_Y [0] $procmux$1045_Y [0] $procmux$1045_Y [0] $procmux$1045_Y [0] $procmux$1045_Y [0] $procmux$1045_Y [0] $procmux$1045_Y [0] $procmux$1045_Y [0] $procmux$1045_Y [0] $procmux$1045_Y [0] $procmux$1045_Y [0] $procmux$1045_Y [0] $procmux$1045_Y [0] $procmux$1045_Y [0] $procmux$1045_Y [0] $procmux$1045_Y [0] $procmux$1045_Y [0] $procmux$1045_Y [0] $procmux$1045_Y [0] $procmux$1045_Y [0] $procmux$1045_Y [0] $procmux$1045_Y [0] $procmux$1045_Y [0] $procmux$1045_Y [0] $procmux$1045_Y [0] $procmux$1045_Y [0] $procmux$1045_Y [0] }
    Consolidated identical input bits for $mux cell $procmux$1042:
      Old ports: A=0, B=32'11111111111111111111111111111111, Y=$procmux$1042_Y
      New ports: A=1'0, B=1'1, Y=$procmux$1042_Y [0]
      New connections: $procmux$1042_Y [31:1] = { $procmux$1042_Y [0] $procmux$1042_Y [0] $procmux$1042_Y [0] $procmux$1042_Y [0] $procmux$1042_Y [0] $procmux$1042_Y [0] $procmux$1042_Y [0] $procmux$1042_Y [0] $procmux$1042_Y [0] $procmux$1042_Y [0] $procmux$1042_Y [0] $procmux$1042_Y [0] $procmux$1042_Y [0] $procmux$1042_Y [0] $procmux$1042_Y [0] $procmux$1042_Y [0] $procmux$1042_Y [0] $procmux$1042_Y [0] $procmux$1042_Y [0] $procmux$1042_Y [0] $procmux$1042_Y [0] $procmux$1042_Y [0] $procmux$1042_Y [0] $procmux$1042_Y [0] $procmux$1042_Y [0] $procmux$1042_Y [0] $procmux$1042_Y [0] $procmux$1042_Y [0] $procmux$1042_Y [0] $procmux$1042_Y [0] $procmux$1042_Y [0] }
    Consolidated identical input bits for $mux cell $procmux$1039:
      Old ports: A=0, B=32'11111111111111111111111111111111, Y=$procmux$1039_Y
      New ports: A=1'0, B=1'1, Y=$procmux$1039_Y [0]
      New connections: $procmux$1039_Y [31:1] = { $procmux$1039_Y [0] $procmux$1039_Y [0] $procmux$1039_Y [0] $procmux$1039_Y [0] $procmux$1039_Y [0] $procmux$1039_Y [0] $procmux$1039_Y [0] $procmux$1039_Y [0] $procmux$1039_Y [0] $procmux$1039_Y [0] $procmux$1039_Y [0] $procmux$1039_Y [0] $procmux$1039_Y [0] $procmux$1039_Y [0] $procmux$1039_Y [0] $procmux$1039_Y [0] $procmux$1039_Y [0] $procmux$1039_Y [0] $procmux$1039_Y [0] $procmux$1039_Y [0] $procmux$1039_Y [0] $procmux$1039_Y [0] $procmux$1039_Y [0] $procmux$1039_Y [0] $procmux$1039_Y [0] $procmux$1039_Y [0] $procmux$1039_Y [0] $procmux$1039_Y [0] $procmux$1039_Y [0] $procmux$1039_Y [0] $procmux$1039_Y [0] }
    Consolidated identical input bits for $mux cell $procmux$1036:
      Old ports: A=0, B=32'11111111111111111111111111111111, Y=$procmux$1036_Y
      New ports: A=1'0, B=1'1, Y=$procmux$1036_Y [0]
      New connections: $procmux$1036_Y [31:1] = { $procmux$1036_Y [0] $procmux$1036_Y [0] $procmux$1036_Y [0] $procmux$1036_Y [0] $procmux$1036_Y [0] $procmux$1036_Y [0] $procmux$1036_Y [0] $procmux$1036_Y [0] $procmux$1036_Y [0] $procmux$1036_Y [0] $procmux$1036_Y [0] $procmux$1036_Y [0] $procmux$1036_Y [0] $procmux$1036_Y [0] $procmux$1036_Y [0] $procmux$1036_Y [0] $procmux$1036_Y [0] $procmux$1036_Y [0] $procmux$1036_Y [0] $procmux$1036_Y [0] $procmux$1036_Y [0] $procmux$1036_Y [0] $procmux$1036_Y [0] $procmux$1036_Y [0] $procmux$1036_Y [0] $procmux$1036_Y [0] $procmux$1036_Y [0] $procmux$1036_Y [0] $procmux$1036_Y [0] $procmux$1036_Y [0] $procmux$1036_Y [0] }
    Consolidated identical input bits for $mux cell $procmux$1033:
      Old ports: A=0, B=32'11111111111111111111111111111111, Y=$procmux$1033_Y
      New ports: A=1'0, B=1'1, Y=$procmux$1033_Y [0]
      New connections: $procmux$1033_Y [31:1] = { $procmux$1033_Y [0] $procmux$1033_Y [0] $procmux$1033_Y [0] $procmux$1033_Y [0] $procmux$1033_Y [0] $procmux$1033_Y [0] $procmux$1033_Y [0] $procmux$1033_Y [0] $procmux$1033_Y [0] $procmux$1033_Y [0] $procmux$1033_Y [0] $procmux$1033_Y [0] $procmux$1033_Y [0] $procmux$1033_Y [0] $procmux$1033_Y [0] $procmux$1033_Y [0] $procmux$1033_Y [0] $procmux$1033_Y [0] $procmux$1033_Y [0] $procmux$1033_Y [0] $procmux$1033_Y [0] $procmux$1033_Y [0] $procmux$1033_Y [0] $procmux$1033_Y [0] $procmux$1033_Y [0] $procmux$1033_Y [0] $procmux$1033_Y [0] $procmux$1033_Y [0] $procmux$1033_Y [0] $procmux$1033_Y [0] $procmux$1033_Y [0] }
    Consolidated identical input bits for $mux cell $procmux$1030:
      Old ports: A=0, B=32'11111111111111111111111111111111, Y=$procmux$1030_Y
      New ports: A=1'0, B=1'1, Y=$procmux$1030_Y [0]
      New connections: $procmux$1030_Y [31:1] = { $procmux$1030_Y [0] $procmux$1030_Y [0] $procmux$1030_Y [0] $procmux$1030_Y [0] $procmux$1030_Y [0] $procmux$1030_Y [0] $procmux$1030_Y [0] $procmux$1030_Y [0] $procmux$1030_Y [0] $procmux$1030_Y [0] $procmux$1030_Y [0] $procmux$1030_Y [0] $procmux$1030_Y [0] $procmux$1030_Y [0] $procmux$1030_Y [0] $procmux$1030_Y [0] $procmux$1030_Y [0] $procmux$1030_Y [0] $procmux$1030_Y [0] $procmux$1030_Y [0] $procmux$1030_Y [0] $procmux$1030_Y [0] $procmux$1030_Y [0] $procmux$1030_Y [0] $procmux$1030_Y [0] $procmux$1030_Y [0] $procmux$1030_Y [0] $procmux$1030_Y [0] $procmux$1030_Y [0] $procmux$1030_Y [0] $procmux$1030_Y [0] }
    Consolidated identical input bits for $mux cell $procmux$1027:
      Old ports: A=0, B=32'11111111111111111111111111111111, Y=$procmux$1027_Y
      New ports: A=1'0, B=1'1, Y=$procmux$1027_Y [0]
      New connections: $procmux$1027_Y [31:1] = { $procmux$1027_Y [0] $procmux$1027_Y [0] $procmux$1027_Y [0] $procmux$1027_Y [0] $procmux$1027_Y [0] $procmux$1027_Y [0] $procmux$1027_Y [0] $procmux$1027_Y [0] $procmux$1027_Y [0] $procmux$1027_Y [0] $procmux$1027_Y [0] $procmux$1027_Y [0] $procmux$1027_Y [0] $procmux$1027_Y [0] $procmux$1027_Y [0] $procmux$1027_Y [0] $procmux$1027_Y [0] $procmux$1027_Y [0] $procmux$1027_Y [0] $procmux$1027_Y [0] $procmux$1027_Y [0] $procmux$1027_Y [0] $procmux$1027_Y [0] $procmux$1027_Y [0] $procmux$1027_Y [0] $procmux$1027_Y [0] $procmux$1027_Y [0] $procmux$1027_Y [0] $procmux$1027_Y [0] $procmux$1027_Y [0] $procmux$1027_Y [0] }
    Consolidated identical input bits for $mux cell $procmux$1024:
      Old ports: A=0, B=32'11111111111111111111111111111111, Y=$procmux$1024_Y
      New ports: A=1'0, B=1'1, Y=$procmux$1024_Y [0]
      New connections: $procmux$1024_Y [31:1] = { $procmux$1024_Y [0] $procmux$1024_Y [0] $procmux$1024_Y [0] $procmux$1024_Y [0] $procmux$1024_Y [0] $procmux$1024_Y [0] $procmux$1024_Y [0] $procmux$1024_Y [0] $procmux$1024_Y [0] $procmux$1024_Y [0] $procmux$1024_Y [0] $procmux$1024_Y [0] $procmux$1024_Y [0] $procmux$1024_Y [0] $procmux$1024_Y [0] $procmux$1024_Y [0] $procmux$1024_Y [0] $procmux$1024_Y [0] $procmux$1024_Y [0] $procmux$1024_Y [0] $procmux$1024_Y [0] $procmux$1024_Y [0] $procmux$1024_Y [0] $procmux$1024_Y [0] $procmux$1024_Y [0] $procmux$1024_Y [0] $procmux$1024_Y [0] $procmux$1024_Y [0] $procmux$1024_Y [0] $procmux$1024_Y [0] $procmux$1024_Y [0] }
    Consolidated identical input bits for $mux cell $procmux$1021:
      Old ports: A=0, B=32'11111111111111111111111111111111, Y=$procmux$1021_Y
      New ports: A=1'0, B=1'1, Y=$procmux$1021_Y [0]
      New connections: $procmux$1021_Y [31:1] = { $procmux$1021_Y [0] $procmux$1021_Y [0] $procmux$1021_Y [0] $procmux$1021_Y [0] $procmux$1021_Y [0] $procmux$1021_Y [0] $procmux$1021_Y [0] $procmux$1021_Y [0] $procmux$1021_Y [0] $procmux$1021_Y [0] $procmux$1021_Y [0] $procmux$1021_Y [0] $procmux$1021_Y [0] $procmux$1021_Y [0] $procmux$1021_Y [0] $procmux$1021_Y [0] $procmux$1021_Y [0] $procmux$1021_Y [0] $procmux$1021_Y [0] $procmux$1021_Y [0] $procmux$1021_Y [0] $procmux$1021_Y [0] $procmux$1021_Y [0] $procmux$1021_Y [0] $procmux$1021_Y [0] $procmux$1021_Y [0] $procmux$1021_Y [0] $procmux$1021_Y [0] $procmux$1021_Y [0] $procmux$1021_Y [0] $procmux$1021_Y [0] }
    Consolidated identical input bits for $mux cell $procmux$1018:
      Old ports: A=0, B=32'11111111111111111111111111111111, Y=$procmux$1018_Y
      New ports: A=1'0, B=1'1, Y=$procmux$1018_Y [0]
      New connections: $procmux$1018_Y [31:1] = { $procmux$1018_Y [0] $procmux$1018_Y [0] $procmux$1018_Y [0] $procmux$1018_Y [0] $procmux$1018_Y [0] $procmux$1018_Y [0] $procmux$1018_Y [0] $procmux$1018_Y [0] $procmux$1018_Y [0] $procmux$1018_Y [0] $procmux$1018_Y [0] $procmux$1018_Y [0] $procmux$1018_Y [0] $procmux$1018_Y [0] $procmux$1018_Y [0] $procmux$1018_Y [0] $procmux$1018_Y [0] $procmux$1018_Y [0] $procmux$1018_Y [0] $procmux$1018_Y [0] $procmux$1018_Y [0] $procmux$1018_Y [0] $procmux$1018_Y [0] $procmux$1018_Y [0] $procmux$1018_Y [0] $procmux$1018_Y [0] $procmux$1018_Y [0] $procmux$1018_Y [0] $procmux$1018_Y [0] $procmux$1018_Y [0] $procmux$1018_Y [0] }
    Consolidated identical input bits for $mux cell $procmux$1012:
      Old ports: A=0, B=32'11111111111111111111111111111111, Y=$procmux$1012_Y
      New ports: A=1'0, B=1'1, Y=$procmux$1012_Y [0]
      New connections: $procmux$1012_Y [31:1] = { $procmux$1012_Y [0] $procmux$1012_Y [0] $procmux$1012_Y [0] $procmux$1012_Y [0] $procmux$1012_Y [0] $procmux$1012_Y [0] $procmux$1012_Y [0] $procmux$1012_Y [0] $procmux$1012_Y [0] $procmux$1012_Y [0] $procmux$1012_Y [0] $procmux$1012_Y [0] $procmux$1012_Y [0] $procmux$1012_Y [0] $procmux$1012_Y [0] $procmux$1012_Y [0] $procmux$1012_Y [0] $procmux$1012_Y [0] $procmux$1012_Y [0] $procmux$1012_Y [0] $procmux$1012_Y [0] $procmux$1012_Y [0] $procmux$1012_Y [0] $procmux$1012_Y [0] $procmux$1012_Y [0] $procmux$1012_Y [0] $procmux$1012_Y [0] $procmux$1012_Y [0] $procmux$1012_Y [0] $procmux$1012_Y [0] $procmux$1012_Y [0] }
    Consolidated identical input bits for $mux cell $procmux$994:
      Old ports: A=0, B=32'11111111111111111111111111111111, Y=$procmux$994_Y
      New ports: A=1'0, B=1'1, Y=$procmux$994_Y [0]
      New connections: $procmux$994_Y [31:1] = { $procmux$994_Y [0] $procmux$994_Y [0] $procmux$994_Y [0] $procmux$994_Y [0] $procmux$994_Y [0] $procmux$994_Y [0] $procmux$994_Y [0] $procmux$994_Y [0] $procmux$994_Y [0] $procmux$994_Y [0] $procmux$994_Y [0] $procmux$994_Y [0] $procmux$994_Y [0] $procmux$994_Y [0] $procmux$994_Y [0] $procmux$994_Y [0] $procmux$994_Y [0] $procmux$994_Y [0] $procmux$994_Y [0] $procmux$994_Y [0] $procmux$994_Y [0] $procmux$994_Y [0] $procmux$994_Y [0] $procmux$994_Y [0] $procmux$994_Y [0] $procmux$994_Y [0] $procmux$994_Y [0] $procmux$994_Y [0] $procmux$994_Y [0] $procmux$994_Y [0] $procmux$994_Y [0] }
  Optimizing cells in module $paramod\register_file\DWIDTH=s32'00000000000000000000000000100000.
    Consolidated identical input bits for $mux cell $procmux$1114:
      Old ports: A=$2$memwr$\x$code/register_file.sv:54$433_EN[31:0]$513, B=0, Y=$procmux$1114_Y
      New ports: A=$procmux$994_Y [0], B=1'0, Y=$procmux$1114_Y [0]
      New connections: $procmux$1114_Y [31:1] = { $procmux$1114_Y [0] $procmux$1114_Y [0] $procmux$1114_Y [0] $procmux$1114_Y [0] $procmux$1114_Y [0] $procmux$1114_Y [0] $procmux$1114_Y [0] $procmux$1114_Y [0] $procmux$1114_Y [0] $procmux$1114_Y [0] $procmux$1114_Y [0] $procmux$1114_Y [0] $procmux$1114_Y [0] $procmux$1114_Y [0] $procmux$1114_Y [0] $procmux$1114_Y [0] $procmux$1114_Y [0] $procmux$1114_Y [0] $procmux$1114_Y [0] $procmux$1114_Y [0] $procmux$1114_Y [0] $procmux$1114_Y [0] $procmux$1114_Y [0] $procmux$1114_Y [0] $procmux$1114_Y [0] $procmux$1114_Y [0] $procmux$1114_Y [0] $procmux$1114_Y [0] $procmux$1114_Y [0] $procmux$1114_Y [0] $procmux$1114_Y [0] }
  Optimizing cells in module $paramod\register_file\DWIDTH=s32'00000000000000000000000000100000.
  Optimizing cells in module $paramod$601c9edda80f283a73a87bf3095d4d13f490358d\memory_controller.
  Optimizing cells in module $paramod$72aa32f6215a5e7f33ea8e69cece12e4d4e95dbe\main_memory.
    Consolidated identical input bits for $mux cell $procmux$1230:
      Old ports: A=0, B=255, Y=$procmux$1230_Y
      New ports: A=1'0, B=1'1, Y=$procmux$1230_Y [0]
      New connections: $procmux$1230_Y [31:1] = { 24'000000000000000000000000 $procmux$1230_Y [0] $procmux$1230_Y [0] $procmux$1230_Y [0] $procmux$1230_Y [0] $procmux$1230_Y [0] $procmux$1230_Y [0] $procmux$1230_Y [0] }
    Consolidated identical input bits for $mux cell $procmux$1212:
      Old ports: A=0, B=65280, Y=$procmux$1212_Y
      New ports: A=1'0, B=1'1, Y=$procmux$1212_Y [8]
      New connections: { $procmux$1212_Y [31:9] $procmux$1212_Y [7:0] } = { 16'0000000000000000 $procmux$1212_Y [8] $procmux$1212_Y [8] $procmux$1212_Y [8] $procmux$1212_Y [8] $procmux$1212_Y [8] $procmux$1212_Y [8] $procmux$1212_Y [8] 8'00000000 }
    Consolidated identical input bits for $mux cell $procmux$1194:
      Old ports: A=0, B=16711680, Y=$procmux$1194_Y
      New ports: A=1'0, B=1'1, Y=$procmux$1194_Y [16]
      New connections: { $procmux$1194_Y [31:17] $procmux$1194_Y [15:0] } = { 8'00000000 $procmux$1194_Y [16] $procmux$1194_Y [16] $procmux$1194_Y [16] $procmux$1194_Y [16] $procmux$1194_Y [16] $procmux$1194_Y [16] $procmux$1194_Y [16] 16'0000000000000000 }
    Consolidated identical input bits for $mux cell $procmux$1176:
      Old ports: A=0, B=32'11111111000000000000000000000000, Y=$procmux$1176_Y
      New ports: A=1'0, B=1'1, Y=$procmux$1176_Y [24]
      New connections: { $procmux$1176_Y [31:25] $procmux$1176_Y [23:0] } = { $procmux$1176_Y [24] $procmux$1176_Y [24] $procmux$1176_Y [24] $procmux$1176_Y [24] $procmux$1176_Y [24] $procmux$1176_Y [24] $procmux$1176_Y [24] 24'000000000000000000000000 }
  Optimizing cells in module $paramod$72aa32f6215a5e7f33ea8e69cece12e4d4e95dbe\main_memory.
    Consolidated identical input bits for $mux cell $procmux$1277:
      Old ports: A=0, B=$2$memwr$\main_memory$code/main_memory.sv:144$338_EN[31:0]$382, Y=$procmux$1277_Y
      New ports: A=1'0, B=$procmux$1230_Y [0], Y=$procmux$1277_Y [0]
      New connections: $procmux$1277_Y [31:1] = { 24'000000000000000000000000 $procmux$1277_Y [0] $procmux$1277_Y [0] $procmux$1277_Y [0] $procmux$1277_Y [0] $procmux$1277_Y [0] $procmux$1277_Y [0] $procmux$1277_Y [0] }
    Consolidated identical input bits for $mux cell $procmux$1268:
      Old ports: A=0, B=$2$memwr$\main_memory$code/main_memory.sv:144$339_EN[31:0]$385, Y=$procmux$1268_Y
      New ports: A=1'0, B=$procmux$1212_Y [8], Y=$procmux$1268_Y [8]
      New connections: { $procmux$1268_Y [31:9] $procmux$1268_Y [7:0] } = { 16'0000000000000000 $procmux$1268_Y [8] $procmux$1268_Y [8] $procmux$1268_Y [8] $procmux$1268_Y [8] $procmux$1268_Y [8] $procmux$1268_Y [8] $procmux$1268_Y [8] 8'00000000 }
    Consolidated identical input bits for $mux cell $procmux$1259:
      Old ports: A=0, B=$2$memwr$\main_memory$code/main_memory.sv:144$340_EN[31:0]$388, Y=$procmux$1259_Y
      New ports: A=1'0, B=$procmux$1194_Y [16], Y=$procmux$1259_Y [16]
      New connections: { $procmux$1259_Y [31:17] $procmux$1259_Y [15:0] } = { 8'00000000 $procmux$1259_Y [16] $procmux$1259_Y [16] $procmux$1259_Y [16] $procmux$1259_Y [16] $procmux$1259_Y [16] $procmux$1259_Y [16] $procmux$1259_Y [16] 16'0000000000000000 }
    Consolidated identical input bits for $mux cell $procmux$1250:
      Old ports: A=0, B=$2$memwr$\main_memory$code/main_memory.sv:144$341_EN[31:0]$391, Y=$procmux$1250_Y
      New ports: A=1'0, B=$procmux$1176_Y [24], Y=$procmux$1250_Y [24]
      New connections: { $procmux$1250_Y [31:25] $procmux$1250_Y [23:0] } = { $procmux$1250_Y [24] $procmux$1250_Y [24] $procmux$1250_Y [24] $procmux$1250_Y [24] $procmux$1250_Y [24] $procmux$1250_Y [24] $procmux$1250_Y [24] 24'000000000000000000000000 }
  Optimizing cells in module $paramod$72aa32f6215a5e7f33ea8e69cece12e4d4e95dbe\main_memory.
  Optimizing cells in module $paramod\branch_control\DWIDTH=s32'00000000000000000000000000100000.
Performed a total of 51 changes.

yosys> opt_merge

20.5. Executing OPT_MERGE pass (detect identical cells).
Finding identical cells in module `$paramod$c62f8a9f84677eaf1c2389a0b378e75c721b2371\fetch'.
Computing hashes of 6 cells of `$paramod$c62f8a9f84677eaf1c2389a0b378e75c721b2371\fetch'.
Finding duplicate cells in `$paramod$c62f8a9f84677eaf1c2389a0b378e75c721b2371\fetch'.
Finding identical cells in module `\control_pipeline'.
Computing hashes of 12 cells of `\control_pipeline'.
Finding duplicate cells in `\control_pipeline'.
Finding identical cells in module `\hazard_detection_unit'.
Computing hashes of 6 cells of `\hazard_detection_unit'.
Finding duplicate cells in `\hazard_detection_unit'.
Finding identical cells in module `\forwarding_unit'.
Computing hashes of 16 cells of `\forwarding_unit'.
Finding duplicate cells in `\forwarding_unit'.
Finding identical cells in module `\rv_core'.
Computing hashes of 119 cells of `\rv_core'.
Finding duplicate cells in `\rv_core'.
Finding identical cells in module `\stall_flush_logic'.
Computing hashes of 5 cells of `\stall_flush_logic'.
Finding duplicate cells in `\stall_flush_logic'.
Finding identical cells in module `$paramod$92ddabe66900a618ce68df6d5562d493b291abf4\decode'.
Computing hashes of 19 cells of `$paramod$92ddabe66900a618ce68df6d5562d493b291abf4\decode'.
Finding duplicate cells in `$paramod$92ddabe66900a618ce68df6d5562d493b291abf4\decode'.
Finding identical cells in module `$paramod\igen\DWIDTH=s32'00000000000000000000000000100000'.
Computing hashes of 11 cells of `$paramod\igen\DWIDTH=s32'00000000000000000000000000100000'.
Finding duplicate cells in `$paramod\igen\DWIDTH=s32'00000000000000000000000000100000'.
Finding identical cells in module `$paramod\control\DWIDTH=s32'00000000000000000000000000100000'.
Computing hashes of 39 cells of `$paramod\control\DWIDTH=s32'00000000000000000000000000100000'.
Finding duplicate cells in `$paramod\control\DWIDTH=s32'00000000000000000000000000100000'.
Computing hashes of 36 cells of `$paramod\control\DWIDTH=s32'00000000000000000000000000100000'.
Finding duplicate cells in `$paramod\control\DWIDTH=s32'00000000000000000000000000100000'.
Computing hashes of 35 cells of `$paramod\control\DWIDTH=s32'00000000000000000000000000100000'.
Finding duplicate cells in `$paramod\control\DWIDTH=s32'00000000000000000000000000100000'.
<suppressed ~12 debug messages>
Finding identical cells in module `$paramod$92ddabe66900a618ce68df6d5562d493b291abf4\alu'.
Computing hashes of 41 cells of `$paramod$92ddabe66900a618ce68df6d5562d493b291abf4\alu'.
Finding duplicate cells in `$paramod$92ddabe66900a618ce68df6d5562d493b291abf4\alu'.
Finding identical cells in module `$paramod$601c9edda80f283a73a87bf3095d4d13f490358d\memory'.
Computing hashes of 2 cells of `$paramod$601c9edda80f283a73a87bf3095d4d13f490358d\memory'.
Finding duplicate cells in `$paramod$601c9edda80f283a73a87bf3095d4d13f490358d\memory'.
Finding identical cells in module `$paramod$92ddabe66900a618ce68df6d5562d493b291abf4\writeback'.
Computing hashes of 6 cells of `$paramod$92ddabe66900a618ce68df6d5562d493b291abf4\writeback'.
Finding duplicate cells in `$paramod$92ddabe66900a618ce68df6d5562d493b291abf4\writeback'.
Finding identical cells in module `$paramod\register_file\DWIDTH=s32'00000000000000000000000000100000'.
Computing hashes of 115 cells of `$paramod\register_file\DWIDTH=s32'00000000000000000000000000100000'.
Finding duplicate cells in `$paramod\register_file\DWIDTH=s32'00000000000000000000000000100000'.
Computing hashes of 83 cells of `$paramod\register_file\DWIDTH=s32'00000000000000000000000000100000'.
Finding duplicate cells in `$paramod\register_file\DWIDTH=s32'00000000000000000000000000100000'.
Computing hashes of 51 cells of `$paramod\register_file\DWIDTH=s32'00000000000000000000000000100000'.
Finding duplicate cells in `$paramod\register_file\DWIDTH=s32'00000000000000000000000000100000'.
<suppressed ~192 debug messages>
Finding identical cells in module `$paramod$601c9edda80f283a73a87bf3095d4d13f490358d\memory_controller'.
Computing hashes of 17 cells of `$paramod$601c9edda80f283a73a87bf3095d4d13f490358d\memory_controller'.
Finding duplicate cells in `$paramod$601c9edda80f283a73a87bf3095d4d13f490358d\memory_controller'.
Finding identical cells in module `$paramod$72aa32f6215a5e7f33ea8e69cece12e4d4e95dbe\main_memory'.
Computing hashes of 54 cells of `$paramod$72aa32f6215a5e7f33ea8e69cece12e4d4e95dbe\main_memory'.
Finding duplicate cells in `$paramod$72aa32f6215a5e7f33ea8e69cece12e4d4e95dbe\main_memory'.
Finding identical cells in module `$paramod\branch_control\DWIDTH=s32'00000000000000000000000000100000'.
Computing hashes of 17 cells of `$paramod\branch_control\DWIDTH=s32'00000000000000000000000000100000'.
Finding duplicate cells in `$paramod\branch_control\DWIDTH=s32'00000000000000000000000000100000'.
Removed a total of 68 cells.

yosys> opt_dff

20.6. Executing OPT_DFF pass (perform DFF optimizations).
Adding SRST signal on $procdff$1324 ($dff) from module $paramod$c62f8a9f84677eaf1c2389a0b378e75c721b2371\fetch (D = $procmux$613_Y, Q = \pc, rval = 16777216).
Adding EN signal on $auto$ff.cc:337:slice$1456 ($sdff) from module $paramod$c62f8a9f84677eaf1c2389a0b378e75c721b2371\fetch (D = $procmux$611_Y, Q = \pc).
Adding SRST signal on $procdff$1325 ($dff) from module control_pipeline (D = $procmux$634_Y, Q = \x_ctrl, rval = 13'0000000000000).
Adding EN signal on $auto$ff.cc:337:slice$1458 ($sdff) from module control_pipeline (D = \d_ctrl, Q = \x_ctrl).
Adding SRST signal on $procdff$1326 ($dff) from module control_pipeline (D = $procmux$626_Y, Q = \m_ctrl, rval = 13'0000000000000).
Adding EN signal on $auto$ff.cc:337:slice$1462 ($sdff) from module control_pipeline (D = \x_ctrl, Q = \m_ctrl).
Adding SRST signal on $procdff$1327 ($dff) from module control_pipeline (D = $procmux$618_Y, Q = \w_ctrl, rval = 13'0000000000000).
Adding EN signal on $auto$ff.cc:337:slice$1466 ($sdff) from module control_pipeline (D = \m_ctrl, Q = \w_ctrl).
Adding SRST signal on $procdff$1348 ($dff) from module rv_core (D = $procmux$801_Y, Q = \if_id_pc, rval = 0).
Adding EN signal on $auto$ff.cc:337:slice$1470 ($sdff) from module rv_core (D = \pc, Q = \if_id_pc).
Adding SRST signal on $procdff$1346 ($dff) from module rv_core (D = $procmux$761_Y, Q = \id_ex_rs2, rval = 5'00000).
Adding EN signal on $auto$ff.cc:337:slice$1472 ($sdff) from module rv_core (D = \d_rs2, Q = \id_ex_rs2).
Adding SRST signal on $procdff$1349 ($dff) from module rv_core (D = $procmux$796_Y, Q = \if_id_insn, rval = 19).
Adding EN signal on $auto$ff.cc:337:slice$1474 ($sdff) from module rv_core (D = \f_insn, Q = \if_id_insn).
Adding SRST signal on $procdff$1347 ($dff) from module rv_core (D = $procmux$756_Y, Q = \id_ex_rd, rval = 5'00000).
Adding EN signal on $auto$ff.cc:337:slice$1476 ($sdff) from module rv_core (D = \d_rd, Q = \id_ex_rd).
Adding SRST signal on $procdff$1328 ($dff) from module rv_core (D = $procmux$692_Y, Q = \mem_wb_pc, rval = 0).
Adding EN signal on $auto$ff.cc:337:slice$1478 ($sdff) from module rv_core (D = \ex_mem_pc, Q = \mem_wb_pc).
Adding SRST signal on $procdff$1329 ($dff) from module rv_core (D = $procmux$684_Y, Q = \mem_wb_result, rval = 0).
Adding EN signal on $auto$ff.cc:337:slice$1482 ($sdff) from module rv_core (D = \ex_mem_result, Q = \mem_wb_result).
Adding SRST signal on $procdff$1330 ($dff) from module rv_core (D = $procmux$676_Y, Q = \mem_wb_load_data, rval = 0).
Adding EN signal on $auto$ff.cc:337:slice$1486 ($sdff) from module rv_core (D = \m_data_o, Q = \mem_wb_load_data).
Adding SRST signal on $procdff$1331 ($dff) from module rv_core (D = $procmux$668_Y, Q = \mem_wb_imm, rval = 0).
Adding EN signal on $auto$ff.cc:337:slice$1490 ($sdff) from module rv_core (D = \ex_mem_imm, Q = \mem_wb_imm).
Adding SRST signal on $procdff$1332 ($dff) from module rv_core (D = $procmux$660_Y, Q = \mem_wb_rd, rval = 5'00000).
Adding EN signal on $auto$ff.cc:337:slice$1494 ($sdff) from module rv_core (D = \ex_mem_rd, Q = \mem_wb_rd).
Adding SRST signal on $procdff$1333 ($dff) from module rv_core (D = $procmux$748_Y, Q = \ex_mem_pc, rval = 0).
Adding EN signal on $auto$ff.cc:337:slice$1498 ($sdff) from module rv_core (D = \id_ex_pc, Q = \ex_mem_pc).
Adding SRST signal on $procdff$1334 ($dff) from module rv_core (D = $procmux$740_Y, Q = \ex_mem_insn, rval = 19).
Adding EN signal on $auto$ff.cc:337:slice$1502 ($sdff) from module rv_core (D = \id_ex_insn, Q = \ex_mem_insn).
Adding SRST signal on $procdff$1335 ($dff) from module rv_core (D = $procmux$732_Y, Q = \ex_mem_result, rval = 0).
Adding EN signal on $auto$ff.cc:337:slice$1506 ($sdff) from module rv_core (D = \e_res, Q = \ex_mem_result).
Adding SRST signal on $procdff$1336 ($dff) from module rv_core (D = $procmux$724_Y, Q = \ex_mem_store_data, rval = 0).
Adding EN signal on $auto$ff.cc:337:slice$1510 ($sdff) from module rv_core (D = \e_rs2data, Q = \ex_mem_store_data).
Adding SRST signal on $procdff$1337 ($dff) from module rv_core (D = $procmux$716_Y, Q = \ex_mem_imm, rval = 0).
Adding EN signal on $auto$ff.cc:337:slice$1514 ($sdff) from module rv_core (D = \id_ex_imm, Q = \ex_mem_imm).
Adding SRST signal on $procdff$1338 ($dff) from module rv_core (D = $procmux$708_Y, Q = \ex_mem_rs2, rval = 5'00000).
Adding EN signal on $auto$ff.cc:337:slice$1518 ($sdff) from module rv_core (D = \id_ex_rs2, Q = \ex_mem_rs2).
Adding SRST signal on $procdff$1339 ($dff) from module rv_core (D = $procmux$700_Y, Q = \ex_mem_rd, rval = 5'00000).
Adding EN signal on $auto$ff.cc:337:slice$1522 ($sdff) from module rv_core (D = \id_ex_rd, Q = \ex_mem_rd).
Adding SRST signal on $procdff$1340 ($dff) from module rv_core (D = $procmux$791_Y, Q = \id_ex_pc, rval = 0).
Adding EN signal on $auto$ff.cc:337:slice$1526 ($sdff) from module rv_core (D = \if_id_pc, Q = \id_ex_pc).
Adding SRST signal on $procdff$1341 ($dff) from module rv_core (D = $procmux$786_Y, Q = \id_ex_insn, rval = 19).
Adding EN signal on $auto$ff.cc:337:slice$1528 ($sdff) from module rv_core (D = \if_id_insn, Q = \id_ex_insn).
Adding SRST signal on $procdff$1342 ($dff) from module rv_core (D = $procmux$781_Y, Q = \id_ex_rs1data, rval = 0).
Adding EN signal on $auto$ff.cc:337:slice$1530 ($sdff) from module rv_core (D = $ternary$code/rv_core.sv:381$595_Y, Q = \id_ex_rs1data).
Adding SRST signal on $procdff$1343 ($dff) from module rv_core (D = $procmux$776_Y, Q = \id_ex_rs2data, rval = 0).
Adding EN signal on $auto$ff.cc:337:slice$1532 ($sdff) from module rv_core (D = $ternary$code/rv_core.sv:383$600_Y, Q = \id_ex_rs2data).
Adding SRST signal on $procdff$1344 ($dff) from module rv_core (D = $procmux$771_Y, Q = \id_ex_imm, rval = 0).
Adding EN signal on $auto$ff.cc:337:slice$1534 ($sdff) from module rv_core (D = \igen_imm, Q = \id_ex_imm).
Adding SRST signal on $procdff$1345 ($dff) from module rv_core (D = $procmux$766_Y, Q = \id_ex_rs1, rval = 5'00000).
Adding EN signal on $auto$ff.cc:337:slice$1536 ($sdff) from module rv_core (D = \d_rs1, Q = \id_ex_rs1).
Adding EN signal on $procdff$1350 ($dff) from module $paramod\register_file\DWIDTH=s32'00000000000000000000000000100000 (D = 32, Q = $fordecl_block$138.i).
Setting constant 0-bit at position 0 on $auto$ff.cc:337:slice$1538 ($dffe) from module $paramod\register_file\DWIDTH=s32'00000000000000000000000000100000.
Setting constant 0-bit at position 1 on $auto$ff.cc:337:slice$1538 ($dffe) from module $paramod\register_file\DWIDTH=s32'00000000000000000000000000100000.
Setting constant 0-bit at position 2 on $auto$ff.cc:337:slice$1538 ($dffe) from module $paramod\register_file\DWIDTH=s32'00000000000000000000000000100000.
Setting constant 0-bit at position 3 on $auto$ff.cc:337:slice$1538 ($dffe) from module $paramod\register_file\DWIDTH=s32'00000000000000000000000000100000.
Setting constant 0-bit at position 4 on $auto$ff.cc:337:slice$1538 ($dffe) from module $paramod\register_file\DWIDTH=s32'00000000000000000000000000100000.
Setting constant 1-bit at position 5 on $auto$ff.cc:337:slice$1538 ($dffe) from module $paramod\register_file\DWIDTH=s32'00000000000000000000000000100000.
Setting constant 0-bit at position 6 on $auto$ff.cc:337:slice$1538 ($dffe) from module $paramod\register_file\DWIDTH=s32'00000000000000000000000000100000.
Setting constant 0-bit at position 7 on $auto$ff.cc:337:slice$1538 ($dffe) from module $paramod\register_file\DWIDTH=s32'00000000000000000000000000100000.
Setting constant 0-bit at position 8 on $auto$ff.cc:337:slice$1538 ($dffe) from module $paramod\register_file\DWIDTH=s32'00000000000000000000000000100000.
Setting constant 0-bit at position 9 on $auto$ff.cc:337:slice$1538 ($dffe) from module $paramod\register_file\DWIDTH=s32'00000000000000000000000000100000.
Setting constant 0-bit at position 10 on $auto$ff.cc:337:slice$1538 ($dffe) from module $paramod\register_file\DWIDTH=s32'00000000000000000000000000100000.
Setting constant 0-bit at position 11 on $auto$ff.cc:337:slice$1538 ($dffe) from module $paramod\register_file\DWIDTH=s32'00000000000000000000000000100000.
Setting constant 0-bit at position 12 on $auto$ff.cc:337:slice$1538 ($dffe) from module $paramod\register_file\DWIDTH=s32'00000000000000000000000000100000.
Setting constant 0-bit at position 13 on $auto$ff.cc:337:slice$1538 ($dffe) from module $paramod\register_file\DWIDTH=s32'00000000000000000000000000100000.
Setting constant 0-bit at position 14 on $auto$ff.cc:337:slice$1538 ($dffe) from module $paramod\register_file\DWIDTH=s32'00000000000000000000000000100000.
Setting constant 0-bit at position 15 on $auto$ff.cc:337:slice$1538 ($dffe) from module $paramod\register_file\DWIDTH=s32'00000000000000000000000000100000.
Setting constant 0-bit at position 16 on $auto$ff.cc:337:slice$1538 ($dffe) from module $paramod\register_file\DWIDTH=s32'00000000000000000000000000100000.
Setting constant 0-bit at position 17 on $auto$ff.cc:337:slice$1538 ($dffe) from module $paramod\register_file\DWIDTH=s32'00000000000000000000000000100000.
Setting constant 0-bit at position 18 on $auto$ff.cc:337:slice$1538 ($dffe) from module $paramod\register_file\DWIDTH=s32'00000000000000000000000000100000.
Setting constant 0-bit at position 19 on $auto$ff.cc:337:slice$1538 ($dffe) from module $paramod\register_file\DWIDTH=s32'00000000000000000000000000100000.
Setting constant 0-bit at position 20 on $auto$ff.cc:337:slice$1538 ($dffe) from module $paramod\register_file\DWIDTH=s32'00000000000000000000000000100000.
Setting constant 0-bit at position 21 on $auto$ff.cc:337:slice$1538 ($dffe) from module $paramod\register_file\DWIDTH=s32'00000000000000000000000000100000.
Setting constant 0-bit at position 22 on $auto$ff.cc:337:slice$1538 ($dffe) from module $paramod\register_file\DWIDTH=s32'00000000000000000000000000100000.
Setting constant 0-bit at position 23 on $auto$ff.cc:337:slice$1538 ($dffe) from module $paramod\register_file\DWIDTH=s32'00000000000000000000000000100000.
Setting constant 0-bit at position 24 on $auto$ff.cc:337:slice$1538 ($dffe) from module $paramod\register_file\DWIDTH=s32'00000000000000000000000000100000.
Setting constant 0-bit at position 25 on $auto$ff.cc:337:slice$1538 ($dffe) from module $paramod\register_file\DWIDTH=s32'00000000000000000000000000100000.
Setting constant 0-bit at position 26 on $auto$ff.cc:337:slice$1538 ($dffe) from module $paramod\register_file\DWIDTH=s32'00000000000000000000000000100000.
Setting constant 0-bit at position 27 on $auto$ff.cc:337:slice$1538 ($dffe) from module $paramod\register_file\DWIDTH=s32'00000000000000000000000000100000.
Setting constant 0-bit at position 28 on $auto$ff.cc:337:slice$1538 ($dffe) from module $paramod\register_file\DWIDTH=s32'00000000000000000000000000100000.
Setting constant 0-bit at position 29 on $auto$ff.cc:337:slice$1538 ($dffe) from module $paramod\register_file\DWIDTH=s32'00000000000000000000000000100000.
Setting constant 0-bit at position 30 on $auto$ff.cc:337:slice$1538 ($dffe) from module $paramod\register_file\DWIDTH=s32'00000000000000000000000000100000.
Setting constant 0-bit at position 31 on $auto$ff.cc:337:slice$1538 ($dffe) from module $paramod\register_file\DWIDTH=s32'00000000000000000000000000100000.
Adding EN signal on $procdff$1387 ($dff) from module $paramod$72aa32f6215a5e7f33ea8e69cece12e4d4e95dbe\main_memory (D = 4, Q = $fordecl_block$67.i).
Setting constant 0-bit at position 0 on $procdff$1399 ($dff) from module $paramod$72aa32f6215a5e7f33ea8e69cece12e4d4e95dbe\main_memory.
Setting constant 0-bit at position 1 on $procdff$1399 ($dff) from module $paramod$72aa32f6215a5e7f33ea8e69cece12e4d4e95dbe\main_memory.
Setting constant 0-bit at position 2 on $procdff$1399 ($dff) from module $paramod$72aa32f6215a5e7f33ea8e69cece12e4d4e95dbe\main_memory.
Setting constant 0-bit at position 3 on $procdff$1399 ($dff) from module $paramod$72aa32f6215a5e7f33ea8e69cece12e4d4e95dbe\main_memory.
Setting constant 0-bit at position 4 on $procdff$1399 ($dff) from module $paramod$72aa32f6215a5e7f33ea8e69cece12e4d4e95dbe\main_memory.
Setting constant 0-bit at position 5 on $procdff$1399 ($dff) from module $paramod$72aa32f6215a5e7f33ea8e69cece12e4d4e95dbe\main_memory.
Setting constant 0-bit at position 6 on $procdff$1399 ($dff) from module $paramod$72aa32f6215a5e7f33ea8e69cece12e4d4e95dbe\main_memory.
Setting constant 0-bit at position 7 on $procdff$1399 ($dff) from module $paramod$72aa32f6215a5e7f33ea8e69cece12e4d4e95dbe\main_memory.
Setting constant 0-bit at position 8 on $procdff$1399 ($dff) from module $paramod$72aa32f6215a5e7f33ea8e69cece12e4d4e95dbe\main_memory.
Setting constant 0-bit at position 9 on $procdff$1399 ($dff) from module $paramod$72aa32f6215a5e7f33ea8e69cece12e4d4e95dbe\main_memory.
Setting constant 0-bit at position 10 on $procdff$1399 ($dff) from module $paramod$72aa32f6215a5e7f33ea8e69cece12e4d4e95dbe\main_memory.
Setting constant 0-bit at position 11 on $procdff$1399 ($dff) from module $paramod$72aa32f6215a5e7f33ea8e69cece12e4d4e95dbe\main_memory.
Setting constant 0-bit at position 12 on $procdff$1399 ($dff) from module $paramod$72aa32f6215a5e7f33ea8e69cece12e4d4e95dbe\main_memory.
Setting constant 0-bit at position 13 on $procdff$1399 ($dff) from module $paramod$72aa32f6215a5e7f33ea8e69cece12e4d4e95dbe\main_memory.
Setting constant 0-bit at position 14 on $procdff$1399 ($dff) from module $paramod$72aa32f6215a5e7f33ea8e69cece12e4d4e95dbe\main_memory.
Setting constant 0-bit at position 15 on $procdff$1399 ($dff) from module $paramod$72aa32f6215a5e7f33ea8e69cece12e4d4e95dbe\main_memory.
Setting constant 0-bit at position 16 on $procdff$1399 ($dff) from module $paramod$72aa32f6215a5e7f33ea8e69cece12e4d4e95dbe\main_memory.
Setting constant 0-bit at position 17 on $procdff$1399 ($dff) from module $paramod$72aa32f6215a5e7f33ea8e69cece12e4d4e95dbe\main_memory.
Setting constant 0-bit at position 18 on $procdff$1399 ($dff) from module $paramod$72aa32f6215a5e7f33ea8e69cece12e4d4e95dbe\main_memory.
Setting constant 0-bit at position 19 on $procdff$1399 ($dff) from module $paramod$72aa32f6215a5e7f33ea8e69cece12e4d4e95dbe\main_memory.
Setting constant 0-bit at position 20 on $procdff$1399 ($dff) from module $paramod$72aa32f6215a5e7f33ea8e69cece12e4d4e95dbe\main_memory.
Setting constant 0-bit at position 21 on $procdff$1399 ($dff) from module $paramod$72aa32f6215a5e7f33ea8e69cece12e4d4e95dbe\main_memory.
Setting constant 0-bit at position 22 on $procdff$1399 ($dff) from module $paramod$72aa32f6215a5e7f33ea8e69cece12e4d4e95dbe\main_memory.
Setting constant 0-bit at position 23 on $procdff$1399 ($dff) from module $paramod$72aa32f6215a5e7f33ea8e69cece12e4d4e95dbe\main_memory.
Setting constant 0-bit at position 0 on $procdff$1396 ($dff) from module $paramod$72aa32f6215a5e7f33ea8e69cece12e4d4e95dbe\main_memory.
Setting constant 0-bit at position 1 on $procdff$1396 ($dff) from module $paramod$72aa32f6215a5e7f33ea8e69cece12e4d4e95dbe\main_memory.
Setting constant 0-bit at position 2 on $procdff$1396 ($dff) from module $paramod$72aa32f6215a5e7f33ea8e69cece12e4d4e95dbe\main_memory.
Setting constant 0-bit at position 3 on $procdff$1396 ($dff) from module $paramod$72aa32f6215a5e7f33ea8e69cece12e4d4e95dbe\main_memory.
Setting constant 0-bit at position 4 on $procdff$1396 ($dff) from module $paramod$72aa32f6215a5e7f33ea8e69cece12e4d4e95dbe\main_memory.
Setting constant 0-bit at position 5 on $procdff$1396 ($dff) from module $paramod$72aa32f6215a5e7f33ea8e69cece12e4d4e95dbe\main_memory.
Setting constant 0-bit at position 6 on $procdff$1396 ($dff) from module $paramod$72aa32f6215a5e7f33ea8e69cece12e4d4e95dbe\main_memory.
Setting constant 0-bit at position 7 on $procdff$1396 ($dff) from module $paramod$72aa32f6215a5e7f33ea8e69cece12e4d4e95dbe\main_memory.
Setting constant 0-bit at position 8 on $procdff$1396 ($dff) from module $paramod$72aa32f6215a5e7f33ea8e69cece12e4d4e95dbe\main_memory.
Setting constant 0-bit at position 9 on $procdff$1396 ($dff) from module $paramod$72aa32f6215a5e7f33ea8e69cece12e4d4e95dbe\main_memory.
Setting constant 0-bit at position 10 on $procdff$1396 ($dff) from module $paramod$72aa32f6215a5e7f33ea8e69cece12e4d4e95dbe\main_memory.
Setting constant 0-bit at position 11 on $procdff$1396 ($dff) from module $paramod$72aa32f6215a5e7f33ea8e69cece12e4d4e95dbe\main_memory.
Setting constant 0-bit at position 12 on $procdff$1396 ($dff) from module $paramod$72aa32f6215a5e7f33ea8e69cece12e4d4e95dbe\main_memory.
Setting constant 0-bit at position 13 on $procdff$1396 ($dff) from module $paramod$72aa32f6215a5e7f33ea8e69cece12e4d4e95dbe\main_memory.
Setting constant 0-bit at position 14 on $procdff$1396 ($dff) from module $paramod$72aa32f6215a5e7f33ea8e69cece12e4d4e95dbe\main_memory.
Setting constant 0-bit at position 15 on $procdff$1396 ($dff) from module $paramod$72aa32f6215a5e7f33ea8e69cece12e4d4e95dbe\main_memory.
Setting constant 0-bit at position 24 on $procdff$1396 ($dff) from module $paramod$72aa32f6215a5e7f33ea8e69cece12e4d4e95dbe\main_memory.
Setting constant 0-bit at position 25 on $procdff$1396 ($dff) from module $paramod$72aa32f6215a5e7f33ea8e69cece12e4d4e95dbe\main_memory.
Setting constant 0-bit at position 26 on $procdff$1396 ($dff) from module $paramod$72aa32f6215a5e7f33ea8e69cece12e4d4e95dbe\main_memory.
Setting constant 0-bit at position 27 on $procdff$1396 ($dff) from module $paramod$72aa32f6215a5e7f33ea8e69cece12e4d4e95dbe\main_memory.
Setting constant 0-bit at position 28 on $procdff$1396 ($dff) from module $paramod$72aa32f6215a5e7f33ea8e69cece12e4d4e95dbe\main_memory.
Setting constant 0-bit at position 29 on $procdff$1396 ($dff) from module $paramod$72aa32f6215a5e7f33ea8e69cece12e4d4e95dbe\main_memory.
Setting constant 0-bit at position 30 on $procdff$1396 ($dff) from module $paramod$72aa32f6215a5e7f33ea8e69cece12e4d4e95dbe\main_memory.
Setting constant 0-bit at position 31 on $procdff$1396 ($dff) from module $paramod$72aa32f6215a5e7f33ea8e69cece12e4d4e95dbe\main_memory.
Setting constant 0-bit at position 0 on $procdff$1393 ($dff) from module $paramod$72aa32f6215a5e7f33ea8e69cece12e4d4e95dbe\main_memory.
Setting constant 0-bit at position 1 on $procdff$1393 ($dff) from module $paramod$72aa32f6215a5e7f33ea8e69cece12e4d4e95dbe\main_memory.
Setting constant 0-bit at position 2 on $procdff$1393 ($dff) from module $paramod$72aa32f6215a5e7f33ea8e69cece12e4d4e95dbe\main_memory.
Setting constant 0-bit at position 3 on $procdff$1393 ($dff) from module $paramod$72aa32f6215a5e7f33ea8e69cece12e4d4e95dbe\main_memory.
Setting constant 0-bit at position 4 on $procdff$1393 ($dff) from module $paramod$72aa32f6215a5e7f33ea8e69cece12e4d4e95dbe\main_memory.
Setting constant 0-bit at position 5 on $procdff$1393 ($dff) from module $paramod$72aa32f6215a5e7f33ea8e69cece12e4d4e95dbe\main_memory.
Setting constant 0-bit at position 6 on $procdff$1393 ($dff) from module $paramod$72aa32f6215a5e7f33ea8e69cece12e4d4e95dbe\main_memory.
Setting constant 0-bit at position 7 on $procdff$1393 ($dff) from module $paramod$72aa32f6215a5e7f33ea8e69cece12e4d4e95dbe\main_memory.
Setting constant 0-bit at position 16 on $procdff$1393 ($dff) from module $paramod$72aa32f6215a5e7f33ea8e69cece12e4d4e95dbe\main_memory.
Setting constant 0-bit at position 17 on $procdff$1393 ($dff) from module $paramod$72aa32f6215a5e7f33ea8e69cece12e4d4e95dbe\main_memory.
Setting constant 0-bit at position 18 on $procdff$1393 ($dff) from module $paramod$72aa32f6215a5e7f33ea8e69cece12e4d4e95dbe\main_memory.
Setting constant 0-bit at position 19 on $procdff$1393 ($dff) from module $paramod$72aa32f6215a5e7f33ea8e69cece12e4d4e95dbe\main_memory.
Setting constant 0-bit at position 20 on $procdff$1393 ($dff) from module $paramod$72aa32f6215a5e7f33ea8e69cece12e4d4e95dbe\main_memory.
Setting constant 0-bit at position 21 on $procdff$1393 ($dff) from module $paramod$72aa32f6215a5e7f33ea8e69cece12e4d4e95dbe\main_memory.
Setting constant 0-bit at position 22 on $procdff$1393 ($dff) from module $paramod$72aa32f6215a5e7f33ea8e69cece12e4d4e95dbe\main_memory.
Setting constant 0-bit at position 23 on $procdff$1393 ($dff) from module $paramod$72aa32f6215a5e7f33ea8e69cece12e4d4e95dbe\main_memory.
Setting constant 0-bit at position 24 on $procdff$1393 ($dff) from module $paramod$72aa32f6215a5e7f33ea8e69cece12e4d4e95dbe\main_memory.
Setting constant 0-bit at position 25 on $procdff$1393 ($dff) from module $paramod$72aa32f6215a5e7f33ea8e69cece12e4d4e95dbe\main_memory.
Setting constant 0-bit at position 26 on $procdff$1393 ($dff) from module $paramod$72aa32f6215a5e7f33ea8e69cece12e4d4e95dbe\main_memory.
Setting constant 0-bit at position 27 on $procdff$1393 ($dff) from module $paramod$72aa32f6215a5e7f33ea8e69cece12e4d4e95dbe\main_memory.
Setting constant 0-bit at position 28 on $procdff$1393 ($dff) from module $paramod$72aa32f6215a5e7f33ea8e69cece12e4d4e95dbe\main_memory.
Setting constant 0-bit at position 29 on $procdff$1393 ($dff) from module $paramod$72aa32f6215a5e7f33ea8e69cece12e4d4e95dbe\main_memory.
Setting constant 0-bit at position 30 on $procdff$1393 ($dff) from module $paramod$72aa32f6215a5e7f33ea8e69cece12e4d4e95dbe\main_memory.
Setting constant 0-bit at position 31 on $procdff$1393 ($dff) from module $paramod$72aa32f6215a5e7f33ea8e69cece12e4d4e95dbe\main_memory.
Setting constant 0-bit at position 8 on $procdff$1390 ($dff) from module $paramod$72aa32f6215a5e7f33ea8e69cece12e4d4e95dbe\main_memory.
Setting constant 0-bit at position 9 on $procdff$1390 ($dff) from module $paramod$72aa32f6215a5e7f33ea8e69cece12e4d4e95dbe\main_memory.
Setting constant 0-bit at position 10 on $procdff$1390 ($dff) from module $paramod$72aa32f6215a5e7f33ea8e69cece12e4d4e95dbe\main_memory.
Setting constant 0-bit at position 11 on $procdff$1390 ($dff) from module $paramod$72aa32f6215a5e7f33ea8e69cece12e4d4e95dbe\main_memory.
Setting constant 0-bit at position 12 on $procdff$1390 ($dff) from module $paramod$72aa32f6215a5e7f33ea8e69cece12e4d4e95dbe\main_memory.
Setting constant 0-bit at position 13 on $procdff$1390 ($dff) from module $paramod$72aa32f6215a5e7f33ea8e69cece12e4d4e95dbe\main_memory.
Setting constant 0-bit at position 14 on $procdff$1390 ($dff) from module $paramod$72aa32f6215a5e7f33ea8e69cece12e4d4e95dbe\main_memory.
Setting constant 0-bit at position 15 on $procdff$1390 ($dff) from module $paramod$72aa32f6215a5e7f33ea8e69cece12e4d4e95dbe\main_memory.
Setting constant 0-bit at position 16 on $procdff$1390 ($dff) from module $paramod$72aa32f6215a5e7f33ea8e69cece12e4d4e95dbe\main_memory.
Setting constant 0-bit at position 17 on $procdff$1390 ($dff) from module $paramod$72aa32f6215a5e7f33ea8e69cece12e4d4e95dbe\main_memory.
Setting constant 0-bit at position 18 on $procdff$1390 ($dff) from module $paramod$72aa32f6215a5e7f33ea8e69cece12e4d4e95dbe\main_memory.
Setting constant 0-bit at position 19 on $procdff$1390 ($dff) from module $paramod$72aa32f6215a5e7f33ea8e69cece12e4d4e95dbe\main_memory.
Setting constant 0-bit at position 20 on $procdff$1390 ($dff) from module $paramod$72aa32f6215a5e7f33ea8e69cece12e4d4e95dbe\main_memory.
Setting constant 0-bit at position 21 on $procdff$1390 ($dff) from module $paramod$72aa32f6215a5e7f33ea8e69cece12e4d4e95dbe\main_memory.
Setting constant 0-bit at position 22 on $procdff$1390 ($dff) from module $paramod$72aa32f6215a5e7f33ea8e69cece12e4d4e95dbe\main_memory.
Setting constant 0-bit at position 23 on $procdff$1390 ($dff) from module $paramod$72aa32f6215a5e7f33ea8e69cece12e4d4e95dbe\main_memory.
Setting constant 0-bit at position 24 on $procdff$1390 ($dff) from module $paramod$72aa32f6215a5e7f33ea8e69cece12e4d4e95dbe\main_memory.
Setting constant 0-bit at position 25 on $procdff$1390 ($dff) from module $paramod$72aa32f6215a5e7f33ea8e69cece12e4d4e95dbe\main_memory.
Setting constant 0-bit at position 26 on $procdff$1390 ($dff) from module $paramod$72aa32f6215a5e7f33ea8e69cece12e4d4e95dbe\main_memory.
Setting constant 0-bit at position 27 on $procdff$1390 ($dff) from module $paramod$72aa32f6215a5e7f33ea8e69cece12e4d4e95dbe\main_memory.
Setting constant 0-bit at position 28 on $procdff$1390 ($dff) from module $paramod$72aa32f6215a5e7f33ea8e69cece12e4d4e95dbe\main_memory.
Setting constant 0-bit at position 29 on $procdff$1390 ($dff) from module $paramod$72aa32f6215a5e7f33ea8e69cece12e4d4e95dbe\main_memory.
Setting constant 0-bit at position 30 on $procdff$1390 ($dff) from module $paramod$72aa32f6215a5e7f33ea8e69cece12e4d4e95dbe\main_memory.
Setting constant 0-bit at position 31 on $procdff$1390 ($dff) from module $paramod$72aa32f6215a5e7f33ea8e69cece12e4d4e95dbe\main_memory.
Setting constant 0-bit at position 0 on $auto$ff.cc:337:slice$1540 ($dffe) from module $paramod$72aa32f6215a5e7f33ea8e69cece12e4d4e95dbe\main_memory.
Setting constant 0-bit at position 1 on $auto$ff.cc:337:slice$1540 ($dffe) from module $paramod$72aa32f6215a5e7f33ea8e69cece12e4d4e95dbe\main_memory.
Setting constant 1-bit at position 2 on $auto$ff.cc:337:slice$1540 ($dffe) from module $paramod$72aa32f6215a5e7f33ea8e69cece12e4d4e95dbe\main_memory.
Setting constant 0-bit at position 3 on $auto$ff.cc:337:slice$1540 ($dffe) from module $paramod$72aa32f6215a5e7f33ea8e69cece12e4d4e95dbe\main_memory.
Setting constant 0-bit at position 4 on $auto$ff.cc:337:slice$1540 ($dffe) from module $paramod$72aa32f6215a5e7f33ea8e69cece12e4d4e95dbe\main_memory.
Setting constant 0-bit at position 5 on $auto$ff.cc:337:slice$1540 ($dffe) from module $paramod$72aa32f6215a5e7f33ea8e69cece12e4d4e95dbe\main_memory.
Setting constant 0-bit at position 6 on $auto$ff.cc:337:slice$1540 ($dffe) from module $paramod$72aa32f6215a5e7f33ea8e69cece12e4d4e95dbe\main_memory.
Setting constant 0-bit at position 7 on $auto$ff.cc:337:slice$1540 ($dffe) from module $paramod$72aa32f6215a5e7f33ea8e69cece12e4d4e95dbe\main_memory.
Setting constant 0-bit at position 8 on $auto$ff.cc:337:slice$1540 ($dffe) from module $paramod$72aa32f6215a5e7f33ea8e69cece12e4d4e95dbe\main_memory.
Setting constant 0-bit at position 9 on $auto$ff.cc:337:slice$1540 ($dffe) from module $paramod$72aa32f6215a5e7f33ea8e69cece12e4d4e95dbe\main_memory.
Setting constant 0-bit at position 10 on $auto$ff.cc:337:slice$1540 ($dffe) from module $paramod$72aa32f6215a5e7f33ea8e69cece12e4d4e95dbe\main_memory.
Setting constant 0-bit at position 11 on $auto$ff.cc:337:slice$1540 ($dffe) from module $paramod$72aa32f6215a5e7f33ea8e69cece12e4d4e95dbe\main_memory.
Setting constant 0-bit at position 12 on $auto$ff.cc:337:slice$1540 ($dffe) from module $paramod$72aa32f6215a5e7f33ea8e69cece12e4d4e95dbe\main_memory.
Setting constant 0-bit at position 13 on $auto$ff.cc:337:slice$1540 ($dffe) from module $paramod$72aa32f6215a5e7f33ea8e69cece12e4d4e95dbe\main_memory.
Setting constant 0-bit at position 14 on $auto$ff.cc:337:slice$1540 ($dffe) from module $paramod$72aa32f6215a5e7f33ea8e69cece12e4d4e95dbe\main_memory.
Setting constant 0-bit at position 15 on $auto$ff.cc:337:slice$1540 ($dffe) from module $paramod$72aa32f6215a5e7f33ea8e69cece12e4d4e95dbe\main_memory.
Setting constant 0-bit at position 16 on $auto$ff.cc:337:slice$1540 ($dffe) from module $paramod$72aa32f6215a5e7f33ea8e69cece12e4d4e95dbe\main_memory.
Setting constant 0-bit at position 17 on $auto$ff.cc:337:slice$1540 ($dffe) from module $paramod$72aa32f6215a5e7f33ea8e69cece12e4d4e95dbe\main_memory.
Setting constant 0-bit at position 18 on $auto$ff.cc:337:slice$1540 ($dffe) from module $paramod$72aa32f6215a5e7f33ea8e69cece12e4d4e95dbe\main_memory.
Setting constant 0-bit at position 19 on $auto$ff.cc:337:slice$1540 ($dffe) from module $paramod$72aa32f6215a5e7f33ea8e69cece12e4d4e95dbe\main_memory.
Setting constant 0-bit at position 20 on $auto$ff.cc:337:slice$1540 ($dffe) from module $paramod$72aa32f6215a5e7f33ea8e69cece12e4d4e95dbe\main_memory.
Setting constant 0-bit at position 21 on $auto$ff.cc:337:slice$1540 ($dffe) from module $paramod$72aa32f6215a5e7f33ea8e69cece12e4d4e95dbe\main_memory.
Setting constant 0-bit at position 22 on $auto$ff.cc:337:slice$1540 ($dffe) from module $paramod$72aa32f6215a5e7f33ea8e69cece12e4d4e95dbe\main_memory.
Setting constant 0-bit at position 23 on $auto$ff.cc:337:slice$1540 ($dffe) from module $paramod$72aa32f6215a5e7f33ea8e69cece12e4d4e95dbe\main_memory.
Setting constant 0-bit at position 24 on $auto$ff.cc:337:slice$1540 ($dffe) from module $paramod$72aa32f6215a5e7f33ea8e69cece12e4d4e95dbe\main_memory.
Setting constant 0-bit at position 25 on $auto$ff.cc:337:slice$1540 ($dffe) from module $paramod$72aa32f6215a5e7f33ea8e69cece12e4d4e95dbe\main_memory.
Setting constant 0-bit at position 26 on $auto$ff.cc:337:slice$1540 ($dffe) from module $paramod$72aa32f6215a5e7f33ea8e69cece12e4d4e95dbe\main_memory.
Setting constant 0-bit at position 27 on $auto$ff.cc:337:slice$1540 ($dffe) from module $paramod$72aa32f6215a5e7f33ea8e69cece12e4d4e95dbe\main_memory.
Setting constant 0-bit at position 28 on $auto$ff.cc:337:slice$1540 ($dffe) from module $paramod$72aa32f6215a5e7f33ea8e69cece12e4d4e95dbe\main_memory.
Setting constant 0-bit at position 29 on $auto$ff.cc:337:slice$1540 ($dffe) from module $paramod$72aa32f6215a5e7f33ea8e69cece12e4d4e95dbe\main_memory.
Setting constant 0-bit at position 30 on $auto$ff.cc:337:slice$1540 ($dffe) from module $paramod$72aa32f6215a5e7f33ea8e69cece12e4d4e95dbe\main_memory.
Setting constant 0-bit at position 31 on $auto$ff.cc:337:slice$1540 ($dffe) from module $paramod$72aa32f6215a5e7f33ea8e69cece12e4d4e95dbe\main_memory.

yosys> opt_clean

20.7. Executing OPT_CLEAN pass (remove unused cells and wires).
Finding unused cells or wires in module $paramod$c62f8a9f84677eaf1c2389a0b378e75c721b2371\fetch..
Finding unused cells or wires in module \control_pipeline..
Finding unused cells or wires in module \hazard_detection_unit..
Finding unused cells or wires in module \forwarding_unit..
Finding unused cells or wires in module \rv_core..
Finding unused cells or wires in module \stall_flush_logic..
Finding unused cells or wires in module $paramod$92ddabe66900a618ce68df6d5562d493b291abf4\decode..
Finding unused cells or wires in module $paramod\igen\DWIDTH=s32'00000000000000000000000000100000..
Finding unused cells or wires in module $paramod\control\DWIDTH=s32'00000000000000000000000000100000..
Finding unused cells or wires in module $paramod$92ddabe66900a618ce68df6d5562d493b291abf4\alu..
Finding unused cells or wires in module $paramod$601c9edda80f283a73a87bf3095d4d13f490358d\memory..
Finding unused cells or wires in module $paramod$92ddabe66900a618ce68df6d5562d493b291abf4\writeback..
Finding unused cells or wires in module $paramod\register_file\DWIDTH=s32'00000000000000000000000000100000..
Finding unused cells or wires in module $paramod$601c9edda80f283a73a87bf3095d4d13f490358d\memory_controller..
Finding unused cells or wires in module $paramod$72aa32f6215a5e7f33ea8e69cece12e4d4e95dbe\main_memory..
Finding unused cells or wires in module $paramod\branch_control\DWIDTH=s32'00000000000000000000000000100000..
Removed 86 unused cells and 705 unused wires.
<suppressed ~103 debug messages>

yosys> opt_expr

20.8. Executing OPT_EXPR pass (perform const folding).
Optimizing module $paramod$c62f8a9f84677eaf1c2389a0b378e75c721b2371\fetch.
Optimizing module control_pipeline.
Optimizing module hazard_detection_unit.
Optimizing module forwarding_unit.
Optimizing module rv_core.
Optimizing module stall_flush_logic.
Optimizing module $paramod$92ddabe66900a618ce68df6d5562d493b291abf4\decode.
Optimizing module $paramod\igen\DWIDTH=s32'00000000000000000000000000100000.
Optimizing module $paramod\control\DWIDTH=s32'00000000000000000000000000100000.
Optimizing module $paramod$92ddabe66900a618ce68df6d5562d493b291abf4\alu.
Optimizing module $paramod$601c9edda80f283a73a87bf3095d4d13f490358d\memory.
Optimizing module $paramod$92ddabe66900a618ce68df6d5562d493b291abf4\writeback.
Optimizing module $paramod\register_file\DWIDTH=s32'00000000000000000000000000100000.
Optimizing module $paramod$601c9edda80f283a73a87bf3095d4d13f490358d\memory_controller.
Optimizing module $paramod$72aa32f6215a5e7f33ea8e69cece12e4d4e95dbe\main_memory.
Optimizing module $paramod\branch_control\DWIDTH=s32'00000000000000000000000000100000.

20.9. Rerunning OPT passes. (Maybe there is more to do..)

yosys> opt_muxtree

20.10. Executing OPT_MUXTREE pass (detect dead branches in mux trees).
Running muxtree optimizer on module $paramod$c62f8a9f84677eaf1c2389a0b378e75c721b2371\fetch..
  Creating internal representation of mux trees.
  Evaluating internal representation of mux trees.
  Analyzing evaluation results.
Running muxtree optimizer on module \control_pipeline..
  Creating internal representation of mux trees.
  No muxes found in this module.
Running muxtree optimizer on module \hazard_detection_unit..
  Creating internal representation of mux trees.
  No muxes found in this module.
Running muxtree optimizer on module \forwarding_unit..
  Creating internal representation of mux trees.
  Evaluating internal representation of mux trees.
  Analyzing evaluation results.
Running muxtree optimizer on module \rv_core..
  Creating internal representation of mux trees.
  Evaluating internal representation of mux trees.
  Analyzing evaluation results.
Running muxtree optimizer on module \stall_flush_logic..
  Creating internal representation of mux trees.
  No muxes found in this module.
Running muxtree optimizer on module $paramod$92ddabe66900a618ce68df6d5562d493b291abf4\decode..
  Creating internal representation of mux trees.
  Evaluating internal representation of mux trees.
  Analyzing evaluation results.
Running muxtree optimizer on module $paramod\igen\DWIDTH=s32'00000000000000000000000000100000..
  Creating internal representation of mux trees.
  Evaluating internal representation of mux trees.
  Analyzing evaluation results.
Running muxtree optimizer on module $paramod\control\DWIDTH=s32'00000000000000000000000000100000..
  Creating internal representation of mux trees.
  Evaluating internal representation of mux trees.
  Analyzing evaluation results.
Running muxtree optimizer on module $paramod$92ddabe66900a618ce68df6d5562d493b291abf4\alu..
  Creating internal representation of mux trees.
  Evaluating internal representation of mux trees.
  Analyzing evaluation results.
Running muxtree optimizer on module $paramod$601c9edda80f283a73a87bf3095d4d13f490358d\memory..
  Creating internal representation of mux trees.
  No muxes found in this module.
Running muxtree optimizer on module $paramod$92ddabe66900a618ce68df6d5562d493b291abf4\writeback..
  Creating internal representation of mux trees.
  Evaluating internal representation of mux trees.
  Analyzing evaluation results.
Running muxtree optimizer on module $paramod\register_file\DWIDTH=s32'00000000000000000000000000100000..
  Creating internal representation of mux trees.
  Evaluating internal representation of mux trees.
  Analyzing evaluation results.
Running muxtree optimizer on module $paramod$601c9edda80f283a73a87bf3095d4d13f490358d\memory_controller..
  Creating internal representation of mux trees.
  Evaluating internal representation of mux trees.
  Analyzing evaluation results.
Running muxtree optimizer on module $paramod$72aa32f6215a5e7f33ea8e69cece12e4d4e95dbe\main_memory..
  Creating internal representation of mux trees.
  Evaluating internal representation of mux trees.
  Analyzing evaluation results.
Running muxtree optimizer on module $paramod\branch_control\DWIDTH=s32'00000000000000000000000000100000..
  Creating internal representation of mux trees.
  Evaluating internal representation of mux trees.
  Analyzing evaluation results.
Removed 0 multiplexer ports.
<suppressed ~141 debug messages>

yosys> opt_reduce

20.11. Executing OPT_REDUCE pass (consolidate $*mux and $reduce_* inputs).
  Optimizing cells in module $paramod$c62f8a9f84677eaf1c2389a0b378e75c721b2371\fetch.
  Optimizing cells in module \control_pipeline.
  Optimizing cells in module \hazard_detection_unit.
  Optimizing cells in module \forwarding_unit.
  Optimizing cells in module \rv_core.
  Optimizing cells in module \stall_flush_logic.
  Optimizing cells in module $paramod$92ddabe66900a618ce68df6d5562d493b291abf4\decode.
  Optimizing cells in module $paramod\igen\DWIDTH=s32'00000000000000000000000000100000.
  Optimizing cells in module $paramod\control\DWIDTH=s32'00000000000000000000000000100000.
  Optimizing cells in module $paramod$92ddabe66900a618ce68df6d5562d493b291abf4\alu.
  Optimizing cells in module $paramod$601c9edda80f283a73a87bf3095d4d13f490358d\memory.
  Optimizing cells in module $paramod$92ddabe66900a618ce68df6d5562d493b291abf4\writeback.
  Optimizing cells in module $paramod\register_file\DWIDTH=s32'00000000000000000000000000100000.
  Optimizing cells in module $paramod$601c9edda80f283a73a87bf3095d4d13f490358d\memory_controller.
  Optimizing cells in module $paramod$72aa32f6215a5e7f33ea8e69cece12e4d4e95dbe\main_memory.
  Optimizing cells in module $paramod\branch_control\DWIDTH=s32'00000000000000000000000000100000.
Performed a total of 0 changes.

yosys> opt_merge

20.12. Executing OPT_MERGE pass (detect identical cells).
Finding identical cells in module `$paramod$c62f8a9f84677eaf1c2389a0b378e75c721b2371\fetch'.
Computing hashes of 4 cells of `$paramod$c62f8a9f84677eaf1c2389a0b378e75c721b2371\fetch'.
Finding duplicate cells in `$paramod$c62f8a9f84677eaf1c2389a0b378e75c721b2371\fetch'.
Finding identical cells in module `\control_pipeline'.
Computing hashes of 6 cells of `\control_pipeline'.
Finding duplicate cells in `\control_pipeline'.
Finding identical cells in module `\hazard_detection_unit'.
Computing hashes of 6 cells of `\hazard_detection_unit'.
Finding duplicate cells in `\hazard_detection_unit'.
Finding identical cells in module `\forwarding_unit'.
Computing hashes of 16 cells of `\forwarding_unit'.
Finding duplicate cells in `\forwarding_unit'.
Finding identical cells in module `\rv_core'.
Computing hashes of 74 cells of `\rv_core'.
Finding duplicate cells in `\rv_core'.
Computing hashes of 64 cells of `\rv_core'.
Finding duplicate cells in `\rv_core'.
<suppressed ~30 debug messages>
Finding identical cells in module `\stall_flush_logic'.
Computing hashes of 5 cells of `\stall_flush_logic'.
Finding duplicate cells in `\stall_flush_logic'.
Finding identical cells in module `$paramod$92ddabe66900a618ce68df6d5562d493b291abf4\decode'.
Computing hashes of 19 cells of `$paramod$92ddabe66900a618ce68df6d5562d493b291abf4\decode'.
Finding duplicate cells in `$paramod$92ddabe66900a618ce68df6d5562d493b291abf4\decode'.
Finding identical cells in module `$paramod\igen\DWIDTH=s32'00000000000000000000000000100000'.
Computing hashes of 11 cells of `$paramod\igen\DWIDTH=s32'00000000000000000000000000100000'.
Finding duplicate cells in `$paramod\igen\DWIDTH=s32'00000000000000000000000000100000'.
Finding identical cells in module `$paramod\control\DWIDTH=s32'00000000000000000000000000100000'.
Computing hashes of 35 cells of `$paramod\control\DWIDTH=s32'00000000000000000000000000100000'.
Finding duplicate cells in `$paramod\control\DWIDTH=s32'00000000000000000000000000100000'.
Finding identical cells in module `$paramod$92ddabe66900a618ce68df6d5562d493b291abf4\alu'.
Computing hashes of 41 cells of `$paramod$92ddabe66900a618ce68df6d5562d493b291abf4\alu'.
Finding duplicate cells in `$paramod$92ddabe66900a618ce68df6d5562d493b291abf4\alu'.
Finding identical cells in module `$paramod$601c9edda80f283a73a87bf3095d4d13f490358d\memory'.
Computing hashes of 2 cells of `$paramod$601c9edda80f283a73a87bf3095d4d13f490358d\memory'.
Finding duplicate cells in `$paramod$601c9edda80f283a73a87bf3095d4d13f490358d\memory'.
Finding identical cells in module `$paramod$92ddabe66900a618ce68df6d5562d493b291abf4\writeback'.
Computing hashes of 6 cells of `$paramod$92ddabe66900a618ce68df6d5562d493b291abf4\writeback'.
Finding duplicate cells in `$paramod$92ddabe66900a618ce68df6d5562d493b291abf4\writeback'.
Finding identical cells in module `$paramod\register_file\DWIDTH=s32'00000000000000000000000000100000'.
Computing hashes of 45 cells of `$paramod\register_file\DWIDTH=s32'00000000000000000000000000100000'.
Finding duplicate cells in `$paramod\register_file\DWIDTH=s32'00000000000000000000000000100000'.
Finding identical cells in module `$paramod$601c9edda80f283a73a87bf3095d4d13f490358d\memory_controller'.
Computing hashes of 17 cells of `$paramod$601c9edda80f283a73a87bf3095d4d13f490358d\memory_controller'.
Finding duplicate cells in `$paramod$601c9edda80f283a73a87bf3095d4d13f490358d\memory_controller'.
Finding identical cells in module `$paramod$72aa32f6215a5e7f33ea8e69cece12e4d4e95dbe\main_memory'.
Computing hashes of 40 cells of `$paramod$72aa32f6215a5e7f33ea8e69cece12e4d4e95dbe\main_memory'.
Finding duplicate cells in `$paramod$72aa32f6215a5e7f33ea8e69cece12e4d4e95dbe\main_memory'.
Finding identical cells in module `$paramod\branch_control\DWIDTH=s32'00000000000000000000000000100000'.
Computing hashes of 17 cells of `$paramod\branch_control\DWIDTH=s32'00000000000000000000000000100000'.
Finding duplicate cells in `$paramod\branch_control\DWIDTH=s32'00000000000000000000000000100000'.
Removed a total of 10 cells.

yosys> opt_dff

20.13. Executing OPT_DFF pass (perform DFF optimizations).

yosys> opt_clean

20.14. Executing OPT_CLEAN pass (remove unused cells and wires).
Finding unused cells or wires in module $paramod$c62f8a9f84677eaf1c2389a0b378e75c721b2371\fetch..
Finding unused cells or wires in module \control_pipeline..
Finding unused cells or wires in module \hazard_detection_unit..
Finding unused cells or wires in module \forwarding_unit..
Finding unused cells or wires in module \rv_core..
Finding unused cells or wires in module \stall_flush_logic..
Finding unused cells or wires in module $paramod$92ddabe66900a618ce68df6d5562d493b291abf4\decode..
Finding unused cells or wires in module $paramod\igen\DWIDTH=s32'00000000000000000000000000100000..
Finding unused cells or wires in module $paramod\control\DWIDTH=s32'00000000000000000000000000100000..
Finding unused cells or wires in module $paramod$92ddabe66900a618ce68df6d5562d493b291abf4\alu..
Finding unused cells or wires in module $paramod$601c9edda80f283a73a87bf3095d4d13f490358d\memory..
Finding unused cells or wires in module $paramod$92ddabe66900a618ce68df6d5562d493b291abf4\writeback..
Finding unused cells or wires in module $paramod\register_file\DWIDTH=s32'00000000000000000000000000100000..
Finding unused cells or wires in module $paramod$601c9edda80f283a73a87bf3095d4d13f490358d\memory_controller..
Finding unused cells or wires in module $paramod$72aa32f6215a5e7f33ea8e69cece12e4d4e95dbe\main_memory..
Finding unused cells or wires in module $paramod\branch_control\DWIDTH=s32'00000000000000000000000000100000..
Removed 0 unused cells and 10 unused wires.
<suppressed ~1 debug messages>

yosys> opt_expr

20.15. Executing OPT_EXPR pass (perform const folding).
Optimizing module $paramod$c62f8a9f84677eaf1c2389a0b378e75c721b2371\fetch.
Optimizing module control_pipeline.
Optimizing module hazard_detection_unit.
Optimizing module forwarding_unit.
Optimizing module rv_core.
Optimizing module stall_flush_logic.
Optimizing module $paramod$92ddabe66900a618ce68df6d5562d493b291abf4\decode.
Optimizing module $paramod\igen\DWIDTH=s32'00000000000000000000000000100000.
Optimizing module $paramod\control\DWIDTH=s32'00000000000000000000000000100000.
Optimizing module $paramod$92ddabe66900a618ce68df6d5562d493b291abf4\alu.
Optimizing module $paramod$601c9edda80f283a73a87bf3095d4d13f490358d\memory.
Optimizing module $paramod$92ddabe66900a618ce68df6d5562d493b291abf4\writeback.
Optimizing module $paramod\register_file\DWIDTH=s32'00000000000000000000000000100000.
Optimizing module $paramod$601c9edda80f283a73a87bf3095d4d13f490358d\memory_controller.
Optimizing module $paramod$72aa32f6215a5e7f33ea8e69cece12e4d4e95dbe\main_memory.
Optimizing module $paramod\branch_control\DWIDTH=s32'00000000000000000000000000100000.

20.16. Rerunning OPT passes. (Maybe there is more to do..)

yosys> opt_muxtree

20.17. Executing OPT_MUXTREE pass (detect dead branches in mux trees).
Running muxtree optimizer on module $paramod$c62f8a9f84677eaf1c2389a0b378e75c721b2371\fetch..
  Creating internal representation of mux trees.
  Evaluating internal representation of mux trees.
  Analyzing evaluation results.
Running muxtree optimizer on module \control_pipeline..
  Creating internal representation of mux trees.
  No muxes found in this module.
Running muxtree optimizer on module \hazard_detection_unit..
  Creating internal representation of mux trees.
  No muxes found in this module.
Running muxtree optimizer on module \forwarding_unit..
  Creating internal representation of mux trees.
  Evaluating internal representation of mux trees.
  Analyzing evaluation results.
Running muxtree optimizer on module \rv_core..
  Creating internal representation of mux trees.
  Evaluating internal representation of mux trees.
  Analyzing evaluation results.
Running muxtree optimizer on module \stall_flush_logic..
  Creating internal representation of mux trees.
  No muxes found in this module.
Running muxtree optimizer on module $paramod$92ddabe66900a618ce68df6d5562d493b291abf4\decode..
  Creating internal representation of mux trees.
  Evaluating internal representation of mux trees.
  Analyzing evaluation results.
Running muxtree optimizer on module $paramod\igen\DWIDTH=s32'00000000000000000000000000100000..
  Creating internal representation of mux trees.
  Evaluating internal representation of mux trees.
  Analyzing evaluation results.
Running muxtree optimizer on module $paramod\control\DWIDTH=s32'00000000000000000000000000100000..
  Creating internal representation of mux trees.
  Evaluating internal representation of mux trees.
  Analyzing evaluation results.
Running muxtree optimizer on module $paramod$92ddabe66900a618ce68df6d5562d493b291abf4\alu..
  Creating internal representation of mux trees.
  Evaluating internal representation of mux trees.
  Analyzing evaluation results.
Running muxtree optimizer on module $paramod$601c9edda80f283a73a87bf3095d4d13f490358d\memory..
  Creating internal representation of mux trees.
  No muxes found in this module.
Running muxtree optimizer on module $paramod$92ddabe66900a618ce68df6d5562d493b291abf4\writeback..
  Creating internal representation of mux trees.
  Evaluating internal representation of mux trees.
  Analyzing evaluation results.
Running muxtree optimizer on module $paramod\register_file\DWIDTH=s32'00000000000000000000000000100000..
  Creating internal representation of mux trees.
  Evaluating internal representation of mux trees.
  Analyzing evaluation results.
Running muxtree optimizer on module $paramod$601c9edda80f283a73a87bf3095d4d13f490358d\memory_controller..
  Creating internal representation of mux trees.
  Evaluating internal representation of mux trees.
  Analyzing evaluation results.
Running muxtree optimizer on module $paramod$72aa32f6215a5e7f33ea8e69cece12e4d4e95dbe\main_memory..
  Creating internal representation of mux trees.
  Evaluating internal representation of mux trees.
  Analyzing evaluation results.
Running muxtree optimizer on module $paramod\branch_control\DWIDTH=s32'00000000000000000000000000100000..
  Creating internal representation of mux trees.
  Evaluating internal representation of mux trees.
  Analyzing evaluation results.
Removed 0 multiplexer ports.
<suppressed ~141 debug messages>

yosys> opt_reduce

20.18. Executing OPT_REDUCE pass (consolidate $*mux and $reduce_* inputs).
  Optimizing cells in module $paramod$c62f8a9f84677eaf1c2389a0b378e75c721b2371\fetch.
  Optimizing cells in module \control_pipeline.
  Optimizing cells in module \hazard_detection_unit.
  Optimizing cells in module \forwarding_unit.
  Optimizing cells in module \rv_core.
  Optimizing cells in module \stall_flush_logic.
  Optimizing cells in module $paramod$92ddabe66900a618ce68df6d5562d493b291abf4\decode.
  Optimizing cells in module $paramod\igen\DWIDTH=s32'00000000000000000000000000100000.
  Optimizing cells in module $paramod\control\DWIDTH=s32'00000000000000000000000000100000.
  Optimizing cells in module $paramod$92ddabe66900a618ce68df6d5562d493b291abf4\alu.
  Optimizing cells in module $paramod$601c9edda80f283a73a87bf3095d4d13f490358d\memory.
  Optimizing cells in module $paramod$92ddabe66900a618ce68df6d5562d493b291abf4\writeback.
  Optimizing cells in module $paramod\register_file\DWIDTH=s32'00000000000000000000000000100000.
  Optimizing cells in module $paramod$601c9edda80f283a73a87bf3095d4d13f490358d\memory_controller.
  Optimizing cells in module $paramod$72aa32f6215a5e7f33ea8e69cece12e4d4e95dbe\main_memory.
  Optimizing cells in module $paramod\branch_control\DWIDTH=s32'00000000000000000000000000100000.
Performed a total of 0 changes.

yosys> opt_merge

20.19. Executing OPT_MERGE pass (detect identical cells).
Finding identical cells in module `$paramod$c62f8a9f84677eaf1c2389a0b378e75c721b2371\fetch'.
Computing hashes of 4 cells of `$paramod$c62f8a9f84677eaf1c2389a0b378e75c721b2371\fetch'.
Finding duplicate cells in `$paramod$c62f8a9f84677eaf1c2389a0b378e75c721b2371\fetch'.
Finding identical cells in module `\control_pipeline'.
Computing hashes of 6 cells of `\control_pipeline'.
Finding duplicate cells in `\control_pipeline'.
Finding identical cells in module `\hazard_detection_unit'.
Computing hashes of 6 cells of `\hazard_detection_unit'.
Finding duplicate cells in `\hazard_detection_unit'.
Finding identical cells in module `\forwarding_unit'.
Computing hashes of 16 cells of `\forwarding_unit'.
Finding duplicate cells in `\forwarding_unit'.
Finding identical cells in module `\rv_core'.
Computing hashes of 64 cells of `\rv_core'.
Finding duplicate cells in `\rv_core'.
Finding identical cells in module `\stall_flush_logic'.
Computing hashes of 5 cells of `\stall_flush_logic'.
Finding duplicate cells in `\stall_flush_logic'.
Finding identical cells in module `$paramod$92ddabe66900a618ce68df6d5562d493b291abf4\decode'.
Computing hashes of 19 cells of `$paramod$92ddabe66900a618ce68df6d5562d493b291abf4\decode'.
Finding duplicate cells in `$paramod$92ddabe66900a618ce68df6d5562d493b291abf4\decode'.
Finding identical cells in module `$paramod\igen\DWIDTH=s32'00000000000000000000000000100000'.
Computing hashes of 11 cells of `$paramod\igen\DWIDTH=s32'00000000000000000000000000100000'.
Finding duplicate cells in `$paramod\igen\DWIDTH=s32'00000000000000000000000000100000'.
Finding identical cells in module `$paramod\control\DWIDTH=s32'00000000000000000000000000100000'.
Computing hashes of 35 cells of `$paramod\control\DWIDTH=s32'00000000000000000000000000100000'.
Finding duplicate cells in `$paramod\control\DWIDTH=s32'00000000000000000000000000100000'.
Finding identical cells in module `$paramod$92ddabe66900a618ce68df6d5562d493b291abf4\alu'.
Computing hashes of 41 cells of `$paramod$92ddabe66900a618ce68df6d5562d493b291abf4\alu'.
Finding duplicate cells in `$paramod$92ddabe66900a618ce68df6d5562d493b291abf4\alu'.
Finding identical cells in module `$paramod$601c9edda80f283a73a87bf3095d4d13f490358d\memory'.
Computing hashes of 2 cells of `$paramod$601c9edda80f283a73a87bf3095d4d13f490358d\memory'.
Finding duplicate cells in `$paramod$601c9edda80f283a73a87bf3095d4d13f490358d\memory'.
Finding identical cells in module `$paramod$92ddabe66900a618ce68df6d5562d493b291abf4\writeback'.
Computing hashes of 6 cells of `$paramod$92ddabe66900a618ce68df6d5562d493b291abf4\writeback'.
Finding duplicate cells in `$paramod$92ddabe66900a618ce68df6d5562d493b291abf4\writeback'.
Finding identical cells in module `$paramod\register_file\DWIDTH=s32'00000000000000000000000000100000'.
Computing hashes of 45 cells of `$paramod\register_file\DWIDTH=s32'00000000000000000000000000100000'.
Finding duplicate cells in `$paramod\register_file\DWIDTH=s32'00000000000000000000000000100000'.
Finding identical cells in module `$paramod$601c9edda80f283a73a87bf3095d4d13f490358d\memory_controller'.
Computing hashes of 17 cells of `$paramod$601c9edda80f283a73a87bf3095d4d13f490358d\memory_controller'.
Finding duplicate cells in `$paramod$601c9edda80f283a73a87bf3095d4d13f490358d\memory_controller'.
Finding identical cells in module `$paramod$72aa32f6215a5e7f33ea8e69cece12e4d4e95dbe\main_memory'.
Computing hashes of 40 cells of `$paramod$72aa32f6215a5e7f33ea8e69cece12e4d4e95dbe\main_memory'.
Finding duplicate cells in `$paramod$72aa32f6215a5e7f33ea8e69cece12e4d4e95dbe\main_memory'.
Finding identical cells in module `$paramod\branch_control\DWIDTH=s32'00000000000000000000000000100000'.
Computing hashes of 17 cells of `$paramod\branch_control\DWIDTH=s32'00000000000000000000000000100000'.
Finding duplicate cells in `$paramod\branch_control\DWIDTH=s32'00000000000000000000000000100000'.
Removed a total of 0 cells.

yosys> opt_dff

20.20. Executing OPT_DFF pass (perform DFF optimizations).

yosys> opt_clean

20.21. Executing OPT_CLEAN pass (remove unused cells and wires).
Finding unused cells or wires in module $paramod$c62f8a9f84677eaf1c2389a0b378e75c721b2371\fetch..
Finding unused cells or wires in module \control_pipeline..
Finding unused cells or wires in module \hazard_detection_unit..
Finding unused cells or wires in module \forwarding_unit..
Finding unused cells or wires in module \rv_core..
Finding unused cells or wires in module \stall_flush_logic..
Finding unused cells or wires in module $paramod$92ddabe66900a618ce68df6d5562d493b291abf4\decode..
Finding unused cells or wires in module $paramod\igen\DWIDTH=s32'00000000000000000000000000100000..
Finding unused cells or wires in module $paramod\control\DWIDTH=s32'00000000000000000000000000100000..
Finding unused cells or wires in module $paramod$92ddabe66900a618ce68df6d5562d493b291abf4\alu..
Finding unused cells or wires in module $paramod$601c9edda80f283a73a87bf3095d4d13f490358d\memory..
Finding unused cells or wires in module $paramod$92ddabe66900a618ce68df6d5562d493b291abf4\writeback..
Finding unused cells or wires in module $paramod\register_file\DWIDTH=s32'00000000000000000000000000100000..
Finding unused cells or wires in module $paramod$601c9edda80f283a73a87bf3095d4d13f490358d\memory_controller..
Finding unused cells or wires in module $paramod$72aa32f6215a5e7f33ea8e69cece12e4d4e95dbe\main_memory..
Finding unused cells or wires in module $paramod\branch_control\DWIDTH=s32'00000000000000000000000000100000..

yosys> opt_expr

20.22. Executing OPT_EXPR pass (perform const folding).
Optimizing module $paramod$c62f8a9f84677eaf1c2389a0b378e75c721b2371\fetch.
Optimizing module control_pipeline.
Optimizing module hazard_detection_unit.
Optimizing module forwarding_unit.
Optimizing module rv_core.
Optimizing module stall_flush_logic.
Optimizing module $paramod$92ddabe66900a618ce68df6d5562d493b291abf4\decode.
Optimizing module $paramod\igen\DWIDTH=s32'00000000000000000000000000100000.
Optimizing module $paramod\control\DWIDTH=s32'00000000000000000000000000100000.
Optimizing module $paramod$92ddabe66900a618ce68df6d5562d493b291abf4\alu.
Optimizing module $paramod$601c9edda80f283a73a87bf3095d4d13f490358d\memory.
Optimizing module $paramod$92ddabe66900a618ce68df6d5562d493b291abf4\writeback.
Optimizing module $paramod\register_file\DWIDTH=s32'00000000000000000000000000100000.
Optimizing module $paramod$601c9edda80f283a73a87bf3095d4d13f490358d\memory_controller.
Optimizing module $paramod$72aa32f6215a5e7f33ea8e69cece12e4d4e95dbe\main_memory.
Optimizing module $paramod\branch_control\DWIDTH=s32'00000000000000000000000000100000.

20.23. Finished fast OPT passes. (There is nothing left to do.)

yosys> memory

21. Executing MEMORY pass.

yosys> opt_mem

21.1. Executing OPT_MEM pass (optimize memories).
Performed a total of 96 transformations.

yosys> opt_mem_priority

21.2. Executing OPT_MEM_PRIORITY pass (removing unnecessary memory write priority relations).
Performed a total of 533 transformations.

yosys> opt_mem_feedback

21.3. Executing OPT_MEM_FEEDBACK pass (finding memory read-to-write feedback paths).
  Analyzing $paramod\register_file\DWIDTH=s32'00000000000000000000000000100000.x write port 0.
  Analyzing $paramod\register_file\DWIDTH=s32'00000000000000000000000000100000.x write port 1.
  Analyzing $paramod\register_file\DWIDTH=s32'00000000000000000000000000100000.x write port 2.
  Analyzing $paramod\register_file\DWIDTH=s32'00000000000000000000000000100000.x write port 3.
  Analyzing $paramod\register_file\DWIDTH=s32'00000000000000000000000000100000.x write port 4.
  Analyzing $paramod\register_file\DWIDTH=s32'00000000000000000000000000100000.x write port 5.
  Analyzing $paramod\register_file\DWIDTH=s32'00000000000000000000000000100000.x write port 6.
  Analyzing $paramod\register_file\DWIDTH=s32'00000000000000000000000000100000.x write port 7.
  Analyzing $paramod\register_file\DWIDTH=s32'00000000000000000000000000100000.x write port 8.
  Analyzing $paramod\register_file\DWIDTH=s32'00000000000000000000000000100000.x write port 9.
  Analyzing $paramod\register_file\DWIDTH=s32'00000000000000000000000000100000.x write port 10.
  Analyzing $paramod\register_file\DWIDTH=s32'00000000000000000000000000100000.x write port 11.
  Analyzing $paramod\register_file\DWIDTH=s32'00000000000000000000000000100000.x write port 12.
  Analyzing $paramod\register_file\DWIDTH=s32'00000000000000000000000000100000.x write port 13.
  Analyzing $paramod\register_file\DWIDTH=s32'00000000000000000000000000100000.x write port 14.
  Analyzing $paramod\register_file\DWIDTH=s32'00000000000000000000000000100000.x write port 15.
  Analyzing $paramod\register_file\DWIDTH=s32'00000000000000000000000000100000.x write port 16.
  Analyzing $paramod\register_file\DWIDTH=s32'00000000000000000000000000100000.x write port 17.
  Analyzing $paramod\register_file\DWIDTH=s32'00000000000000000000000000100000.x write port 18.
  Analyzing $paramod\register_file\DWIDTH=s32'00000000000000000000000000100000.x write port 19.
  Analyzing $paramod\register_file\DWIDTH=s32'00000000000000000000000000100000.x write port 20.
  Analyzing $paramod\register_file\DWIDTH=s32'00000000000000000000000000100000.x write port 21.
  Analyzing $paramod\register_file\DWIDTH=s32'00000000000000000000000000100000.x write port 22.
  Analyzing $paramod\register_file\DWIDTH=s32'00000000000000000000000000100000.x write port 23.
  Analyzing $paramod\register_file\DWIDTH=s32'00000000000000000000000000100000.x write port 24.
  Analyzing $paramod\register_file\DWIDTH=s32'00000000000000000000000000100000.x write port 25.
  Analyzing $paramod\register_file\DWIDTH=s32'00000000000000000000000000100000.x write port 26.
  Analyzing $paramod\register_file\DWIDTH=s32'00000000000000000000000000100000.x write port 27.
  Analyzing $paramod\register_file\DWIDTH=s32'00000000000000000000000000100000.x write port 28.
  Analyzing $paramod\register_file\DWIDTH=s32'00000000000000000000000000100000.x write port 29.
  Analyzing $paramod\register_file\DWIDTH=s32'00000000000000000000000000100000.x write port 30.
  Analyzing $paramod\register_file\DWIDTH=s32'00000000000000000000000000100000.x write port 31.
  Analyzing $paramod\register_file\DWIDTH=s32'00000000000000000000000000100000.x write port 32.
  Analyzing $paramod\register_file\DWIDTH=s32'00000000000000000000000000100000.x write port 33.
  Analyzing $paramod$72aa32f6215a5e7f33ea8e69cece12e4d4e95dbe\main_memory.main_memory write port 0.
  Analyzing $paramod$72aa32f6215a5e7f33ea8e69cece12e4d4e95dbe\main_memory.main_memory write port 1.
  Analyzing $paramod$72aa32f6215a5e7f33ea8e69cece12e4d4e95dbe\main_memory.main_memory write port 2.
  Analyzing $paramod$72aa32f6215a5e7f33ea8e69cece12e4d4e95dbe\main_memory.main_memory write port 3.

yosys> memory_bmux2rom

21.4. Executing MEMORY_BMUX2ROM pass (converting muxes to ROMs).

yosys> memory_dff

21.5. Executing MEMORY_DFF pass (merging $dff cells to $memrd).
Checking read port `\x'[0] in module `$paramod\register_file\DWIDTH=s32'00000000000000000000000000100000': no output FF found.
Checking read port `\x'[1] in module `$paramod\register_file\DWIDTH=s32'00000000000000000000000000100000': no output FF found.
Checking read port address `\x'[0] in module `$paramod\register_file\DWIDTH=s32'00000000000000000000000000100000': no address FF found.
Checking read port address `\x'[1] in module `$paramod\register_file\DWIDTH=s32'00000000000000000000000000100000': no address FF found.
Checking read port `\main_memory'[0] in module `$paramod$72aa32f6215a5e7f33ea8e69cece12e4d4e95dbe\main_memory': no output FF found.
Checking read port `\main_memory'[1] in module `$paramod$72aa32f6215a5e7f33ea8e69cece12e4d4e95dbe\main_memory': no output FF found.
Checking read port address `\main_memory'[0] in module `$paramod$72aa32f6215a5e7f33ea8e69cece12e4d4e95dbe\main_memory': no address FF found.
Checking read port address `\main_memory'[1] in module `$paramod$72aa32f6215a5e7f33ea8e69cece12e4d4e95dbe\main_memory': no address FF found.

yosys> opt_clean

21.6. Executing OPT_CLEAN pass (remove unused cells and wires).
Finding unused cells or wires in module $paramod$c62f8a9f84677eaf1c2389a0b378e75c721b2371\fetch..
Finding unused cells or wires in module \control_pipeline..
Finding unused cells or wires in module \hazard_detection_unit..
Finding unused cells or wires in module \forwarding_unit..
Finding unused cells or wires in module \rv_core..
Finding unused cells or wires in module \stall_flush_logic..
Finding unused cells or wires in module $paramod$92ddabe66900a618ce68df6d5562d493b291abf4\decode..
Finding unused cells or wires in module $paramod\igen\DWIDTH=s32'00000000000000000000000000100000..
Finding unused cells or wires in module $paramod\control\DWIDTH=s32'00000000000000000000000000100000..
Finding unused cells or wires in module $paramod$92ddabe66900a618ce68df6d5562d493b291abf4\alu..
Finding unused cells or wires in module $paramod$601c9edda80f283a73a87bf3095d4d13f490358d\memory..
Finding unused cells or wires in module $paramod$92ddabe66900a618ce68df6d5562d493b291abf4\writeback..
Finding unused cells or wires in module $paramod\register_file\DWIDTH=s32'00000000000000000000000000100000..
Finding unused cells or wires in module $paramod$601c9edda80f283a73a87bf3095d4d13f490358d\memory_controller..
Finding unused cells or wires in module $paramod$72aa32f6215a5e7f33ea8e69cece12e4d4e95dbe\main_memory..
Finding unused cells or wires in module $paramod\branch_control\DWIDTH=s32'00000000000000000000000000100000..

yosys> memory_share

21.7. Executing MEMORY_SHARE pass (consolidating $memrd/$memwr cells).
Consolidating read ports of memory $paramod\register_file\DWIDTH=s32'00000000000000000000000000100000.x by address:
Consolidating write ports of memory $paramod\register_file\DWIDTH=s32'00000000000000000000000000100000.x by address:
  Merging ports 0, 1 (address 0).
  Merging ports 0, 2 (address 0).
  Merging ports 0, 3 (address 0).
  Merging ports 0, 4 (address 0).
  Merging ports 0, 5 (address 0).
  Merging ports 0, 6 (address 0).
  Merging ports 0, 7 (address 0).
  Merging ports 0, 8 (address 0).
  Merging ports 0, 9 (address 0).
  Merging ports 0, 10 (address 0).
  Merging ports 0, 11 (address 0).
  Merging ports 0, 12 (address 0).
  Merging ports 0, 13 (address 0).
  Merging ports 0, 14 (address 0).
  Merging ports 0, 15 (address 0).
  Merging ports 0, 16 (address 0).
  Merging ports 0, 17 (address 0).
  Merging ports 0, 18 (address 0).
  Merging ports 0, 19 (address 0).
  Merging ports 0, 20 (address 0).
  Merging ports 0, 21 (address 0).
  Merging ports 0, 22 (address 0).
  Merging ports 0, 23 (address 0).
  Merging ports 0, 24 (address 0).
  Merging ports 0, 25 (address 0).
  Merging ports 0, 26 (address 0).
  Merging ports 0, 27 (address 0).
  Merging ports 0, 28 (address 0).
  Merging ports 0, 29 (address 0).
  Merging ports 0, 30 (address 0).
  Merging ports 0, 31 (address 0).
  Merging ports 0, 32 (address 0).
Consolidating write ports of memory $paramod\register_file\DWIDTH=s32'00000000000000000000000000100000.x by address:
Consolidating write ports of memory $paramod\register_file\DWIDTH=s32'00000000000000000000000000100000.x using sat-based resource sharing:
Consolidating read ports of memory $paramod$72aa32f6215a5e7f33ea8e69cece12e4d4e95dbe\main_memory.main_memory by address:
Consolidating write ports of memory $paramod$72aa32f6215a5e7f33ea8e69cece12e4d4e95dbe\main_memory.main_memory by address:
  Merging ports 0, 1 (address { 2'00 \addr_i [31:2] }).
  Merging ports 0, 2 (address { 2'00 \addr_i [31:2] }).
  Merging ports 0, 3 (address { 2'00 \addr_i [31:2] }).

yosys> opt_mem_widen

21.8. Executing OPT_MEM_WIDEN pass (optimize memories where all ports are wide).
Performed a total of 0 transformations.

yosys> opt_clean

21.9. Executing OPT_CLEAN pass (remove unused cells and wires).
Finding unused cells or wires in module $paramod$c62f8a9f84677eaf1c2389a0b378e75c721b2371\fetch..
Finding unused cells or wires in module \control_pipeline..
Finding unused cells or wires in module \hazard_detection_unit..
Finding unused cells or wires in module \forwarding_unit..
Finding unused cells or wires in module \rv_core..
Finding unused cells or wires in module \stall_flush_logic..
Finding unused cells or wires in module $paramod$92ddabe66900a618ce68df6d5562d493b291abf4\decode..
Finding unused cells or wires in module $paramod\igen\DWIDTH=s32'00000000000000000000000000100000..
Finding unused cells or wires in module $paramod\control\DWIDTH=s32'00000000000000000000000000100000..
Finding unused cells or wires in module $paramod$92ddabe66900a618ce68df6d5562d493b291abf4\alu..
Finding unused cells or wires in module $paramod$601c9edda80f283a73a87bf3095d4d13f490358d\memory..
Finding unused cells or wires in module $paramod$92ddabe66900a618ce68df6d5562d493b291abf4\writeback..
Finding unused cells or wires in module $paramod\register_file\DWIDTH=s32'00000000000000000000000000100000..
Finding unused cells or wires in module $paramod$601c9edda80f283a73a87bf3095d4d13f490358d\memory_controller..
Finding unused cells or wires in module $paramod$72aa32f6215a5e7f33ea8e69cece12e4d4e95dbe\main_memory..
Finding unused cells or wires in module $paramod\branch_control\DWIDTH=s32'00000000000000000000000000100000..
Removed 8 unused cells and 8 unused wires.
<suppressed ~9 debug messages>

yosys> memory_collect

21.10. Executing MEMORY_COLLECT pass (generating $mem cells).

yosys> memory_map

21.11. Executing MEMORY_MAP pass (converting memories to logic and flip-flops).
Mapping memory \x in module $paramod\register_file\DWIDTH=s32'00000000000000000000000000100000:
  created 32 $dff cells and 0 static cells of width 32.
  read interface: 0 $dff and 62 $mux cells.
  write interface: 64 write mux blocks.
Mapping memory \main_memory in module $paramod$72aa32f6215a5e7f33ea8e69cece12e4d4e95dbe\main_memory:
  created 256 $dff cells and 0 static cells of width 32.
  read interface: 0 $dff and 510 $mux cells.
  write interface: 1024 write mux blocks.

yosys> opt

22. Executing OPT pass (performing simple optimizations).

yosys> opt_expr

22.1. Executing OPT_EXPR pass (perform const folding).
Optimizing module $paramod$c62f8a9f84677eaf1c2389a0b378e75c721b2371\fetch.
Optimizing module control_pipeline.
Optimizing module hazard_detection_unit.
Optimizing module forwarding_unit.
Optimizing module rv_core.
Optimizing module stall_flush_logic.
Optimizing module $paramod$92ddabe66900a618ce68df6d5562d493b291abf4\decode.
Optimizing module $paramod\igen\DWIDTH=s32'00000000000000000000000000100000.
Optimizing module $paramod\control\DWIDTH=s32'00000000000000000000000000100000.
Optimizing module $paramod$92ddabe66900a618ce68df6d5562d493b291abf4\alu.
Optimizing module $paramod$601c9edda80f283a73a87bf3095d4d13f490358d\memory.
Optimizing module $paramod$92ddabe66900a618ce68df6d5562d493b291abf4\writeback.
Optimizing module $paramod\register_file\DWIDTH=s32'00000000000000000000000000100000.
<suppressed ~122 debug messages>
Optimizing module $paramod$601c9edda80f283a73a87bf3095d4d13f490358d\memory_controller.
Optimizing module $paramod$72aa32f6215a5e7f33ea8e69cece12e4d4e95dbe\main_memory.
<suppressed ~41 debug messages>
Optimizing module $paramod\branch_control\DWIDTH=s32'00000000000000000000000000100000.

yosys> opt_merge -nomux

22.2. Executing OPT_MERGE pass (detect identical cells).
Finding identical cells in module `$paramod$c62f8a9f84677eaf1c2389a0b378e75c721b2371\fetch'.
Computing hashes of 4 cells of `$paramod$c62f8a9f84677eaf1c2389a0b378e75c721b2371\fetch'.
Finding duplicate cells in `$paramod$c62f8a9f84677eaf1c2389a0b378e75c721b2371\fetch'.
Finding identical cells in module `\control_pipeline'.
Computing hashes of 6 cells of `\control_pipeline'.
Finding duplicate cells in `\control_pipeline'.
Finding identical cells in module `\hazard_detection_unit'.
Computing hashes of 6 cells of `\hazard_detection_unit'.
Finding duplicate cells in `\hazard_detection_unit'.
Finding identical cells in module `\forwarding_unit'.
Computing hashes of 16 cells of `\forwarding_unit'.
Finding duplicate cells in `\forwarding_unit'.
Finding identical cells in module `\rv_core'.
Computing hashes of 64 cells of `\rv_core'.
Finding duplicate cells in `\rv_core'.
Finding identical cells in module `\stall_flush_logic'.
Computing hashes of 5 cells of `\stall_flush_logic'.
Finding duplicate cells in `\stall_flush_logic'.
Finding identical cells in module `$paramod$92ddabe66900a618ce68df6d5562d493b291abf4\decode'.
Computing hashes of 19 cells of `$paramod$92ddabe66900a618ce68df6d5562d493b291abf4\decode'.
Finding duplicate cells in `$paramod$92ddabe66900a618ce68df6d5562d493b291abf4\decode'.
Finding identical cells in module `$paramod\igen\DWIDTH=s32'00000000000000000000000000100000'.
Computing hashes of 11 cells of `$paramod\igen\DWIDTH=s32'00000000000000000000000000100000'.
Finding duplicate cells in `$paramod\igen\DWIDTH=s32'00000000000000000000000000100000'.
Finding identical cells in module `$paramod\control\DWIDTH=s32'00000000000000000000000000100000'.
Computing hashes of 35 cells of `$paramod\control\DWIDTH=s32'00000000000000000000000000100000'.
Finding duplicate cells in `$paramod\control\DWIDTH=s32'00000000000000000000000000100000'.
Finding identical cells in module `$paramod$92ddabe66900a618ce68df6d5562d493b291abf4\alu'.
Computing hashes of 41 cells of `$paramod$92ddabe66900a618ce68df6d5562d493b291abf4\alu'.
Finding duplicate cells in `$paramod$92ddabe66900a618ce68df6d5562d493b291abf4\alu'.
Finding identical cells in module `$paramod$601c9edda80f283a73a87bf3095d4d13f490358d\memory'.
Computing hashes of 2 cells of `$paramod$601c9edda80f283a73a87bf3095d4d13f490358d\memory'.
Finding duplicate cells in `$paramod$601c9edda80f283a73a87bf3095d4d13f490358d\memory'.
Finding identical cells in module `$paramod$92ddabe66900a618ce68df6d5562d493b291abf4\writeback'.
Computing hashes of 6 cells of `$paramod$92ddabe66900a618ce68df6d5562d493b291abf4\writeback'.
Finding duplicate cells in `$paramod$92ddabe66900a618ce68df6d5562d493b291abf4\writeback'.
Finding identical cells in module `$paramod\register_file\DWIDTH=s32'00000000000000000000000000100000'.
Computing hashes of 261 cells of `$paramod\register_file\DWIDTH=s32'00000000000000000000000000100000'.
Finding duplicate cells in `$paramod\register_file\DWIDTH=s32'00000000000000000000000000100000'.
Finding identical cells in module `$paramod$601c9edda80f283a73a87bf3095d4d13f490358d\memory_controller'.
Computing hashes of 17 cells of `$paramod$601c9edda80f283a73a87bf3095d4d13f490358d\memory_controller'.
Finding duplicate cells in `$paramod$601c9edda80f283a73a87bf3095d4d13f490358d\memory_controller'.
Finding identical cells in module `$paramod$72aa32f6215a5e7f33ea8e69cece12e4d4e95dbe\main_memory'.
Computing hashes of 3706 cells of `$paramod$72aa32f6215a5e7f33ea8e69cece12e4d4e95dbe\main_memory'.
Finding duplicate cells in `$paramod$72aa32f6215a5e7f33ea8e69cece12e4d4e95dbe\main_memory'.
Finding identical cells in module `$paramod\branch_control\DWIDTH=s32'00000000000000000000000000100000'.
Computing hashes of 17 cells of `$paramod\branch_control\DWIDTH=s32'00000000000000000000000000100000'.
Finding duplicate cells in `$paramod\branch_control\DWIDTH=s32'00000000000000000000000000100000'.
Removed a total of 0 cells.

yosys> opt_muxtree

22.3. Executing OPT_MUXTREE pass (detect dead branches in mux trees).
Running muxtree optimizer on module $paramod$c62f8a9f84677eaf1c2389a0b378e75c721b2371\fetch..
  Creating internal representation of mux trees.
  Evaluating internal representation of mux trees.
  Analyzing evaluation results.
Running muxtree optimizer on module \control_pipeline..
  Creating internal representation of mux trees.
  No muxes found in this module.
Running muxtree optimizer on module \hazard_detection_unit..
  Creating internal representation of mux trees.
  No muxes found in this module.
Running muxtree optimizer on module \forwarding_unit..
  Creating internal representation of mux trees.
  Evaluating internal representation of mux trees.
  Analyzing evaluation results.
Running muxtree optimizer on module \rv_core..
  Creating internal representation of mux trees.
  Evaluating internal representation of mux trees.
  Analyzing evaluation results.
Running muxtree optimizer on module \stall_flush_logic..
  Creating internal representation of mux trees.
  No muxes found in this module.
Running muxtree optimizer on module $paramod$92ddabe66900a618ce68df6d5562d493b291abf4\decode..
  Creating internal representation of mux trees.
  Evaluating internal representation of mux trees.
  Analyzing evaluation results.
Running muxtree optimizer on module $paramod\igen\DWIDTH=s32'00000000000000000000000000100000..
  Creating internal representation of mux trees.
  Evaluating internal representation of mux trees.
  Analyzing evaluation results.
Running muxtree optimizer on module $paramod\control\DWIDTH=s32'00000000000000000000000000100000..
  Creating internal representation of mux trees.
  Evaluating internal representation of mux trees.
  Analyzing evaluation results.
Running muxtree optimizer on module $paramod$92ddabe66900a618ce68df6d5562d493b291abf4\alu..
  Creating internal representation of mux trees.
  Evaluating internal representation of mux trees.
  Analyzing evaluation results.
Running muxtree optimizer on module $paramod$601c9edda80f283a73a87bf3095d4d13f490358d\memory..
  Creating internal representation of mux trees.
  No muxes found in this module.
Running muxtree optimizer on module $paramod$92ddabe66900a618ce68df6d5562d493b291abf4\writeback..
  Creating internal representation of mux trees.
  Evaluating internal representation of mux trees.
  Analyzing evaluation results.
Running muxtree optimizer on module $paramod\register_file\DWIDTH=s32'00000000000000000000000000100000..
  Creating internal representation of mux trees.
  Evaluating internal representation of mux trees.
  Analyzing evaluation results.
    dead port 2/2 on $mux $auto$memory_share.cc:274:consolidate_wr_by_addr$1554.
Running muxtree optimizer on module $paramod$601c9edda80f283a73a87bf3095d4d13f490358d\memory_controller..
  Creating internal representation of mux trees.
  Evaluating internal representation of mux trees.
  Analyzing evaluation results.
Running muxtree optimizer on module $paramod$72aa32f6215a5e7f33ea8e69cece12e4d4e95dbe\main_memory..
  Creating internal representation of mux trees.
  Evaluating internal representation of mux trees.
  Analyzing evaluation results.
Running muxtree optimizer on module $paramod\branch_control\DWIDTH=s32'00000000000000000000000000100000..
  Creating internal representation of mux trees.
  Evaluating internal representation of mux trees.
  Analyzing evaluation results.
Removed 1 multiplexer ports.
<suppressed ~4960 debug messages>

yosys> opt_reduce

22.4. Executing OPT_REDUCE pass (consolidate $*mux and $reduce_* inputs).
  Optimizing cells in module $paramod$c62f8a9f84677eaf1c2389a0b378e75c721b2371\fetch.
  Optimizing cells in module \control_pipeline.
  Optimizing cells in module \hazard_detection_unit.
  Optimizing cells in module \forwarding_unit.
  Optimizing cells in module \rv_core.
  Optimizing cells in module \stall_flush_logic.
  Optimizing cells in module $paramod$92ddabe66900a618ce68df6d5562d493b291abf4\decode.
  Optimizing cells in module $paramod\igen\DWIDTH=s32'00000000000000000000000000100000.
  Optimizing cells in module $paramod\control\DWIDTH=s32'00000000000000000000000000100000.
  Optimizing cells in module $paramod$92ddabe66900a618ce68df6d5562d493b291abf4\alu.
  Optimizing cells in module $paramod$601c9edda80f283a73a87bf3095d4d13f490358d\memory.
  Optimizing cells in module $paramod$92ddabe66900a618ce68df6d5562d493b291abf4\writeback.
  Optimizing cells in module $paramod\register_file\DWIDTH=s32'00000000000000000000000000100000.
  Optimizing cells in module $paramod$601c9edda80f283a73a87bf3095d4d13f490358d\memory_controller.
  Optimizing cells in module $paramod$72aa32f6215a5e7f33ea8e69cece12e4d4e95dbe\main_memory.
  Optimizing cells in module $paramod\branch_control\DWIDTH=s32'00000000000000000000000000100000.
Performed a total of 0 changes.

yosys> opt_merge

22.5. Executing OPT_MERGE pass (detect identical cells).
Finding identical cells in module `$paramod$c62f8a9f84677eaf1c2389a0b378e75c721b2371\fetch'.
Computing hashes of 4 cells of `$paramod$c62f8a9f84677eaf1c2389a0b378e75c721b2371\fetch'.
Finding duplicate cells in `$paramod$c62f8a9f84677eaf1c2389a0b378e75c721b2371\fetch'.
Finding identical cells in module `\control_pipeline'.
Computing hashes of 6 cells of `\control_pipeline'.
Finding duplicate cells in `\control_pipeline'.
Finding identical cells in module `\hazard_detection_unit'.
Computing hashes of 6 cells of `\hazard_detection_unit'.
Finding duplicate cells in `\hazard_detection_unit'.
Finding identical cells in module `\forwarding_unit'.
Computing hashes of 16 cells of `\forwarding_unit'.
Finding duplicate cells in `\forwarding_unit'.
Finding identical cells in module `\rv_core'.
Computing hashes of 64 cells of `\rv_core'.
Finding duplicate cells in `\rv_core'.
Finding identical cells in module `\stall_flush_logic'.
Computing hashes of 5 cells of `\stall_flush_logic'.
Finding duplicate cells in `\stall_flush_logic'.
Finding identical cells in module `$paramod$92ddabe66900a618ce68df6d5562d493b291abf4\decode'.
Computing hashes of 19 cells of `$paramod$92ddabe66900a618ce68df6d5562d493b291abf4\decode'.
Finding duplicate cells in `$paramod$92ddabe66900a618ce68df6d5562d493b291abf4\decode'.
Finding identical cells in module `$paramod\igen\DWIDTH=s32'00000000000000000000000000100000'.
Computing hashes of 11 cells of `$paramod\igen\DWIDTH=s32'00000000000000000000000000100000'.
Finding duplicate cells in `$paramod\igen\DWIDTH=s32'00000000000000000000000000100000'.
Finding identical cells in module `$paramod\control\DWIDTH=s32'00000000000000000000000000100000'.
Computing hashes of 35 cells of `$paramod\control\DWIDTH=s32'00000000000000000000000000100000'.
Finding duplicate cells in `$paramod\control\DWIDTH=s32'00000000000000000000000000100000'.
Finding identical cells in module `$paramod$92ddabe66900a618ce68df6d5562d493b291abf4\alu'.
Computing hashes of 41 cells of `$paramod$92ddabe66900a618ce68df6d5562d493b291abf4\alu'.
Finding duplicate cells in `$paramod$92ddabe66900a618ce68df6d5562d493b291abf4\alu'.
Finding identical cells in module `$paramod$601c9edda80f283a73a87bf3095d4d13f490358d\memory'.
Computing hashes of 2 cells of `$paramod$601c9edda80f283a73a87bf3095d4d13f490358d\memory'.
Finding duplicate cells in `$paramod$601c9edda80f283a73a87bf3095d4d13f490358d\memory'.
Finding identical cells in module `$paramod$92ddabe66900a618ce68df6d5562d493b291abf4\writeback'.
Computing hashes of 6 cells of `$paramod$92ddabe66900a618ce68df6d5562d493b291abf4\writeback'.
Finding duplicate cells in `$paramod$92ddabe66900a618ce68df6d5562d493b291abf4\writeback'.
Finding identical cells in module `$paramod\register_file\DWIDTH=s32'00000000000000000000000000100000'.
Computing hashes of 260 cells of `$paramod\register_file\DWIDTH=s32'00000000000000000000000000100000'.
Finding duplicate cells in `$paramod\register_file\DWIDTH=s32'00000000000000000000000000100000'.
Finding identical cells in module `$paramod$601c9edda80f283a73a87bf3095d4d13f490358d\memory_controller'.
Computing hashes of 17 cells of `$paramod$601c9edda80f283a73a87bf3095d4d13f490358d\memory_controller'.
Finding duplicate cells in `$paramod$601c9edda80f283a73a87bf3095d4d13f490358d\memory_controller'.
Finding identical cells in module `$paramod$72aa32f6215a5e7f33ea8e69cece12e4d4e95dbe\main_memory'.
Computing hashes of 3706 cells of `$paramod$72aa32f6215a5e7f33ea8e69cece12e4d4e95dbe\main_memory'.
Finding duplicate cells in `$paramod$72aa32f6215a5e7f33ea8e69cece12e4d4e95dbe\main_memory'.
Finding identical cells in module `$paramod\branch_control\DWIDTH=s32'00000000000000000000000000100000'.
Computing hashes of 17 cells of `$paramod\branch_control\DWIDTH=s32'00000000000000000000000000100000'.
Finding duplicate cells in `$paramod\branch_control\DWIDTH=s32'00000000000000000000000000100000'.
Removed a total of 0 cells.

yosys> opt_dff

22.6. Executing OPT_DFF pass (perform DFF optimizations).

yosys> opt_clean

22.7. Executing OPT_CLEAN pass (remove unused cells and wires).
Finding unused cells or wires in module $paramod$c62f8a9f84677eaf1c2389a0b378e75c721b2371\fetch..
Finding unused cells or wires in module \control_pipeline..
Finding unused cells or wires in module \hazard_detection_unit..
Finding unused cells or wires in module \forwarding_unit..
Finding unused cells or wires in module \rv_core..
Finding unused cells or wires in module \stall_flush_logic..
Finding unused cells or wires in module $paramod$92ddabe66900a618ce68df6d5562d493b291abf4\decode..
Finding unused cells or wires in module $paramod\igen\DWIDTH=s32'00000000000000000000000000100000..
Finding unused cells or wires in module $paramod\control\DWIDTH=s32'00000000000000000000000000100000..
Finding unused cells or wires in module $paramod$92ddabe66900a618ce68df6d5562d493b291abf4\alu..
Finding unused cells or wires in module $paramod$601c9edda80f283a73a87bf3095d4d13f490358d\memory..
Finding unused cells or wires in module $paramod$92ddabe66900a618ce68df6d5562d493b291abf4\writeback..
Finding unused cells or wires in module $paramod\register_file\DWIDTH=s32'00000000000000000000000000100000..
Finding unused cells or wires in module $paramod$601c9edda80f283a73a87bf3095d4d13f490358d\memory_controller..
Finding unused cells or wires in module $paramod$72aa32f6215a5e7f33ea8e69cece12e4d4e95dbe\main_memory..
Finding unused cells or wires in module $paramod\branch_control\DWIDTH=s32'00000000000000000000000000100000..
Removed 0 unused cells and 993 unused wires.
<suppressed ~2 debug messages>

yosys> opt_expr

22.8. Executing OPT_EXPR pass (perform const folding).
Optimizing module $paramod$c62f8a9f84677eaf1c2389a0b378e75c721b2371\fetch.
Optimizing module control_pipeline.
Optimizing module hazard_detection_unit.
Optimizing module forwarding_unit.
Optimizing module rv_core.
Optimizing module stall_flush_logic.
Optimizing module $paramod$92ddabe66900a618ce68df6d5562d493b291abf4\decode.
Optimizing module $paramod\igen\DWIDTH=s32'00000000000000000000000000100000.
Optimizing module $paramod\control\DWIDTH=s32'00000000000000000000000000100000.
Optimizing module $paramod$92ddabe66900a618ce68df6d5562d493b291abf4\alu.
Optimizing module $paramod$601c9edda80f283a73a87bf3095d4d13f490358d\memory.
Optimizing module $paramod$92ddabe66900a618ce68df6d5562d493b291abf4\writeback.
Optimizing module $paramod\register_file\DWIDTH=s32'00000000000000000000000000100000.
Optimizing module $paramod$601c9edda80f283a73a87bf3095d4d13f490358d\memory_controller.
Optimizing module $paramod$72aa32f6215a5e7f33ea8e69cece12e4d4e95dbe\main_memory.
Optimizing module $paramod\branch_control\DWIDTH=s32'00000000000000000000000000100000.

22.9. Rerunning OPT passes. (Maybe there is more to do..)

yosys> opt_muxtree

22.10. Executing OPT_MUXTREE pass (detect dead branches in mux trees).
Running muxtree optimizer on module $paramod$c62f8a9f84677eaf1c2389a0b378e75c721b2371\fetch..
  Creating internal representation of mux trees.
  Evaluating internal representation of mux trees.
  Analyzing evaluation results.
Running muxtree optimizer on module \control_pipeline..
  Creating internal representation of mux trees.
  No muxes found in this module.
Running muxtree optimizer on module \hazard_detection_unit..
  Creating internal representation of mux trees.
  No muxes found in this module.
Running muxtree optimizer on module \forwarding_unit..
  Creating internal representation of mux trees.
  Evaluating internal representation of mux trees.
  Analyzing evaluation results.
Running muxtree optimizer on module \rv_core..
  Creating internal representation of mux trees.
  Evaluating internal representation of mux trees.
  Analyzing evaluation results.
Running muxtree optimizer on module \stall_flush_logic..
  Creating internal representation of mux trees.
  No muxes found in this module.
Running muxtree optimizer on module $paramod$92ddabe66900a618ce68df6d5562d493b291abf4\decode..
  Creating internal representation of mux trees.
  Evaluating internal representation of mux trees.
  Analyzing evaluation results.
Running muxtree optimizer on module $paramod\igen\DWIDTH=s32'00000000000000000000000000100000..
  Creating internal representation of mux trees.
  Evaluating internal representation of mux trees.
  Analyzing evaluation results.
Running muxtree optimizer on module $paramod\control\DWIDTH=s32'00000000000000000000000000100000..
  Creating internal representation of mux trees.
  Evaluating internal representation of mux trees.
  Analyzing evaluation results.
Running muxtree optimizer on module $paramod$92ddabe66900a618ce68df6d5562d493b291abf4\alu..
  Creating internal representation of mux trees.
  Evaluating internal representation of mux trees.
  Analyzing evaluation results.
Running muxtree optimizer on module $paramod$601c9edda80f283a73a87bf3095d4d13f490358d\memory..
  Creating internal representation of mux trees.
  No muxes found in this module.
Running muxtree optimizer on module $paramod$92ddabe66900a618ce68df6d5562d493b291abf4\writeback..
  Creating internal representation of mux trees.
  Evaluating internal representation of mux trees.
  Analyzing evaluation results.
Running muxtree optimizer on module $paramod\register_file\DWIDTH=s32'00000000000000000000000000100000..
  Creating internal representation of mux trees.
  Evaluating internal representation of mux trees.
  Analyzing evaluation results.
Running muxtree optimizer on module $paramod$601c9edda80f283a73a87bf3095d4d13f490358d\memory_controller..
  Creating internal representation of mux trees.
  Evaluating internal representation of mux trees.
  Analyzing evaluation results.
Running muxtree optimizer on module $paramod$72aa32f6215a5e7f33ea8e69cece12e4d4e95dbe\main_memory..
  Creating internal representation of mux trees.
  Evaluating internal representation of mux trees.
  Analyzing evaluation results.
Running muxtree optimizer on module $paramod\branch_control\DWIDTH=s32'00000000000000000000000000100000..
  Creating internal representation of mux trees.
  Evaluating internal representation of mux trees.
  Analyzing evaluation results.
Removed 0 multiplexer ports.
<suppressed ~4959 debug messages>

yosys> opt_reduce

22.11. Executing OPT_REDUCE pass (consolidate $*mux and $reduce_* inputs).
  Optimizing cells in module $paramod$c62f8a9f84677eaf1c2389a0b378e75c721b2371\fetch.
  Optimizing cells in module \control_pipeline.
  Optimizing cells in module \hazard_detection_unit.
  Optimizing cells in module \forwarding_unit.
  Optimizing cells in module \rv_core.
  Optimizing cells in module \stall_flush_logic.
  Optimizing cells in module $paramod$92ddabe66900a618ce68df6d5562d493b291abf4\decode.
  Optimizing cells in module $paramod\igen\DWIDTH=s32'00000000000000000000000000100000.
  Optimizing cells in module $paramod\control\DWIDTH=s32'00000000000000000000000000100000.
  Optimizing cells in module $paramod$92ddabe66900a618ce68df6d5562d493b291abf4\alu.
  Optimizing cells in module $paramod$601c9edda80f283a73a87bf3095d4d13f490358d\memory.
  Optimizing cells in module $paramod$92ddabe66900a618ce68df6d5562d493b291abf4\writeback.
  Optimizing cells in module $paramod\register_file\DWIDTH=s32'00000000000000000000000000100000.
  Optimizing cells in module $paramod$601c9edda80f283a73a87bf3095d4d13f490358d\memory_controller.
  Optimizing cells in module $paramod$72aa32f6215a5e7f33ea8e69cece12e4d4e95dbe\main_memory.
  Optimizing cells in module $paramod\branch_control\DWIDTH=s32'00000000000000000000000000100000.
Performed a total of 0 changes.

yosys> opt_merge

22.12. Executing OPT_MERGE pass (detect identical cells).
Finding identical cells in module `$paramod$c62f8a9f84677eaf1c2389a0b378e75c721b2371\fetch'.
Computing hashes of 4 cells of `$paramod$c62f8a9f84677eaf1c2389a0b378e75c721b2371\fetch'.
Finding duplicate cells in `$paramod$c62f8a9f84677eaf1c2389a0b378e75c721b2371\fetch'.
Finding identical cells in module `\control_pipeline'.
Computing hashes of 6 cells of `\control_pipeline'.
Finding duplicate cells in `\control_pipeline'.
Finding identical cells in module `\hazard_detection_unit'.
Computing hashes of 6 cells of `\hazard_detection_unit'.
Finding duplicate cells in `\hazard_detection_unit'.
Finding identical cells in module `\forwarding_unit'.
Computing hashes of 16 cells of `\forwarding_unit'.
Finding duplicate cells in `\forwarding_unit'.
Finding identical cells in module `\rv_core'.
Computing hashes of 64 cells of `\rv_core'.
Finding duplicate cells in `\rv_core'.
Finding identical cells in module `\stall_flush_logic'.
Computing hashes of 5 cells of `\stall_flush_logic'.
Finding duplicate cells in `\stall_flush_logic'.
Finding identical cells in module `$paramod$92ddabe66900a618ce68df6d5562d493b291abf4\decode'.
Computing hashes of 19 cells of `$paramod$92ddabe66900a618ce68df6d5562d493b291abf4\decode'.
Finding duplicate cells in `$paramod$92ddabe66900a618ce68df6d5562d493b291abf4\decode'.
Finding identical cells in module `$paramod\igen\DWIDTH=s32'00000000000000000000000000100000'.
Computing hashes of 11 cells of `$paramod\igen\DWIDTH=s32'00000000000000000000000000100000'.
Finding duplicate cells in `$paramod\igen\DWIDTH=s32'00000000000000000000000000100000'.
Finding identical cells in module `$paramod\control\DWIDTH=s32'00000000000000000000000000100000'.
Computing hashes of 35 cells of `$paramod\control\DWIDTH=s32'00000000000000000000000000100000'.
Finding duplicate cells in `$paramod\control\DWIDTH=s32'00000000000000000000000000100000'.
Finding identical cells in module `$paramod$92ddabe66900a618ce68df6d5562d493b291abf4\alu'.
Computing hashes of 41 cells of `$paramod$92ddabe66900a618ce68df6d5562d493b291abf4\alu'.
Finding duplicate cells in `$paramod$92ddabe66900a618ce68df6d5562d493b291abf4\alu'.
Finding identical cells in module `$paramod$601c9edda80f283a73a87bf3095d4d13f490358d\memory'.
Computing hashes of 2 cells of `$paramod$601c9edda80f283a73a87bf3095d4d13f490358d\memory'.
Finding duplicate cells in `$paramod$601c9edda80f283a73a87bf3095d4d13f490358d\memory'.
Finding identical cells in module `$paramod$92ddabe66900a618ce68df6d5562d493b291abf4\writeback'.
Computing hashes of 6 cells of `$paramod$92ddabe66900a618ce68df6d5562d493b291abf4\writeback'.
Finding duplicate cells in `$paramod$92ddabe66900a618ce68df6d5562d493b291abf4\writeback'.
Finding identical cells in module `$paramod\register_file\DWIDTH=s32'00000000000000000000000000100000'.
Computing hashes of 260 cells of `$paramod\register_file\DWIDTH=s32'00000000000000000000000000100000'.
Finding duplicate cells in `$paramod\register_file\DWIDTH=s32'00000000000000000000000000100000'.
Finding identical cells in module `$paramod$601c9edda80f283a73a87bf3095d4d13f490358d\memory_controller'.
Computing hashes of 17 cells of `$paramod$601c9edda80f283a73a87bf3095d4d13f490358d\memory_controller'.
Finding duplicate cells in `$paramod$601c9edda80f283a73a87bf3095d4d13f490358d\memory_controller'.
Finding identical cells in module `$paramod$72aa32f6215a5e7f33ea8e69cece12e4d4e95dbe\main_memory'.
Computing hashes of 3706 cells of `$paramod$72aa32f6215a5e7f33ea8e69cece12e4d4e95dbe\main_memory'.
Finding duplicate cells in `$paramod$72aa32f6215a5e7f33ea8e69cece12e4d4e95dbe\main_memory'.
Finding identical cells in module `$paramod\branch_control\DWIDTH=s32'00000000000000000000000000100000'.
Computing hashes of 17 cells of `$paramod\branch_control\DWIDTH=s32'00000000000000000000000000100000'.
Finding duplicate cells in `$paramod\branch_control\DWIDTH=s32'00000000000000000000000000100000'.
Removed a total of 0 cells.

yosys> opt_dff

22.13. Executing OPT_DFF pass (perform DFF optimizations).
Adding EN signal on $memory\x[0]$1558 ($dff) from module $paramod\register_file\DWIDTH=s32'00000000000000000000000000100000 (D = $memory\x$wrmux[0][1][0]$y$1863, Q = \x[0]).
Adding EN signal on $memory\x[1]$1560 ($dff) from module $paramod\register_file\DWIDTH=s32'00000000000000000000000000100000 (D = $memory\x$wrmux[1][1][0]$y$1883, Q = \x[1]).
Adding EN signal on $memory\x[2]$1562 ($dff) from module $paramod\register_file\DWIDTH=s32'00000000000000000000000000100000 (D = $memory\x$wrmux[2][1][0]$y$1903, Q = \x[2]).
Adding EN signal on $memory\x[3]$1564 ($dff) from module $paramod\register_file\DWIDTH=s32'00000000000000000000000000100000 (D = $memory\x$wrmux[3][1][0]$y$1921, Q = \x[3]).
Adding EN signal on $memory\x[4]$1566 ($dff) from module $paramod\register_file\DWIDTH=s32'00000000000000000000000000100000 (D = $memory\x$wrmux[4][1][0]$y$1941, Q = \x[4]).
Adding EN signal on $memory\x[5]$1568 ($dff) from module $paramod\register_file\DWIDTH=s32'00000000000000000000000000100000 (D = $memory\x$wrmux[5][1][0]$y$1957, Q = \x[5]).
Adding EN signal on $memory\x[6]$1570 ($dff) from module $paramod\register_file\DWIDTH=s32'00000000000000000000000000100000 (D = $memory\x$wrmux[6][1][0]$y$1973, Q = \x[6]).
Adding EN signal on $memory\x[7]$1572 ($dff) from module $paramod\register_file\DWIDTH=s32'00000000000000000000000000100000 (D = $memory\x$wrmux[7][1][0]$y$1989, Q = \x[7]).
Adding EN signal on $memory\x[8]$1574 ($dff) from module $paramod\register_file\DWIDTH=s32'00000000000000000000000000100000 (D = $memory\x$wrmux[8][1][0]$y$2009, Q = \x[8]).
Adding EN signal on $memory\x[9]$1576 ($dff) from module $paramod\register_file\DWIDTH=s32'00000000000000000000000000100000 (D = $memory\x$wrmux[9][1][0]$y$2025, Q = \x[9]).
Adding EN signal on $memory\x[10]$1578 ($dff) from module $paramod\register_file\DWIDTH=s32'00000000000000000000000000100000 (D = $memory\x$wrmux[10][1][0]$y$2041, Q = \x[10]).
Adding EN signal on $memory\x[11]$1580 ($dff) from module $paramod\register_file\DWIDTH=s32'00000000000000000000000000100000 (D = $memory\x$wrmux[11][1][0]$y$2057, Q = \x[11]).
Adding EN signal on $memory\x[12]$1582 ($dff) from module $paramod\register_file\DWIDTH=s32'00000000000000000000000000100000 (D = $memory\x$wrmux[12][1][0]$y$2075, Q = \x[12]).
Adding EN signal on $memory\x[13]$1584 ($dff) from module $paramod\register_file\DWIDTH=s32'00000000000000000000000000100000 (D = $memory\x$wrmux[13][1][0]$y$2091, Q = \x[13]).
Adding EN signal on $memory\x[14]$1586 ($dff) from module $paramod\register_file\DWIDTH=s32'00000000000000000000000000100000 (D = $memory\x$wrmux[14][1][0]$y$2107, Q = \x[14]).
Adding EN signal on $memory\x[15]$1588 ($dff) from module $paramod\register_file\DWIDTH=s32'00000000000000000000000000100000 (D = $memory\x$wrmux[15][1][0]$y$2123, Q = \x[15]).
Adding EN signal on $memory\x[16]$1590 ($dff) from module $paramod\register_file\DWIDTH=s32'00000000000000000000000000100000 (D = $memory\x$wrmux[16][1][0]$y$2143, Q = \x[16]).
Adding EN signal on $memory\x[17]$1592 ($dff) from module $paramod\register_file\DWIDTH=s32'00000000000000000000000000100000 (D = $memory\x$wrmux[17][1][0]$y$2157, Q = \x[17]).
Adding EN signal on $memory\x[18]$1594 ($dff) from module $paramod\register_file\DWIDTH=s32'00000000000000000000000000100000 (D = $memory\x$wrmux[18][1][0]$y$2171, Q = \x[18]).
Adding EN signal on $memory\x[19]$1596 ($dff) from module $paramod\register_file\DWIDTH=s32'00000000000000000000000000100000 (D = $memory\x$wrmux[19][1][0]$y$2185, Q = \x[19]).
Adding EN signal on $memory\x[20]$1598 ($dff) from module $paramod\register_file\DWIDTH=s32'00000000000000000000000000100000 (D = $memory\x$wrmux[20][1][0]$y$2199, Q = \x[20]).
Adding EN signal on $memory\x[21]$1600 ($dff) from module $paramod\register_file\DWIDTH=s32'00000000000000000000000000100000 (D = $memory\x$wrmux[21][1][0]$y$2213, Q = \x[21]).
Adding EN signal on $memory\x[22]$1602 ($dff) from module $paramod\register_file\DWIDTH=s32'00000000000000000000000000100000 (D = $memory\x$wrmux[22][1][0]$y$2227, Q = \x[22]).
Adding EN signal on $memory\x[23]$1604 ($dff) from module $paramod\register_file\DWIDTH=s32'00000000000000000000000000100000 (D = $memory\x$wrmux[23][1][0]$y$2241, Q = \x[23]).
Adding EN signal on $memory\x[24]$1606 ($dff) from module $paramod\register_file\DWIDTH=s32'00000000000000000000000000100000 (D = $memory\x$wrmux[24][1][0]$y$2255, Q = \x[24]).
Adding EN signal on $memory\x[25]$1608 ($dff) from module $paramod\register_file\DWIDTH=s32'00000000000000000000000000100000 (D = $memory\x$wrmux[25][1][0]$y$2269, Q = \x[25]).
Adding EN signal on $memory\x[26]$1610 ($dff) from module $paramod\register_file\DWIDTH=s32'00000000000000000000000000100000 (D = $memory\x$wrmux[26][1][0]$y$2283, Q = \x[26]).
Adding EN signal on $memory\x[27]$1612 ($dff) from module $paramod\register_file\DWIDTH=s32'00000000000000000000000000100000 (D = $memory\x$wrmux[27][1][0]$y$2297, Q = \x[27]).
Adding EN signal on $memory\x[28]$1614 ($dff) from module $paramod\register_file\DWIDTH=s32'00000000000000000000000000100000 (D = $memory\x$wrmux[28][1][0]$y$2311, Q = \x[28]).
Adding EN signal on $memory\x[29]$1616 ($dff) from module $paramod\register_file\DWIDTH=s32'00000000000000000000000000100000 (D = $memory\x$wrmux[29][1][0]$y$2325, Q = \x[29]).
Adding EN signal on $memory\x[30]$1618 ($dff) from module $paramod\register_file\DWIDTH=s32'00000000000000000000000000100000 (D = $memory\x$wrmux[30][1][0]$y$2339, Q = \x[30]).
Adding EN signal on $memory\x[31]$1620 ($dff) from module $paramod\register_file\DWIDTH=s32'00000000000000000000000000100000 (D = $memory\x$wrmux[31][1][0]$y$2353, Q = \x[31]).
Adding EN signal on $memory\main_memory[0]$2354 ($dff) from module $paramod$72aa32f6215a5e7f33ea8e69cece12e4d4e95dbe\main_memory (D = $0$memwr$\main_memory$code/main_memory.sv:144$338_DATA[31:0]$356 [7:0], Q = \main_memory[0] [7:0]).
Adding EN signal on $memory\main_memory[0]$2354 ($dff) from module $paramod$72aa32f6215a5e7f33ea8e69cece12e4d4e95dbe\main_memory (D = $0$memwr$\main_memory$code/main_memory.sv:144$339_DATA[31:0]$359 [15:8], Q = \main_memory[0] [15:8]).
Adding EN signal on $memory\main_memory[0]$2354 ($dff) from module $paramod$72aa32f6215a5e7f33ea8e69cece12e4d4e95dbe\main_memory (D = $0$memwr$\main_memory$code/main_memory.sv:144$340_DATA[31:0]$362 [23:16], Q = \main_memory[0] [23:16]).
Adding EN signal on $memory\main_memory[0]$2354 ($dff) from module $paramod$72aa32f6215a5e7f33ea8e69cece12e4d4e95dbe\main_memory (D = $0$memwr$\main_memory$code/main_memory.sv:144$341_DATA[31:0]$365 [31:24], Q = \main_memory[0] [31:24]).
Adding EN signal on $memory\main_memory[1]$2356 ($dff) from module $paramod$72aa32f6215a5e7f33ea8e69cece12e4d4e95dbe\main_memory (D = $0$memwr$\main_memory$code/main_memory.sv:144$338_DATA[31:0]$356 [7:0], Q = \main_memory[1] [7:0]).
Adding EN signal on $memory\main_memory[1]$2356 ($dff) from module $paramod$72aa32f6215a5e7f33ea8e69cece12e4d4e95dbe\main_memory (D = $0$memwr$\main_memory$code/main_memory.sv:144$339_DATA[31:0]$359 [15:8], Q = \main_memory[1] [15:8]).
Adding EN signal on $memory\main_memory[1]$2356 ($dff) from module $paramod$72aa32f6215a5e7f33ea8e69cece12e4d4e95dbe\main_memory (D = $0$memwr$\main_memory$code/main_memory.sv:144$340_DATA[31:0]$362 [23:16], Q = \main_memory[1] [23:16]).
Adding EN signal on $memory\main_memory[1]$2356 ($dff) from module $paramod$72aa32f6215a5e7f33ea8e69cece12e4d4e95dbe\main_memory (D = $0$memwr$\main_memory$code/main_memory.sv:144$341_DATA[31:0]$365 [31:24], Q = \main_memory[1] [31:24]).
Adding EN signal on $memory\main_memory[2]$2358 ($dff) from module $paramod$72aa32f6215a5e7f33ea8e69cece12e4d4e95dbe\main_memory (D = $0$memwr$\main_memory$code/main_memory.sv:144$338_DATA[31:0]$356 [7:0], Q = \main_memory[2] [7:0]).
Adding EN signal on $memory\main_memory[2]$2358 ($dff) from module $paramod$72aa32f6215a5e7f33ea8e69cece12e4d4e95dbe\main_memory (D = $0$memwr$\main_memory$code/main_memory.sv:144$339_DATA[31:0]$359 [15:8], Q = \main_memory[2] [15:8]).
Adding EN signal on $memory\main_memory[2]$2358 ($dff) from module $paramod$72aa32f6215a5e7f33ea8e69cece12e4d4e95dbe\main_memory (D = $0$memwr$\main_memory$code/main_memory.sv:144$340_DATA[31:0]$362 [23:16], Q = \main_memory[2] [23:16]).
Adding EN signal on $memory\main_memory[2]$2358 ($dff) from module $paramod$72aa32f6215a5e7f33ea8e69cece12e4d4e95dbe\main_memory (D = $0$memwr$\main_memory$code/main_memory.sv:144$341_DATA[31:0]$365 [31:24], Q = \main_memory[2] [31:24]).
Adding EN signal on $memory\main_memory[3]$2360 ($dff) from module $paramod$72aa32f6215a5e7f33ea8e69cece12e4d4e95dbe\main_memory (D = $0$memwr$\main_memory$code/main_memory.sv:144$338_DATA[31:0]$356 [7:0], Q = \main_memory[3] [7:0]).
Adding EN signal on $memory\main_memory[3]$2360 ($dff) from module $paramod$72aa32f6215a5e7f33ea8e69cece12e4d4e95dbe\main_memory (D = $0$memwr$\main_memory$code/main_memory.sv:144$339_DATA[31:0]$359 [15:8], Q = \main_memory[3] [15:8]).
Adding EN signal on $memory\main_memory[3]$2360 ($dff) from module $paramod$72aa32f6215a5e7f33ea8e69cece12e4d4e95dbe\main_memory (D = $0$memwr$\main_memory$code/main_memory.sv:144$340_DATA[31:0]$362 [23:16], Q = \main_memory[3] [23:16]).
Adding EN signal on $memory\main_memory[3]$2360 ($dff) from module $paramod$72aa32f6215a5e7f33ea8e69cece12e4d4e95dbe\main_memory (D = $0$memwr$\main_memory$code/main_memory.sv:144$341_DATA[31:0]$365 [31:24], Q = \main_memory[3] [31:24]).
Adding EN signal on $memory\main_memory[4]$2362 ($dff) from module $paramod$72aa32f6215a5e7f33ea8e69cece12e4d4e95dbe\main_memory (D = $0$memwr$\main_memory$code/main_memory.sv:144$338_DATA[31:0]$356 [7:0], Q = \main_memory[4] [7:0]).
Adding EN signal on $memory\main_memory[4]$2362 ($dff) from module $paramod$72aa32f6215a5e7f33ea8e69cece12e4d4e95dbe\main_memory (D = $0$memwr$\main_memory$code/main_memory.sv:144$339_DATA[31:0]$359 [15:8], Q = \main_memory[4] [15:8]).
Adding EN signal on $memory\main_memory[4]$2362 ($dff) from module $paramod$72aa32f6215a5e7f33ea8e69cece12e4d4e95dbe\main_memory (D = $0$memwr$\main_memory$code/main_memory.sv:144$340_DATA[31:0]$362 [23:16], Q = \main_memory[4] [23:16]).
Adding EN signal on $memory\main_memory[4]$2362 ($dff) from module $paramod$72aa32f6215a5e7f33ea8e69cece12e4d4e95dbe\main_memory (D = $0$memwr$\main_memory$code/main_memory.sv:144$341_DATA[31:0]$365 [31:24], Q = \main_memory[4] [31:24]).
Adding EN signal on $memory\main_memory[5]$2364 ($dff) from module $paramod$72aa32f6215a5e7f33ea8e69cece12e4d4e95dbe\main_memory (D = $0$memwr$\main_memory$code/main_memory.sv:144$338_DATA[31:0]$356 [7:0], Q = \main_memory[5] [7:0]).
Adding EN signal on $memory\main_memory[5]$2364 ($dff) from module $paramod$72aa32f6215a5e7f33ea8e69cece12e4d4e95dbe\main_memory (D = $0$memwr$\main_memory$code/main_memory.sv:144$339_DATA[31:0]$359 [15:8], Q = \main_memory[5] [15:8]).
Adding EN signal on $memory\main_memory[5]$2364 ($dff) from module $paramod$72aa32f6215a5e7f33ea8e69cece12e4d4e95dbe\main_memory (D = $0$memwr$\main_memory$code/main_memory.sv:144$340_DATA[31:0]$362 [23:16], Q = \main_memory[5] [23:16]).
Adding EN signal on $memory\main_memory[5]$2364 ($dff) from module $paramod$72aa32f6215a5e7f33ea8e69cece12e4d4e95dbe\main_memory (D = $0$memwr$\main_memory$code/main_memory.sv:144$341_DATA[31:0]$365 [31:24], Q = \main_memory[5] [31:24]).
Adding EN signal on $memory\main_memory[6]$2366 ($dff) from module $paramod$72aa32f6215a5e7f33ea8e69cece12e4d4e95dbe\main_memory (D = $0$memwr$\main_memory$code/main_memory.sv:144$338_DATA[31:0]$356 [7:0], Q = \main_memory[6] [7:0]).
Adding EN signal on $memory\main_memory[6]$2366 ($dff) from module $paramod$72aa32f6215a5e7f33ea8e69cece12e4d4e95dbe\main_memory (D = $0$memwr$\main_memory$code/main_memory.sv:144$339_DATA[31:0]$359 [15:8], Q = \main_memory[6] [15:8]).
Adding EN signal on $memory\main_memory[6]$2366 ($dff) from module $paramod$72aa32f6215a5e7f33ea8e69cece12e4d4e95dbe\main_memory (D = $0$memwr$\main_memory$code/main_memory.sv:144$340_DATA[31:0]$362 [23:16], Q = \main_memory[6] [23:16]).
Adding EN signal on $memory\main_memory[6]$2366 ($dff) from module $paramod$72aa32f6215a5e7f33ea8e69cece12e4d4e95dbe\main_memory (D = $0$memwr$\main_memory$code/main_memory.sv:144$341_DATA[31:0]$365 [31:24], Q = \main_memory[6] [31:24]).
Adding EN signal on $memory\main_memory[7]$2368 ($dff) from module $paramod$72aa32f6215a5e7f33ea8e69cece12e4d4e95dbe\main_memory (D = $0$memwr$\main_memory$code/main_memory.sv:144$338_DATA[31:0]$356 [7:0], Q = \main_memory[7] [7:0]).
Adding EN signal on $memory\main_memory[7]$2368 ($dff) from module $paramod$72aa32f6215a5e7f33ea8e69cece12e4d4e95dbe\main_memory (D = $0$memwr$\main_memory$code/main_memory.sv:144$339_DATA[31:0]$359 [15:8], Q = \main_memory[7] [15:8]).
Adding EN signal on $memory\main_memory[7]$2368 ($dff) from module $paramod$72aa32f6215a5e7f33ea8e69cece12e4d4e95dbe\main_memory (D = $0$memwr$\main_memory$code/main_memory.sv:144$340_DATA[31:0]$362 [23:16], Q = \main_memory[7] [23:16]).
Adding EN signal on $memory\main_memory[7]$2368 ($dff) from module $paramod$72aa32f6215a5e7f33ea8e69cece12e4d4e95dbe\main_memory (D = $0$memwr$\main_memory$code/main_memory.sv:144$341_DATA[31:0]$365 [31:24], Q = \main_memory[7] [31:24]).
Adding EN signal on $memory\main_memory[8]$2370 ($dff) from module $paramod$72aa32f6215a5e7f33ea8e69cece12e4d4e95dbe\main_memory (D = $0$memwr$\main_memory$code/main_memory.sv:144$338_DATA[31:0]$356 [7:0], Q = \main_memory[8] [7:0]).
Adding EN signal on $memory\main_memory[8]$2370 ($dff) from module $paramod$72aa32f6215a5e7f33ea8e69cece12e4d4e95dbe\main_memory (D = $0$memwr$\main_memory$code/main_memory.sv:144$339_DATA[31:0]$359 [15:8], Q = \main_memory[8] [15:8]).
Adding EN signal on $memory\main_memory[8]$2370 ($dff) from module $paramod$72aa32f6215a5e7f33ea8e69cece12e4d4e95dbe\main_memory (D = $0$memwr$\main_memory$code/main_memory.sv:144$340_DATA[31:0]$362 [23:16], Q = \main_memory[8] [23:16]).
Adding EN signal on $memory\main_memory[8]$2370 ($dff) from module $paramod$72aa32f6215a5e7f33ea8e69cece12e4d4e95dbe\main_memory (D = $0$memwr$\main_memory$code/main_memory.sv:144$341_DATA[31:0]$365 [31:24], Q = \main_memory[8] [31:24]).
Adding EN signal on $memory\main_memory[9]$2372 ($dff) from module $paramod$72aa32f6215a5e7f33ea8e69cece12e4d4e95dbe\main_memory (D = $0$memwr$\main_memory$code/main_memory.sv:144$338_DATA[31:0]$356 [7:0], Q = \main_memory[9] [7:0]).
Adding EN signal on $memory\main_memory[9]$2372 ($dff) from module $paramod$72aa32f6215a5e7f33ea8e69cece12e4d4e95dbe\main_memory (D = $0$memwr$\main_memory$code/main_memory.sv:144$339_DATA[31:0]$359 [15:8], Q = \main_memory[9] [15:8]).
Adding EN signal on $memory\main_memory[9]$2372 ($dff) from module $paramod$72aa32f6215a5e7f33ea8e69cece12e4d4e95dbe\main_memory (D = $0$memwr$\main_memory$code/main_memory.sv:144$340_DATA[31:0]$362 [23:16], Q = \main_memory[9] [23:16]).
Adding EN signal on $memory\main_memory[9]$2372 ($dff) from module $paramod$72aa32f6215a5e7f33ea8e69cece12e4d4e95dbe\main_memory (D = $0$memwr$\main_memory$code/main_memory.sv:144$341_DATA[31:0]$365 [31:24], Q = \main_memory[9] [31:24]).
Adding EN signal on $memory\main_memory[10]$2374 ($dff) from module $paramod$72aa32f6215a5e7f33ea8e69cece12e4d4e95dbe\main_memory (D = $0$memwr$\main_memory$code/main_memory.sv:144$338_DATA[31:0]$356 [7:0], Q = \main_memory[10] [7:0]).
Adding EN signal on $memory\main_memory[10]$2374 ($dff) from module $paramod$72aa32f6215a5e7f33ea8e69cece12e4d4e95dbe\main_memory (D = $0$memwr$\main_memory$code/main_memory.sv:144$339_DATA[31:0]$359 [15:8], Q = \main_memory[10] [15:8]).
Adding EN signal on $memory\main_memory[10]$2374 ($dff) from module $paramod$72aa32f6215a5e7f33ea8e69cece12e4d4e95dbe\main_memory (D = $0$memwr$\main_memory$code/main_memory.sv:144$340_DATA[31:0]$362 [23:16], Q = \main_memory[10] [23:16]).
Adding EN signal on $memory\main_memory[10]$2374 ($dff) from module $paramod$72aa32f6215a5e7f33ea8e69cece12e4d4e95dbe\main_memory (D = $0$memwr$\main_memory$code/main_memory.sv:144$341_DATA[31:0]$365 [31:24], Q = \main_memory[10] [31:24]).
Adding EN signal on $memory\main_memory[11]$2376 ($dff) from module $paramod$72aa32f6215a5e7f33ea8e69cece12e4d4e95dbe\main_memory (D = $0$memwr$\main_memory$code/main_memory.sv:144$338_DATA[31:0]$356 [7:0], Q = \main_memory[11] [7:0]).
Adding EN signal on $memory\main_memory[11]$2376 ($dff) from module $paramod$72aa32f6215a5e7f33ea8e69cece12e4d4e95dbe\main_memory (D = $0$memwr$\main_memory$code/main_memory.sv:144$339_DATA[31:0]$359 [15:8], Q = \main_memory[11] [15:8]).
Adding EN signal on $memory\main_memory[11]$2376 ($dff) from module $paramod$72aa32f6215a5e7f33ea8e69cece12e4d4e95dbe\main_memory (D = $0$memwr$\main_memory$code/main_memory.sv:144$340_DATA[31:0]$362 [23:16], Q = \main_memory[11] [23:16]).
Adding EN signal on $memory\main_memory[11]$2376 ($dff) from module $paramod$72aa32f6215a5e7f33ea8e69cece12e4d4e95dbe\main_memory (D = $0$memwr$\main_memory$code/main_memory.sv:144$341_DATA[31:0]$365 [31:24], Q = \main_memory[11] [31:24]).
Adding EN signal on $memory\main_memory[12]$2378 ($dff) from module $paramod$72aa32f6215a5e7f33ea8e69cece12e4d4e95dbe\main_memory (D = $0$memwr$\main_memory$code/main_memory.sv:144$338_DATA[31:0]$356 [7:0], Q = \main_memory[12] [7:0]).
Adding EN signal on $memory\main_memory[12]$2378 ($dff) from module $paramod$72aa32f6215a5e7f33ea8e69cece12e4d4e95dbe\main_memory (D = $0$memwr$\main_memory$code/main_memory.sv:144$339_DATA[31:0]$359 [15:8], Q = \main_memory[12] [15:8]).
Adding EN signal on $memory\main_memory[12]$2378 ($dff) from module $paramod$72aa32f6215a5e7f33ea8e69cece12e4d4e95dbe\main_memory (D = $0$memwr$\main_memory$code/main_memory.sv:144$340_DATA[31:0]$362 [23:16], Q = \main_memory[12] [23:16]).
Adding EN signal on $memory\main_memory[12]$2378 ($dff) from module $paramod$72aa32f6215a5e7f33ea8e69cece12e4d4e95dbe\main_memory (D = $0$memwr$\main_memory$code/main_memory.sv:144$341_DATA[31:0]$365 [31:24], Q = \main_memory[12] [31:24]).
Adding EN signal on $memory\main_memory[13]$2380 ($dff) from module $paramod$72aa32f6215a5e7f33ea8e69cece12e4d4e95dbe\main_memory (D = $0$memwr$\main_memory$code/main_memory.sv:144$338_DATA[31:0]$356 [7:0], Q = \main_memory[13] [7:0]).
Adding EN signal on $memory\main_memory[13]$2380 ($dff) from module $paramod$72aa32f6215a5e7f33ea8e69cece12e4d4e95dbe\main_memory (D = $0$memwr$\main_memory$code/main_memory.sv:144$339_DATA[31:0]$359 [15:8], Q = \main_memory[13] [15:8]).
Adding EN signal on $memory\main_memory[13]$2380 ($dff) from module $paramod$72aa32f6215a5e7f33ea8e69cece12e4d4e95dbe\main_memory (D = $0$memwr$\main_memory$code/main_memory.sv:144$340_DATA[31:0]$362 [23:16], Q = \main_memory[13] [23:16]).
Adding EN signal on $memory\main_memory[13]$2380 ($dff) from module $paramod$72aa32f6215a5e7f33ea8e69cece12e4d4e95dbe\main_memory (D = $0$memwr$\main_memory$code/main_memory.sv:144$341_DATA[31:0]$365 [31:24], Q = \main_memory[13] [31:24]).
Adding EN signal on $memory\main_memory[14]$2382 ($dff) from module $paramod$72aa32f6215a5e7f33ea8e69cece12e4d4e95dbe\main_memory (D = $0$memwr$\main_memory$code/main_memory.sv:144$338_DATA[31:0]$356 [7:0], Q = \main_memory[14] [7:0]).
Adding EN signal on $memory\main_memory[14]$2382 ($dff) from module $paramod$72aa32f6215a5e7f33ea8e69cece12e4d4e95dbe\main_memory (D = $0$memwr$\main_memory$code/main_memory.sv:144$339_DATA[31:0]$359 [15:8], Q = \main_memory[14] [15:8]).
Adding EN signal on $memory\main_memory[14]$2382 ($dff) from module $paramod$72aa32f6215a5e7f33ea8e69cece12e4d4e95dbe\main_memory (D = $0$memwr$\main_memory$code/main_memory.sv:144$340_DATA[31:0]$362 [23:16], Q = \main_memory[14] [23:16]).
Adding EN signal on $memory\main_memory[14]$2382 ($dff) from module $paramod$72aa32f6215a5e7f33ea8e69cece12e4d4e95dbe\main_memory (D = $0$memwr$\main_memory$code/main_memory.sv:144$341_DATA[31:0]$365 [31:24], Q = \main_memory[14] [31:24]).
Adding EN signal on $memory\main_memory[15]$2384 ($dff) from module $paramod$72aa32f6215a5e7f33ea8e69cece12e4d4e95dbe\main_memory (D = $0$memwr$\main_memory$code/main_memory.sv:144$338_DATA[31:0]$356 [7:0], Q = \main_memory[15] [7:0]).
Adding EN signal on $memory\main_memory[15]$2384 ($dff) from module $paramod$72aa32f6215a5e7f33ea8e69cece12e4d4e95dbe\main_memory (D = $0$memwr$\main_memory$code/main_memory.sv:144$339_DATA[31:0]$359 [15:8], Q = \main_memory[15] [15:8]).
Adding EN signal on $memory\main_memory[15]$2384 ($dff) from module $paramod$72aa32f6215a5e7f33ea8e69cece12e4d4e95dbe\main_memory (D = $0$memwr$\main_memory$code/main_memory.sv:144$340_DATA[31:0]$362 [23:16], Q = \main_memory[15] [23:16]).
Adding EN signal on $memory\main_memory[15]$2384 ($dff) from module $paramod$72aa32f6215a5e7f33ea8e69cece12e4d4e95dbe\main_memory (D = $0$memwr$\main_memory$code/main_memory.sv:144$341_DATA[31:0]$365 [31:24], Q = \main_memory[15] [31:24]).
Adding EN signal on $memory\main_memory[16]$2386 ($dff) from module $paramod$72aa32f6215a5e7f33ea8e69cece12e4d4e95dbe\main_memory (D = $0$memwr$\main_memory$code/main_memory.sv:144$338_DATA[31:0]$356 [7:0], Q = \main_memory[16] [7:0]).
Adding EN signal on $memory\main_memory[16]$2386 ($dff) from module $paramod$72aa32f6215a5e7f33ea8e69cece12e4d4e95dbe\main_memory (D = $0$memwr$\main_memory$code/main_memory.sv:144$339_DATA[31:0]$359 [15:8], Q = \main_memory[16] [15:8]).
Adding EN signal on $memory\main_memory[16]$2386 ($dff) from module $paramod$72aa32f6215a5e7f33ea8e69cece12e4d4e95dbe\main_memory (D = $0$memwr$\main_memory$code/main_memory.sv:144$340_DATA[31:0]$362 [23:16], Q = \main_memory[16] [23:16]).
Adding EN signal on $memory\main_memory[16]$2386 ($dff) from module $paramod$72aa32f6215a5e7f33ea8e69cece12e4d4e95dbe\main_memory (D = $0$memwr$\main_memory$code/main_memory.sv:144$341_DATA[31:0]$365 [31:24], Q = \main_memory[16] [31:24]).
Adding EN signal on $memory\main_memory[17]$2388 ($dff) from module $paramod$72aa32f6215a5e7f33ea8e69cece12e4d4e95dbe\main_memory (D = $0$memwr$\main_memory$code/main_memory.sv:144$338_DATA[31:0]$356 [7:0], Q = \main_memory[17] [7:0]).
Adding EN signal on $memory\main_memory[17]$2388 ($dff) from module $paramod$72aa32f6215a5e7f33ea8e69cece12e4d4e95dbe\main_memory (D = $0$memwr$\main_memory$code/main_memory.sv:144$339_DATA[31:0]$359 [15:8], Q = \main_memory[17] [15:8]).
Adding EN signal on $memory\main_memory[17]$2388 ($dff) from module $paramod$72aa32f6215a5e7f33ea8e69cece12e4d4e95dbe\main_memory (D = $0$memwr$\main_memory$code/main_memory.sv:144$340_DATA[31:0]$362 [23:16], Q = \main_memory[17] [23:16]).
Adding EN signal on $memory\main_memory[17]$2388 ($dff) from module $paramod$72aa32f6215a5e7f33ea8e69cece12e4d4e95dbe\main_memory (D = $0$memwr$\main_memory$code/main_memory.sv:144$341_DATA[31:0]$365 [31:24], Q = \main_memory[17] [31:24]).
Adding EN signal on $memory\main_memory[18]$2390 ($dff) from module $paramod$72aa32f6215a5e7f33ea8e69cece12e4d4e95dbe\main_memory (D = $0$memwr$\main_memory$code/main_memory.sv:144$338_DATA[31:0]$356 [7:0], Q = \main_memory[18] [7:0]).
Adding EN signal on $memory\main_memory[18]$2390 ($dff) from module $paramod$72aa32f6215a5e7f33ea8e69cece12e4d4e95dbe\main_memory (D = $0$memwr$\main_memory$code/main_memory.sv:144$339_DATA[31:0]$359 [15:8], Q = \main_memory[18] [15:8]).
Adding EN signal on $memory\main_memory[18]$2390 ($dff) from module $paramod$72aa32f6215a5e7f33ea8e69cece12e4d4e95dbe\main_memory (D = $0$memwr$\main_memory$code/main_memory.sv:144$340_DATA[31:0]$362 [23:16], Q = \main_memory[18] [23:16]).
Adding EN signal on $memory\main_memory[18]$2390 ($dff) from module $paramod$72aa32f6215a5e7f33ea8e69cece12e4d4e95dbe\main_memory (D = $0$memwr$\main_memory$code/main_memory.sv:144$341_DATA[31:0]$365 [31:24], Q = \main_memory[18] [31:24]).
Adding EN signal on $memory\main_memory[19]$2392 ($dff) from module $paramod$72aa32f6215a5e7f33ea8e69cece12e4d4e95dbe\main_memory (D = $0$memwr$\main_memory$code/main_memory.sv:144$338_DATA[31:0]$356 [7:0], Q = \main_memory[19] [7:0]).
Adding EN signal on $memory\main_memory[19]$2392 ($dff) from module $paramod$72aa32f6215a5e7f33ea8e69cece12e4d4e95dbe\main_memory (D = $0$memwr$\main_memory$code/main_memory.sv:144$339_DATA[31:0]$359 [15:8], Q = \main_memory[19] [15:8]).
Adding EN signal on $memory\main_memory[19]$2392 ($dff) from module $paramod$72aa32f6215a5e7f33ea8e69cece12e4d4e95dbe\main_memory (D = $0$memwr$\main_memory$code/main_memory.sv:144$340_DATA[31:0]$362 [23:16], Q = \main_memory[19] [23:16]).
Adding EN signal on $memory\main_memory[19]$2392 ($dff) from module $paramod$72aa32f6215a5e7f33ea8e69cece12e4d4e95dbe\main_memory (D = $0$memwr$\main_memory$code/main_memory.sv:144$341_DATA[31:0]$365 [31:24], Q = \main_memory[19] [31:24]).
Adding EN signal on $memory\main_memory[20]$2394 ($dff) from module $paramod$72aa32f6215a5e7f33ea8e69cece12e4d4e95dbe\main_memory (D = $0$memwr$\main_memory$code/main_memory.sv:144$338_DATA[31:0]$356 [7:0], Q = \main_memory[20] [7:0]).
Adding EN signal on $memory\main_memory[20]$2394 ($dff) from module $paramod$72aa32f6215a5e7f33ea8e69cece12e4d4e95dbe\main_memory (D = $0$memwr$\main_memory$code/main_memory.sv:144$339_DATA[31:0]$359 [15:8], Q = \main_memory[20] [15:8]).
Adding EN signal on $memory\main_memory[20]$2394 ($dff) from module $paramod$72aa32f6215a5e7f33ea8e69cece12e4d4e95dbe\main_memory (D = $0$memwr$\main_memory$code/main_memory.sv:144$340_DATA[31:0]$362 [23:16], Q = \main_memory[20] [23:16]).
Adding EN signal on $memory\main_memory[20]$2394 ($dff) from module $paramod$72aa32f6215a5e7f33ea8e69cece12e4d4e95dbe\main_memory (D = $0$memwr$\main_memory$code/main_memory.sv:144$341_DATA[31:0]$365 [31:24], Q = \main_memory[20] [31:24]).
Adding EN signal on $memory\main_memory[21]$2396 ($dff) from module $paramod$72aa32f6215a5e7f33ea8e69cece12e4d4e95dbe\main_memory (D = $0$memwr$\main_memory$code/main_memory.sv:144$338_DATA[31:0]$356 [7:0], Q = \main_memory[21] [7:0]).
Adding EN signal on $memory\main_memory[21]$2396 ($dff) from module $paramod$72aa32f6215a5e7f33ea8e69cece12e4d4e95dbe\main_memory (D = $0$memwr$\main_memory$code/main_memory.sv:144$339_DATA[31:0]$359 [15:8], Q = \main_memory[21] [15:8]).
Adding EN signal on $memory\main_memory[21]$2396 ($dff) from module $paramod$72aa32f6215a5e7f33ea8e69cece12e4d4e95dbe\main_memory (D = $0$memwr$\main_memory$code/main_memory.sv:144$340_DATA[31:0]$362 [23:16], Q = \main_memory[21] [23:16]).
Adding EN signal on $memory\main_memory[21]$2396 ($dff) from module $paramod$72aa32f6215a5e7f33ea8e69cece12e4d4e95dbe\main_memory (D = $0$memwr$\main_memory$code/main_memory.sv:144$341_DATA[31:0]$365 [31:24], Q = \main_memory[21] [31:24]).
Adding EN signal on $memory\main_memory[22]$2398 ($dff) from module $paramod$72aa32f6215a5e7f33ea8e69cece12e4d4e95dbe\main_memory (D = $0$memwr$\main_memory$code/main_memory.sv:144$338_DATA[31:0]$356 [7:0], Q = \main_memory[22] [7:0]).
Adding EN signal on $memory\main_memory[22]$2398 ($dff) from module $paramod$72aa32f6215a5e7f33ea8e69cece12e4d4e95dbe\main_memory (D = $0$memwr$\main_memory$code/main_memory.sv:144$339_DATA[31:0]$359 [15:8], Q = \main_memory[22] [15:8]).
Adding EN signal on $memory\main_memory[22]$2398 ($dff) from module $paramod$72aa32f6215a5e7f33ea8e69cece12e4d4e95dbe\main_memory (D = $0$memwr$\main_memory$code/main_memory.sv:144$340_DATA[31:0]$362 [23:16], Q = \main_memory[22] [23:16]).
Adding EN signal on $memory\main_memory[22]$2398 ($dff) from module $paramod$72aa32f6215a5e7f33ea8e69cece12e4d4e95dbe\main_memory (D = $0$memwr$\main_memory$code/main_memory.sv:144$341_DATA[31:0]$365 [31:24], Q = \main_memory[22] [31:24]).
Adding EN signal on $memory\main_memory[23]$2400 ($dff) from module $paramod$72aa32f6215a5e7f33ea8e69cece12e4d4e95dbe\main_memory (D = $0$memwr$\main_memory$code/main_memory.sv:144$338_DATA[31:0]$356 [7:0], Q = \main_memory[23] [7:0]).
Adding EN signal on $memory\main_memory[23]$2400 ($dff) from module $paramod$72aa32f6215a5e7f33ea8e69cece12e4d4e95dbe\main_memory (D = $0$memwr$\main_memory$code/main_memory.sv:144$339_DATA[31:0]$359 [15:8], Q = \main_memory[23] [15:8]).
Adding EN signal on $memory\main_memory[23]$2400 ($dff) from module $paramod$72aa32f6215a5e7f33ea8e69cece12e4d4e95dbe\main_memory (D = $0$memwr$\main_memory$code/main_memory.sv:144$340_DATA[31:0]$362 [23:16], Q = \main_memory[23] [23:16]).
Adding EN signal on $memory\main_memory[23]$2400 ($dff) from module $paramod$72aa32f6215a5e7f33ea8e69cece12e4d4e95dbe\main_memory (D = $0$memwr$\main_memory$code/main_memory.sv:144$341_DATA[31:0]$365 [31:24], Q = \main_memory[23] [31:24]).
Adding EN signal on $memory\main_memory[24]$2402 ($dff) from module $paramod$72aa32f6215a5e7f33ea8e69cece12e4d4e95dbe\main_memory (D = $0$memwr$\main_memory$code/main_memory.sv:144$338_DATA[31:0]$356 [7:0], Q = \main_memory[24] [7:0]).
Adding EN signal on $memory\main_memory[24]$2402 ($dff) from module $paramod$72aa32f6215a5e7f33ea8e69cece12e4d4e95dbe\main_memory (D = $0$memwr$\main_memory$code/main_memory.sv:144$339_DATA[31:0]$359 [15:8], Q = \main_memory[24] [15:8]).
Adding EN signal on $memory\main_memory[24]$2402 ($dff) from module $paramod$72aa32f6215a5e7f33ea8e69cece12e4d4e95dbe\main_memory (D = $0$memwr$\main_memory$code/main_memory.sv:144$340_DATA[31:0]$362 [23:16], Q = \main_memory[24] [23:16]).
Adding EN signal on $memory\main_memory[24]$2402 ($dff) from module $paramod$72aa32f6215a5e7f33ea8e69cece12e4d4e95dbe\main_memory (D = $0$memwr$\main_memory$code/main_memory.sv:144$341_DATA[31:0]$365 [31:24], Q = \main_memory[24] [31:24]).
Adding EN signal on $memory\main_memory[25]$2404 ($dff) from module $paramod$72aa32f6215a5e7f33ea8e69cece12e4d4e95dbe\main_memory (D = $0$memwr$\main_memory$code/main_memory.sv:144$338_DATA[31:0]$356 [7:0], Q = \main_memory[25] [7:0]).
Adding EN signal on $memory\main_memory[25]$2404 ($dff) from module $paramod$72aa32f6215a5e7f33ea8e69cece12e4d4e95dbe\main_memory (D = $0$memwr$\main_memory$code/main_memory.sv:144$339_DATA[31:0]$359 [15:8], Q = \main_memory[25] [15:8]).
Adding EN signal on $memory\main_memory[25]$2404 ($dff) from module $paramod$72aa32f6215a5e7f33ea8e69cece12e4d4e95dbe\main_memory (D = $0$memwr$\main_memory$code/main_memory.sv:144$340_DATA[31:0]$362 [23:16], Q = \main_memory[25] [23:16]).
Adding EN signal on $memory\main_memory[25]$2404 ($dff) from module $paramod$72aa32f6215a5e7f33ea8e69cece12e4d4e95dbe\main_memory (D = $0$memwr$\main_memory$code/main_memory.sv:144$341_DATA[31:0]$365 [31:24], Q = \main_memory[25] [31:24]).
Adding EN signal on $memory\main_memory[26]$2406 ($dff) from module $paramod$72aa32f6215a5e7f33ea8e69cece12e4d4e95dbe\main_memory (D = $0$memwr$\main_memory$code/main_memory.sv:144$338_DATA[31:0]$356 [7:0], Q = \main_memory[26] [7:0]).
Adding EN signal on $memory\main_memory[26]$2406 ($dff) from module $paramod$72aa32f6215a5e7f33ea8e69cece12e4d4e95dbe\main_memory (D = $0$memwr$\main_memory$code/main_memory.sv:144$339_DATA[31:0]$359 [15:8], Q = \main_memory[26] [15:8]).
Adding EN signal on $memory\main_memory[26]$2406 ($dff) from module $paramod$72aa32f6215a5e7f33ea8e69cece12e4d4e95dbe\main_memory (D = $0$memwr$\main_memory$code/main_memory.sv:144$340_DATA[31:0]$362 [23:16], Q = \main_memory[26] [23:16]).
Adding EN signal on $memory\main_memory[26]$2406 ($dff) from module $paramod$72aa32f6215a5e7f33ea8e69cece12e4d4e95dbe\main_memory (D = $0$memwr$\main_memory$code/main_memory.sv:144$341_DATA[31:0]$365 [31:24], Q = \main_memory[26] [31:24]).
Adding EN signal on $memory\main_memory[27]$2408 ($dff) from module $paramod$72aa32f6215a5e7f33ea8e69cece12e4d4e95dbe\main_memory (D = $0$memwr$\main_memory$code/main_memory.sv:144$338_DATA[31:0]$356 [7:0], Q = \main_memory[27] [7:0]).
Adding EN signal on $memory\main_memory[27]$2408 ($dff) from module $paramod$72aa32f6215a5e7f33ea8e69cece12e4d4e95dbe\main_memory (D = $0$memwr$\main_memory$code/main_memory.sv:144$339_DATA[31:0]$359 [15:8], Q = \main_memory[27] [15:8]).
Adding EN signal on $memory\main_memory[27]$2408 ($dff) from module $paramod$72aa32f6215a5e7f33ea8e69cece12e4d4e95dbe\main_memory (D = $0$memwr$\main_memory$code/main_memory.sv:144$340_DATA[31:0]$362 [23:16], Q = \main_memory[27] [23:16]).
Adding EN signal on $memory\main_memory[27]$2408 ($dff) from module $paramod$72aa32f6215a5e7f33ea8e69cece12e4d4e95dbe\main_memory (D = $0$memwr$\main_memory$code/main_memory.sv:144$341_DATA[31:0]$365 [31:24], Q = \main_memory[27] [31:24]).
Adding EN signal on $memory\main_memory[28]$2410 ($dff) from module $paramod$72aa32f6215a5e7f33ea8e69cece12e4d4e95dbe\main_memory (D = $0$memwr$\main_memory$code/main_memory.sv:144$338_DATA[31:0]$356 [7:0], Q = \main_memory[28] [7:0]).
Adding EN signal on $memory\main_memory[28]$2410 ($dff) from module $paramod$72aa32f6215a5e7f33ea8e69cece12e4d4e95dbe\main_memory (D = $0$memwr$\main_memory$code/main_memory.sv:144$339_DATA[31:0]$359 [15:8], Q = \main_memory[28] [15:8]).
Adding EN signal on $memory\main_memory[28]$2410 ($dff) from module $paramod$72aa32f6215a5e7f33ea8e69cece12e4d4e95dbe\main_memory (D = $0$memwr$\main_memory$code/main_memory.sv:144$340_DATA[31:0]$362 [23:16], Q = \main_memory[28] [23:16]).
Adding EN signal on $memory\main_memory[28]$2410 ($dff) from module $paramod$72aa32f6215a5e7f33ea8e69cece12e4d4e95dbe\main_memory (D = $0$memwr$\main_memory$code/main_memory.sv:144$341_DATA[31:0]$365 [31:24], Q = \main_memory[28] [31:24]).
Adding EN signal on $memory\main_memory[29]$2412 ($dff) from module $paramod$72aa32f6215a5e7f33ea8e69cece12e4d4e95dbe\main_memory (D = $0$memwr$\main_memory$code/main_memory.sv:144$338_DATA[31:0]$356 [7:0], Q = \main_memory[29] [7:0]).
Adding EN signal on $memory\main_memory[29]$2412 ($dff) from module $paramod$72aa32f6215a5e7f33ea8e69cece12e4d4e95dbe\main_memory (D = $0$memwr$\main_memory$code/main_memory.sv:144$339_DATA[31:0]$359 [15:8], Q = \main_memory[29] [15:8]).
Adding EN signal on $memory\main_memory[29]$2412 ($dff) from module $paramod$72aa32f6215a5e7f33ea8e69cece12e4d4e95dbe\main_memory (D = $0$memwr$\main_memory$code/main_memory.sv:144$340_DATA[31:0]$362 [23:16], Q = \main_memory[29] [23:16]).
Adding EN signal on $memory\main_memory[29]$2412 ($dff) from module $paramod$72aa32f6215a5e7f33ea8e69cece12e4d4e95dbe\main_memory (D = $0$memwr$\main_memory$code/main_memory.sv:144$341_DATA[31:0]$365 [31:24], Q = \main_memory[29] [31:24]).
Adding EN signal on $memory\main_memory[30]$2414 ($dff) from module $paramod$72aa32f6215a5e7f33ea8e69cece12e4d4e95dbe\main_memory (D = $0$memwr$\main_memory$code/main_memory.sv:144$338_DATA[31:0]$356 [7:0], Q = \main_memory[30] [7:0]).
Adding EN signal on $memory\main_memory[30]$2414 ($dff) from module $paramod$72aa32f6215a5e7f33ea8e69cece12e4d4e95dbe\main_memory (D = $0$memwr$\main_memory$code/main_memory.sv:144$339_DATA[31:0]$359 [15:8], Q = \main_memory[30] [15:8]).
Adding EN signal on $memory\main_memory[30]$2414 ($dff) from module $paramod$72aa32f6215a5e7f33ea8e69cece12e4d4e95dbe\main_memory (D = $0$memwr$\main_memory$code/main_memory.sv:144$340_DATA[31:0]$362 [23:16], Q = \main_memory[30] [23:16]).
Adding EN signal on $memory\main_memory[30]$2414 ($dff) from module $paramod$72aa32f6215a5e7f33ea8e69cece12e4d4e95dbe\main_memory (D = $0$memwr$\main_memory$code/main_memory.sv:144$341_DATA[31:0]$365 [31:24], Q = \main_memory[30] [31:24]).
Adding EN signal on $memory\main_memory[31]$2416 ($dff) from module $paramod$72aa32f6215a5e7f33ea8e69cece12e4d4e95dbe\main_memory (D = $0$memwr$\main_memory$code/main_memory.sv:144$338_DATA[31:0]$356 [7:0], Q = \main_memory[31] [7:0]).
Adding EN signal on $memory\main_memory[31]$2416 ($dff) from module $paramod$72aa32f6215a5e7f33ea8e69cece12e4d4e95dbe\main_memory (D = $0$memwr$\main_memory$code/main_memory.sv:144$339_DATA[31:0]$359 [15:8], Q = \main_memory[31] [15:8]).
Adding EN signal on $memory\main_memory[31]$2416 ($dff) from module $paramod$72aa32f6215a5e7f33ea8e69cece12e4d4e95dbe\main_memory (D = $0$memwr$\main_memory$code/main_memory.sv:144$340_DATA[31:0]$362 [23:16], Q = \main_memory[31] [23:16]).
Adding EN signal on $memory\main_memory[31]$2416 ($dff) from module $paramod$72aa32f6215a5e7f33ea8e69cece12e4d4e95dbe\main_memory (D = $0$memwr$\main_memory$code/main_memory.sv:144$341_DATA[31:0]$365 [31:24], Q = \main_memory[31] [31:24]).
Adding EN signal on $memory\main_memory[32]$2418 ($dff) from module $paramod$72aa32f6215a5e7f33ea8e69cece12e4d4e95dbe\main_memory (D = $0$memwr$\main_memory$code/main_memory.sv:144$338_DATA[31:0]$356 [7:0], Q = \main_memory[32] [7:0]).
Adding EN signal on $memory\main_memory[32]$2418 ($dff) from module $paramod$72aa32f6215a5e7f33ea8e69cece12e4d4e95dbe\main_memory (D = $0$memwr$\main_memory$code/main_memory.sv:144$339_DATA[31:0]$359 [15:8], Q = \main_memory[32] [15:8]).
Adding EN signal on $memory\main_memory[32]$2418 ($dff) from module $paramod$72aa32f6215a5e7f33ea8e69cece12e4d4e95dbe\main_memory (D = $0$memwr$\main_memory$code/main_memory.sv:144$340_DATA[31:0]$362 [23:16], Q = \main_memory[32] [23:16]).
Adding EN signal on $memory\main_memory[32]$2418 ($dff) from module $paramod$72aa32f6215a5e7f33ea8e69cece12e4d4e95dbe\main_memory (D = $0$memwr$\main_memory$code/main_memory.sv:144$341_DATA[31:0]$365 [31:24], Q = \main_memory[32] [31:24]).
Adding EN signal on $memory\main_memory[33]$2420 ($dff) from module $paramod$72aa32f6215a5e7f33ea8e69cece12e4d4e95dbe\main_memory (D = $0$memwr$\main_memory$code/main_memory.sv:144$338_DATA[31:0]$356 [7:0], Q = \main_memory[33] [7:0]).
Adding EN signal on $memory\main_memory[33]$2420 ($dff) from module $paramod$72aa32f6215a5e7f33ea8e69cece12e4d4e95dbe\main_memory (D = $0$memwr$\main_memory$code/main_memory.sv:144$339_DATA[31:0]$359 [15:8], Q = \main_memory[33] [15:8]).
Adding EN signal on $memory\main_memory[33]$2420 ($dff) from module $paramod$72aa32f6215a5e7f33ea8e69cece12e4d4e95dbe\main_memory (D = $0$memwr$\main_memory$code/main_memory.sv:144$340_DATA[31:0]$362 [23:16], Q = \main_memory[33] [23:16]).
Adding EN signal on $memory\main_memory[33]$2420 ($dff) from module $paramod$72aa32f6215a5e7f33ea8e69cece12e4d4e95dbe\main_memory (D = $0$memwr$\main_memory$code/main_memory.sv:144$341_DATA[31:0]$365 [31:24], Q = \main_memory[33] [31:24]).
Adding EN signal on $memory\main_memory[34]$2422 ($dff) from module $paramod$72aa32f6215a5e7f33ea8e69cece12e4d4e95dbe\main_memory (D = $0$memwr$\main_memory$code/main_memory.sv:144$338_DATA[31:0]$356 [7:0], Q = \main_memory[34] [7:0]).
Adding EN signal on $memory\main_memory[34]$2422 ($dff) from module $paramod$72aa32f6215a5e7f33ea8e69cece12e4d4e95dbe\main_memory (D = $0$memwr$\main_memory$code/main_memory.sv:144$339_DATA[31:0]$359 [15:8], Q = \main_memory[34] [15:8]).
Adding EN signal on $memory\main_memory[34]$2422 ($dff) from module $paramod$72aa32f6215a5e7f33ea8e69cece12e4d4e95dbe\main_memory (D = $0$memwr$\main_memory$code/main_memory.sv:144$340_DATA[31:0]$362 [23:16], Q = \main_memory[34] [23:16]).
Adding EN signal on $memory\main_memory[34]$2422 ($dff) from module $paramod$72aa32f6215a5e7f33ea8e69cece12e4d4e95dbe\main_memory (D = $0$memwr$\main_memory$code/main_memory.sv:144$341_DATA[31:0]$365 [31:24], Q = \main_memory[34] [31:24]).
Adding EN signal on $memory\main_memory[35]$2424 ($dff) from module $paramod$72aa32f6215a5e7f33ea8e69cece12e4d4e95dbe\main_memory (D = $0$memwr$\main_memory$code/main_memory.sv:144$338_DATA[31:0]$356 [7:0], Q = \main_memory[35] [7:0]).
Adding EN signal on $memory\main_memory[35]$2424 ($dff) from module $paramod$72aa32f6215a5e7f33ea8e69cece12e4d4e95dbe\main_memory (D = $0$memwr$\main_memory$code/main_memory.sv:144$339_DATA[31:0]$359 [15:8], Q = \main_memory[35] [15:8]).
Adding EN signal on $memory\main_memory[35]$2424 ($dff) from module $paramod$72aa32f6215a5e7f33ea8e69cece12e4d4e95dbe\main_memory (D = $0$memwr$\main_memory$code/main_memory.sv:144$340_DATA[31:0]$362 [23:16], Q = \main_memory[35] [23:16]).
Adding EN signal on $memory\main_memory[35]$2424 ($dff) from module $paramod$72aa32f6215a5e7f33ea8e69cece12e4d4e95dbe\main_memory (D = $0$memwr$\main_memory$code/main_memory.sv:144$341_DATA[31:0]$365 [31:24], Q = \main_memory[35] [31:24]).
Adding EN signal on $memory\main_memory[36]$2426 ($dff) from module $paramod$72aa32f6215a5e7f33ea8e69cece12e4d4e95dbe\main_memory (D = $0$memwr$\main_memory$code/main_memory.sv:144$338_DATA[31:0]$356 [7:0], Q = \main_memory[36] [7:0]).
Adding EN signal on $memory\main_memory[36]$2426 ($dff) from module $paramod$72aa32f6215a5e7f33ea8e69cece12e4d4e95dbe\main_memory (D = $0$memwr$\main_memory$code/main_memory.sv:144$339_DATA[31:0]$359 [15:8], Q = \main_memory[36] [15:8]).
Adding EN signal on $memory\main_memory[36]$2426 ($dff) from module $paramod$72aa32f6215a5e7f33ea8e69cece12e4d4e95dbe\main_memory (D = $0$memwr$\main_memory$code/main_memory.sv:144$340_DATA[31:0]$362 [23:16], Q = \main_memory[36] [23:16]).
Adding EN signal on $memory\main_memory[36]$2426 ($dff) from module $paramod$72aa32f6215a5e7f33ea8e69cece12e4d4e95dbe\main_memory (D = $0$memwr$\main_memory$code/main_memory.sv:144$341_DATA[31:0]$365 [31:24], Q = \main_memory[36] [31:24]).
Adding EN signal on $memory\main_memory[37]$2428 ($dff) from module $paramod$72aa32f6215a5e7f33ea8e69cece12e4d4e95dbe\main_memory (D = $0$memwr$\main_memory$code/main_memory.sv:144$338_DATA[31:0]$356 [7:0], Q = \main_memory[37] [7:0]).
Adding EN signal on $memory\main_memory[37]$2428 ($dff) from module $paramod$72aa32f6215a5e7f33ea8e69cece12e4d4e95dbe\main_memory (D = $0$memwr$\main_memory$code/main_memory.sv:144$339_DATA[31:0]$359 [15:8], Q = \main_memory[37] [15:8]).
Adding EN signal on $memory\main_memory[37]$2428 ($dff) from module $paramod$72aa32f6215a5e7f33ea8e69cece12e4d4e95dbe\main_memory (D = $0$memwr$\main_memory$code/main_memory.sv:144$340_DATA[31:0]$362 [23:16], Q = \main_memory[37] [23:16]).
Adding EN signal on $memory\main_memory[37]$2428 ($dff) from module $paramod$72aa32f6215a5e7f33ea8e69cece12e4d4e95dbe\main_memory (D = $0$memwr$\main_memory$code/main_memory.sv:144$341_DATA[31:0]$365 [31:24], Q = \main_memory[37] [31:24]).
Adding EN signal on $memory\main_memory[38]$2430 ($dff) from module $paramod$72aa32f6215a5e7f33ea8e69cece12e4d4e95dbe\main_memory (D = $0$memwr$\main_memory$code/main_memory.sv:144$338_DATA[31:0]$356 [7:0], Q = \main_memory[38] [7:0]).
Adding EN signal on $memory\main_memory[38]$2430 ($dff) from module $paramod$72aa32f6215a5e7f33ea8e69cece12e4d4e95dbe\main_memory (D = $0$memwr$\main_memory$code/main_memory.sv:144$339_DATA[31:0]$359 [15:8], Q = \main_memory[38] [15:8]).
Adding EN signal on $memory\main_memory[38]$2430 ($dff) from module $paramod$72aa32f6215a5e7f33ea8e69cece12e4d4e95dbe\main_memory (D = $0$memwr$\main_memory$code/main_memory.sv:144$340_DATA[31:0]$362 [23:16], Q = \main_memory[38] [23:16]).
Adding EN signal on $memory\main_memory[38]$2430 ($dff) from module $paramod$72aa32f6215a5e7f33ea8e69cece12e4d4e95dbe\main_memory (D = $0$memwr$\main_memory$code/main_memory.sv:144$341_DATA[31:0]$365 [31:24], Q = \main_memory[38] [31:24]).
Adding EN signal on $memory\main_memory[39]$2432 ($dff) from module $paramod$72aa32f6215a5e7f33ea8e69cece12e4d4e95dbe\main_memory (D = $0$memwr$\main_memory$code/main_memory.sv:144$338_DATA[31:0]$356 [7:0], Q = \main_memory[39] [7:0]).
Adding EN signal on $memory\main_memory[39]$2432 ($dff) from module $paramod$72aa32f6215a5e7f33ea8e69cece12e4d4e95dbe\main_memory (D = $0$memwr$\main_memory$code/main_memory.sv:144$339_DATA[31:0]$359 [15:8], Q = \main_memory[39] [15:8]).
Adding EN signal on $memory\main_memory[39]$2432 ($dff) from module $paramod$72aa32f6215a5e7f33ea8e69cece12e4d4e95dbe\main_memory (D = $0$memwr$\main_memory$code/main_memory.sv:144$340_DATA[31:0]$362 [23:16], Q = \main_memory[39] [23:16]).
Adding EN signal on $memory\main_memory[39]$2432 ($dff) from module $paramod$72aa32f6215a5e7f33ea8e69cece12e4d4e95dbe\main_memory (D = $0$memwr$\main_memory$code/main_memory.sv:144$341_DATA[31:0]$365 [31:24], Q = \main_memory[39] [31:24]).
Adding EN signal on $memory\main_memory[40]$2434 ($dff) from module $paramod$72aa32f6215a5e7f33ea8e69cece12e4d4e95dbe\main_memory (D = $0$memwr$\main_memory$code/main_memory.sv:144$338_DATA[31:0]$356 [7:0], Q = \main_memory[40] [7:0]).
Adding EN signal on $memory\main_memory[40]$2434 ($dff) from module $paramod$72aa32f6215a5e7f33ea8e69cece12e4d4e95dbe\main_memory (D = $0$memwr$\main_memory$code/main_memory.sv:144$339_DATA[31:0]$359 [15:8], Q = \main_memory[40] [15:8]).
Adding EN signal on $memory\main_memory[40]$2434 ($dff) from module $paramod$72aa32f6215a5e7f33ea8e69cece12e4d4e95dbe\main_memory (D = $0$memwr$\main_memory$code/main_memory.sv:144$340_DATA[31:0]$362 [23:16], Q = \main_memory[40] [23:16]).
Adding EN signal on $memory\main_memory[40]$2434 ($dff) from module $paramod$72aa32f6215a5e7f33ea8e69cece12e4d4e95dbe\main_memory (D = $0$memwr$\main_memory$code/main_memory.sv:144$341_DATA[31:0]$365 [31:24], Q = \main_memory[40] [31:24]).
Adding EN signal on $memory\main_memory[41]$2436 ($dff) from module $paramod$72aa32f6215a5e7f33ea8e69cece12e4d4e95dbe\main_memory (D = $0$memwr$\main_memory$code/main_memory.sv:144$338_DATA[31:0]$356 [7:0], Q = \main_memory[41] [7:0]).
Adding EN signal on $memory\main_memory[41]$2436 ($dff) from module $paramod$72aa32f6215a5e7f33ea8e69cece12e4d4e95dbe\main_memory (D = $0$memwr$\main_memory$code/main_memory.sv:144$339_DATA[31:0]$359 [15:8], Q = \main_memory[41] [15:8]).
Adding EN signal on $memory\main_memory[41]$2436 ($dff) from module $paramod$72aa32f6215a5e7f33ea8e69cece12e4d4e95dbe\main_memory (D = $0$memwr$\main_memory$code/main_memory.sv:144$340_DATA[31:0]$362 [23:16], Q = \main_memory[41] [23:16]).
Adding EN signal on $memory\main_memory[41]$2436 ($dff) from module $paramod$72aa32f6215a5e7f33ea8e69cece12e4d4e95dbe\main_memory (D = $0$memwr$\main_memory$code/main_memory.sv:144$341_DATA[31:0]$365 [31:24], Q = \main_memory[41] [31:24]).
Adding EN signal on $memory\main_memory[42]$2438 ($dff) from module $paramod$72aa32f6215a5e7f33ea8e69cece12e4d4e95dbe\main_memory (D = $0$memwr$\main_memory$code/main_memory.sv:144$338_DATA[31:0]$356 [7:0], Q = \main_memory[42] [7:0]).
Adding EN signal on $memory\main_memory[42]$2438 ($dff) from module $paramod$72aa32f6215a5e7f33ea8e69cece12e4d4e95dbe\main_memory (D = $0$memwr$\main_memory$code/main_memory.sv:144$339_DATA[31:0]$359 [15:8], Q = \main_memory[42] [15:8]).
Adding EN signal on $memory\main_memory[42]$2438 ($dff) from module $paramod$72aa32f6215a5e7f33ea8e69cece12e4d4e95dbe\main_memory (D = $0$memwr$\main_memory$code/main_memory.sv:144$340_DATA[31:0]$362 [23:16], Q = \main_memory[42] [23:16]).
Adding EN signal on $memory\main_memory[42]$2438 ($dff) from module $paramod$72aa32f6215a5e7f33ea8e69cece12e4d4e95dbe\main_memory (D = $0$memwr$\main_memory$code/main_memory.sv:144$341_DATA[31:0]$365 [31:24], Q = \main_memory[42] [31:24]).
Adding EN signal on $memory\main_memory[43]$2440 ($dff) from module $paramod$72aa32f6215a5e7f33ea8e69cece12e4d4e95dbe\main_memory (D = $0$memwr$\main_memory$code/main_memory.sv:144$338_DATA[31:0]$356 [7:0], Q = \main_memory[43] [7:0]).
Adding EN signal on $memory\main_memory[43]$2440 ($dff) from module $paramod$72aa32f6215a5e7f33ea8e69cece12e4d4e95dbe\main_memory (D = $0$memwr$\main_memory$code/main_memory.sv:144$339_DATA[31:0]$359 [15:8], Q = \main_memory[43] [15:8]).
Adding EN signal on $memory\main_memory[43]$2440 ($dff) from module $paramod$72aa32f6215a5e7f33ea8e69cece12e4d4e95dbe\main_memory (D = $0$memwr$\main_memory$code/main_memory.sv:144$340_DATA[31:0]$362 [23:16], Q = \main_memory[43] [23:16]).
Adding EN signal on $memory\main_memory[43]$2440 ($dff) from module $paramod$72aa32f6215a5e7f33ea8e69cece12e4d4e95dbe\main_memory (D = $0$memwr$\main_memory$code/main_memory.sv:144$341_DATA[31:0]$365 [31:24], Q = \main_memory[43] [31:24]).
Adding EN signal on $memory\main_memory[44]$2442 ($dff) from module $paramod$72aa32f6215a5e7f33ea8e69cece12e4d4e95dbe\main_memory (D = $0$memwr$\main_memory$code/main_memory.sv:144$338_DATA[31:0]$356 [7:0], Q = \main_memory[44] [7:0]).
Adding EN signal on $memory\main_memory[44]$2442 ($dff) from module $paramod$72aa32f6215a5e7f33ea8e69cece12e4d4e95dbe\main_memory (D = $0$memwr$\main_memory$code/main_memory.sv:144$339_DATA[31:0]$359 [15:8], Q = \main_memory[44] [15:8]).
Adding EN signal on $memory\main_memory[44]$2442 ($dff) from module $paramod$72aa32f6215a5e7f33ea8e69cece12e4d4e95dbe\main_memory (D = $0$memwr$\main_memory$code/main_memory.sv:144$340_DATA[31:0]$362 [23:16], Q = \main_memory[44] [23:16]).
Adding EN signal on $memory\main_memory[44]$2442 ($dff) from module $paramod$72aa32f6215a5e7f33ea8e69cece12e4d4e95dbe\main_memory (D = $0$memwr$\main_memory$code/main_memory.sv:144$341_DATA[31:0]$365 [31:24], Q = \main_memory[44] [31:24]).
Adding EN signal on $memory\main_memory[45]$2444 ($dff) from module $paramod$72aa32f6215a5e7f33ea8e69cece12e4d4e95dbe\main_memory (D = $0$memwr$\main_memory$code/main_memory.sv:144$338_DATA[31:0]$356 [7:0], Q = \main_memory[45] [7:0]).
Adding EN signal on $memory\main_memory[45]$2444 ($dff) from module $paramod$72aa32f6215a5e7f33ea8e69cece12e4d4e95dbe\main_memory (D = $0$memwr$\main_memory$code/main_memory.sv:144$339_DATA[31:0]$359 [15:8], Q = \main_memory[45] [15:8]).
Adding EN signal on $memory\main_memory[45]$2444 ($dff) from module $paramod$72aa32f6215a5e7f33ea8e69cece12e4d4e95dbe\main_memory (D = $0$memwr$\main_memory$code/main_memory.sv:144$340_DATA[31:0]$362 [23:16], Q = \main_memory[45] [23:16]).
Adding EN signal on $memory\main_memory[45]$2444 ($dff) from module $paramod$72aa32f6215a5e7f33ea8e69cece12e4d4e95dbe\main_memory (D = $0$memwr$\main_memory$code/main_memory.sv:144$341_DATA[31:0]$365 [31:24], Q = \main_memory[45] [31:24]).
Adding EN signal on $memory\main_memory[46]$2446 ($dff) from module $paramod$72aa32f6215a5e7f33ea8e69cece12e4d4e95dbe\main_memory (D = $0$memwr$\main_memory$code/main_memory.sv:144$338_DATA[31:0]$356 [7:0], Q = \main_memory[46] [7:0]).
Adding EN signal on $memory\main_memory[46]$2446 ($dff) from module $paramod$72aa32f6215a5e7f33ea8e69cece12e4d4e95dbe\main_memory (D = $0$memwr$\main_memory$code/main_memory.sv:144$339_DATA[31:0]$359 [15:8], Q = \main_memory[46] [15:8]).
Adding EN signal on $memory\main_memory[46]$2446 ($dff) from module $paramod$72aa32f6215a5e7f33ea8e69cece12e4d4e95dbe\main_memory (D = $0$memwr$\main_memory$code/main_memory.sv:144$340_DATA[31:0]$362 [23:16], Q = \main_memory[46] [23:16]).
Adding EN signal on $memory\main_memory[46]$2446 ($dff) from module $paramod$72aa32f6215a5e7f33ea8e69cece12e4d4e95dbe\main_memory (D = $0$memwr$\main_memory$code/main_memory.sv:144$341_DATA[31:0]$365 [31:24], Q = \main_memory[46] [31:24]).
Adding EN signal on $memory\main_memory[47]$2448 ($dff) from module $paramod$72aa32f6215a5e7f33ea8e69cece12e4d4e95dbe\main_memory (D = $0$memwr$\main_memory$code/main_memory.sv:144$338_DATA[31:0]$356 [7:0], Q = \main_memory[47] [7:0]).
Adding EN signal on $memory\main_memory[47]$2448 ($dff) from module $paramod$72aa32f6215a5e7f33ea8e69cece12e4d4e95dbe\main_memory (D = $0$memwr$\main_memory$code/main_memory.sv:144$339_DATA[31:0]$359 [15:8], Q = \main_memory[47] [15:8]).
Adding EN signal on $memory\main_memory[47]$2448 ($dff) from module $paramod$72aa32f6215a5e7f33ea8e69cece12e4d4e95dbe\main_memory (D = $0$memwr$\main_memory$code/main_memory.sv:144$340_DATA[31:0]$362 [23:16], Q = \main_memory[47] [23:16]).
Adding EN signal on $memory\main_memory[47]$2448 ($dff) from module $paramod$72aa32f6215a5e7f33ea8e69cece12e4d4e95dbe\main_memory (D = $0$memwr$\main_memory$code/main_memory.sv:144$341_DATA[31:0]$365 [31:24], Q = \main_memory[47] [31:24]).
Adding EN signal on $memory\main_memory[48]$2450 ($dff) from module $paramod$72aa32f6215a5e7f33ea8e69cece12e4d4e95dbe\main_memory (D = $0$memwr$\main_memory$code/main_memory.sv:144$338_DATA[31:0]$356 [7:0], Q = \main_memory[48] [7:0]).
Adding EN signal on $memory\main_memory[48]$2450 ($dff) from module $paramod$72aa32f6215a5e7f33ea8e69cece12e4d4e95dbe\main_memory (D = $0$memwr$\main_memory$code/main_memory.sv:144$339_DATA[31:0]$359 [15:8], Q = \main_memory[48] [15:8]).
Adding EN signal on $memory\main_memory[48]$2450 ($dff) from module $paramod$72aa32f6215a5e7f33ea8e69cece12e4d4e95dbe\main_memory (D = $0$memwr$\main_memory$code/main_memory.sv:144$340_DATA[31:0]$362 [23:16], Q = \main_memory[48] [23:16]).
Adding EN signal on $memory\main_memory[48]$2450 ($dff) from module $paramod$72aa32f6215a5e7f33ea8e69cece12e4d4e95dbe\main_memory (D = $0$memwr$\main_memory$code/main_memory.sv:144$341_DATA[31:0]$365 [31:24], Q = \main_memory[48] [31:24]).
Adding EN signal on $memory\main_memory[49]$2452 ($dff) from module $paramod$72aa32f6215a5e7f33ea8e69cece12e4d4e95dbe\main_memory (D = $0$memwr$\main_memory$code/main_memory.sv:144$338_DATA[31:0]$356 [7:0], Q = \main_memory[49] [7:0]).
Adding EN signal on $memory\main_memory[49]$2452 ($dff) from module $paramod$72aa32f6215a5e7f33ea8e69cece12e4d4e95dbe\main_memory (D = $0$memwr$\main_memory$code/main_memory.sv:144$339_DATA[31:0]$359 [15:8], Q = \main_memory[49] [15:8]).
Adding EN signal on $memory\main_memory[49]$2452 ($dff) from module $paramod$72aa32f6215a5e7f33ea8e69cece12e4d4e95dbe\main_memory (D = $0$memwr$\main_memory$code/main_memory.sv:144$340_DATA[31:0]$362 [23:16], Q = \main_memory[49] [23:16]).
Adding EN signal on $memory\main_memory[49]$2452 ($dff) from module $paramod$72aa32f6215a5e7f33ea8e69cece12e4d4e95dbe\main_memory (D = $0$memwr$\main_memory$code/main_memory.sv:144$341_DATA[31:0]$365 [31:24], Q = \main_memory[49] [31:24]).
Adding EN signal on $memory\main_memory[50]$2454 ($dff) from module $paramod$72aa32f6215a5e7f33ea8e69cece12e4d4e95dbe\main_memory (D = $0$memwr$\main_memory$code/main_memory.sv:144$338_DATA[31:0]$356 [7:0], Q = \main_memory[50] [7:0]).
Adding EN signal on $memory\main_memory[50]$2454 ($dff) from module $paramod$72aa32f6215a5e7f33ea8e69cece12e4d4e95dbe\main_memory (D = $0$memwr$\main_memory$code/main_memory.sv:144$339_DATA[31:0]$359 [15:8], Q = \main_memory[50] [15:8]).
Adding EN signal on $memory\main_memory[50]$2454 ($dff) from module $paramod$72aa32f6215a5e7f33ea8e69cece12e4d4e95dbe\main_memory (D = $0$memwr$\main_memory$code/main_memory.sv:144$340_DATA[31:0]$362 [23:16], Q = \main_memory[50] [23:16]).
Adding EN signal on $memory\main_memory[50]$2454 ($dff) from module $paramod$72aa32f6215a5e7f33ea8e69cece12e4d4e95dbe\main_memory (D = $0$memwr$\main_memory$code/main_memory.sv:144$341_DATA[31:0]$365 [31:24], Q = \main_memory[50] [31:24]).
Adding EN signal on $memory\main_memory[51]$2456 ($dff) from module $paramod$72aa32f6215a5e7f33ea8e69cece12e4d4e95dbe\main_memory (D = $0$memwr$\main_memory$code/main_memory.sv:144$338_DATA[31:0]$356 [7:0], Q = \main_memory[51] [7:0]).
Adding EN signal on $memory\main_memory[51]$2456 ($dff) from module $paramod$72aa32f6215a5e7f33ea8e69cece12e4d4e95dbe\main_memory (D = $0$memwr$\main_memory$code/main_memory.sv:144$339_DATA[31:0]$359 [15:8], Q = \main_memory[51] [15:8]).
Adding EN signal on $memory\main_memory[51]$2456 ($dff) from module $paramod$72aa32f6215a5e7f33ea8e69cece12e4d4e95dbe\main_memory (D = $0$memwr$\main_memory$code/main_memory.sv:144$340_DATA[31:0]$362 [23:16], Q = \main_memory[51] [23:16]).
Adding EN signal on $memory\main_memory[51]$2456 ($dff) from module $paramod$72aa32f6215a5e7f33ea8e69cece12e4d4e95dbe\main_memory (D = $0$memwr$\main_memory$code/main_memory.sv:144$341_DATA[31:0]$365 [31:24], Q = \main_memory[51] [31:24]).
Adding EN signal on $memory\main_memory[52]$2458 ($dff) from module $paramod$72aa32f6215a5e7f33ea8e69cece12e4d4e95dbe\main_memory (D = $0$memwr$\main_memory$code/main_memory.sv:144$338_DATA[31:0]$356 [7:0], Q = \main_memory[52] [7:0]).
Adding EN signal on $memory\main_memory[52]$2458 ($dff) from module $paramod$72aa32f6215a5e7f33ea8e69cece12e4d4e95dbe\main_memory (D = $0$memwr$\main_memory$code/main_memory.sv:144$339_DATA[31:0]$359 [15:8], Q = \main_memory[52] [15:8]).
Adding EN signal on $memory\main_memory[52]$2458 ($dff) from module $paramod$72aa32f6215a5e7f33ea8e69cece12e4d4e95dbe\main_memory (D = $0$memwr$\main_memory$code/main_memory.sv:144$340_DATA[31:0]$362 [23:16], Q = \main_memory[52] [23:16]).
Adding EN signal on $memory\main_memory[52]$2458 ($dff) from module $paramod$72aa32f6215a5e7f33ea8e69cece12e4d4e95dbe\main_memory (D = $0$memwr$\main_memory$code/main_memory.sv:144$341_DATA[31:0]$365 [31:24], Q = \main_memory[52] [31:24]).
Adding EN signal on $memory\main_memory[53]$2460 ($dff) from module $paramod$72aa32f6215a5e7f33ea8e69cece12e4d4e95dbe\main_memory (D = $0$memwr$\main_memory$code/main_memory.sv:144$338_DATA[31:0]$356 [7:0], Q = \main_memory[53] [7:0]).
Adding EN signal on $memory\main_memory[53]$2460 ($dff) from module $paramod$72aa32f6215a5e7f33ea8e69cece12e4d4e95dbe\main_memory (D = $0$memwr$\main_memory$code/main_memory.sv:144$339_DATA[31:0]$359 [15:8], Q = \main_memory[53] [15:8]).
Adding EN signal on $memory\main_memory[53]$2460 ($dff) from module $paramod$72aa32f6215a5e7f33ea8e69cece12e4d4e95dbe\main_memory (D = $0$memwr$\main_memory$code/main_memory.sv:144$340_DATA[31:0]$362 [23:16], Q = \main_memory[53] [23:16]).
Adding EN signal on $memory\main_memory[53]$2460 ($dff) from module $paramod$72aa32f6215a5e7f33ea8e69cece12e4d4e95dbe\main_memory (D = $0$memwr$\main_memory$code/main_memory.sv:144$341_DATA[31:0]$365 [31:24], Q = \main_memory[53] [31:24]).
Adding EN signal on $memory\main_memory[54]$2462 ($dff) from module $paramod$72aa32f6215a5e7f33ea8e69cece12e4d4e95dbe\main_memory (D = $0$memwr$\main_memory$code/main_memory.sv:144$338_DATA[31:0]$356 [7:0], Q = \main_memory[54] [7:0]).
Adding EN signal on $memory\main_memory[54]$2462 ($dff) from module $paramod$72aa32f6215a5e7f33ea8e69cece12e4d4e95dbe\main_memory (D = $0$memwr$\main_memory$code/main_memory.sv:144$339_DATA[31:0]$359 [15:8], Q = \main_memory[54] [15:8]).
Adding EN signal on $memory\main_memory[54]$2462 ($dff) from module $paramod$72aa32f6215a5e7f33ea8e69cece12e4d4e95dbe\main_memory (D = $0$memwr$\main_memory$code/main_memory.sv:144$340_DATA[31:0]$362 [23:16], Q = \main_memory[54] [23:16]).
Adding EN signal on $memory\main_memory[54]$2462 ($dff) from module $paramod$72aa32f6215a5e7f33ea8e69cece12e4d4e95dbe\main_memory (D = $0$memwr$\main_memory$code/main_memory.sv:144$341_DATA[31:0]$365 [31:24], Q = \main_memory[54] [31:24]).
Adding EN signal on $memory\main_memory[55]$2464 ($dff) from module $paramod$72aa32f6215a5e7f33ea8e69cece12e4d4e95dbe\main_memory (D = $0$memwr$\main_memory$code/main_memory.sv:144$338_DATA[31:0]$356 [7:0], Q = \main_memory[55] [7:0]).
Adding EN signal on $memory\main_memory[55]$2464 ($dff) from module $paramod$72aa32f6215a5e7f33ea8e69cece12e4d4e95dbe\main_memory (D = $0$memwr$\main_memory$code/main_memory.sv:144$339_DATA[31:0]$359 [15:8], Q = \main_memory[55] [15:8]).
Adding EN signal on $memory\main_memory[55]$2464 ($dff) from module $paramod$72aa32f6215a5e7f33ea8e69cece12e4d4e95dbe\main_memory (D = $0$memwr$\main_memory$code/main_memory.sv:144$340_DATA[31:0]$362 [23:16], Q = \main_memory[55] [23:16]).
Adding EN signal on $memory\main_memory[55]$2464 ($dff) from module $paramod$72aa32f6215a5e7f33ea8e69cece12e4d4e95dbe\main_memory (D = $0$memwr$\main_memory$code/main_memory.sv:144$341_DATA[31:0]$365 [31:24], Q = \main_memory[55] [31:24]).
Adding EN signal on $memory\main_memory[56]$2466 ($dff) from module $paramod$72aa32f6215a5e7f33ea8e69cece12e4d4e95dbe\main_memory (D = $0$memwr$\main_memory$code/main_memory.sv:144$338_DATA[31:0]$356 [7:0], Q = \main_memory[56] [7:0]).
Adding EN signal on $memory\main_memory[56]$2466 ($dff) from module $paramod$72aa32f6215a5e7f33ea8e69cece12e4d4e95dbe\main_memory (D = $0$memwr$\main_memory$code/main_memory.sv:144$339_DATA[31:0]$359 [15:8], Q = \main_memory[56] [15:8]).
Adding EN signal on $memory\main_memory[56]$2466 ($dff) from module $paramod$72aa32f6215a5e7f33ea8e69cece12e4d4e95dbe\main_memory (D = $0$memwr$\main_memory$code/main_memory.sv:144$340_DATA[31:0]$362 [23:16], Q = \main_memory[56] [23:16]).
Adding EN signal on $memory\main_memory[56]$2466 ($dff) from module $paramod$72aa32f6215a5e7f33ea8e69cece12e4d4e95dbe\main_memory (D = $0$memwr$\main_memory$code/main_memory.sv:144$341_DATA[31:0]$365 [31:24], Q = \main_memory[56] [31:24]).
Adding EN signal on $memory\main_memory[57]$2468 ($dff) from module $paramod$72aa32f6215a5e7f33ea8e69cece12e4d4e95dbe\main_memory (D = $0$memwr$\main_memory$code/main_memory.sv:144$338_DATA[31:0]$356 [7:0], Q = \main_memory[57] [7:0]).
Adding EN signal on $memory\main_memory[57]$2468 ($dff) from module $paramod$72aa32f6215a5e7f33ea8e69cece12e4d4e95dbe\main_memory (D = $0$memwr$\main_memory$code/main_memory.sv:144$339_DATA[31:0]$359 [15:8], Q = \main_memory[57] [15:8]).
Adding EN signal on $memory\main_memory[57]$2468 ($dff) from module $paramod$72aa32f6215a5e7f33ea8e69cece12e4d4e95dbe\main_memory (D = $0$memwr$\main_memory$code/main_memory.sv:144$340_DATA[31:0]$362 [23:16], Q = \main_memory[57] [23:16]).
Adding EN signal on $memory\main_memory[57]$2468 ($dff) from module $paramod$72aa32f6215a5e7f33ea8e69cece12e4d4e95dbe\main_memory (D = $0$memwr$\main_memory$code/main_memory.sv:144$341_DATA[31:0]$365 [31:24], Q = \main_memory[57] [31:24]).
Adding EN signal on $memory\main_memory[58]$2470 ($dff) from module $paramod$72aa32f6215a5e7f33ea8e69cece12e4d4e95dbe\main_memory (D = $0$memwr$\main_memory$code/main_memory.sv:144$338_DATA[31:0]$356 [7:0], Q = \main_memory[58] [7:0]).
Adding EN signal on $memory\main_memory[58]$2470 ($dff) from module $paramod$72aa32f6215a5e7f33ea8e69cece12e4d4e95dbe\main_memory (D = $0$memwr$\main_memory$code/main_memory.sv:144$339_DATA[31:0]$359 [15:8], Q = \main_memory[58] [15:8]).
Adding EN signal on $memory\main_memory[58]$2470 ($dff) from module $paramod$72aa32f6215a5e7f33ea8e69cece12e4d4e95dbe\main_memory (D = $0$memwr$\main_memory$code/main_memory.sv:144$340_DATA[31:0]$362 [23:16], Q = \main_memory[58] [23:16]).
Adding EN signal on $memory\main_memory[58]$2470 ($dff) from module $paramod$72aa32f6215a5e7f33ea8e69cece12e4d4e95dbe\main_memory (D = $0$memwr$\main_memory$code/main_memory.sv:144$341_DATA[31:0]$365 [31:24], Q = \main_memory[58] [31:24]).
Adding EN signal on $memory\main_memory[59]$2472 ($dff) from module $paramod$72aa32f6215a5e7f33ea8e69cece12e4d4e95dbe\main_memory (D = $0$memwr$\main_memory$code/main_memory.sv:144$338_DATA[31:0]$356 [7:0], Q = \main_memory[59] [7:0]).
Adding EN signal on $memory\main_memory[59]$2472 ($dff) from module $paramod$72aa32f6215a5e7f33ea8e69cece12e4d4e95dbe\main_memory (D = $0$memwr$\main_memory$code/main_memory.sv:144$339_DATA[31:0]$359 [15:8], Q = \main_memory[59] [15:8]).
Adding EN signal on $memory\main_memory[59]$2472 ($dff) from module $paramod$72aa32f6215a5e7f33ea8e69cece12e4d4e95dbe\main_memory (D = $0$memwr$\main_memory$code/main_memory.sv:144$340_DATA[31:0]$362 [23:16], Q = \main_memory[59] [23:16]).
Adding EN signal on $memory\main_memory[59]$2472 ($dff) from module $paramod$72aa32f6215a5e7f33ea8e69cece12e4d4e95dbe\main_memory (D = $0$memwr$\main_memory$code/main_memory.sv:144$341_DATA[31:0]$365 [31:24], Q = \main_memory[59] [31:24]).
Adding EN signal on $memory\main_memory[60]$2474 ($dff) from module $paramod$72aa32f6215a5e7f33ea8e69cece12e4d4e95dbe\main_memory (D = $0$memwr$\main_memory$code/main_memory.sv:144$338_DATA[31:0]$356 [7:0], Q = \main_memory[60] [7:0]).
Adding EN signal on $memory\main_memory[60]$2474 ($dff) from module $paramod$72aa32f6215a5e7f33ea8e69cece12e4d4e95dbe\main_memory (D = $0$memwr$\main_memory$code/main_memory.sv:144$339_DATA[31:0]$359 [15:8], Q = \main_memory[60] [15:8]).
Adding EN signal on $memory\main_memory[60]$2474 ($dff) from module $paramod$72aa32f6215a5e7f33ea8e69cece12e4d4e95dbe\main_memory (D = $0$memwr$\main_memory$code/main_memory.sv:144$340_DATA[31:0]$362 [23:16], Q = \main_memory[60] [23:16]).
Adding EN signal on $memory\main_memory[60]$2474 ($dff) from module $paramod$72aa32f6215a5e7f33ea8e69cece12e4d4e95dbe\main_memory (D = $0$memwr$\main_memory$code/main_memory.sv:144$341_DATA[31:0]$365 [31:24], Q = \main_memory[60] [31:24]).
Adding EN signal on $memory\main_memory[61]$2476 ($dff) from module $paramod$72aa32f6215a5e7f33ea8e69cece12e4d4e95dbe\main_memory (D = $0$memwr$\main_memory$code/main_memory.sv:144$338_DATA[31:0]$356 [7:0], Q = \main_memory[61] [7:0]).
Adding EN signal on $memory\main_memory[61]$2476 ($dff) from module $paramod$72aa32f6215a5e7f33ea8e69cece12e4d4e95dbe\main_memory (D = $0$memwr$\main_memory$code/main_memory.sv:144$339_DATA[31:0]$359 [15:8], Q = \main_memory[61] [15:8]).
Adding EN signal on $memory\main_memory[61]$2476 ($dff) from module $paramod$72aa32f6215a5e7f33ea8e69cece12e4d4e95dbe\main_memory (D = $0$memwr$\main_memory$code/main_memory.sv:144$340_DATA[31:0]$362 [23:16], Q = \main_memory[61] [23:16]).
Adding EN signal on $memory\main_memory[61]$2476 ($dff) from module $paramod$72aa32f6215a5e7f33ea8e69cece12e4d4e95dbe\main_memory (D = $0$memwr$\main_memory$code/main_memory.sv:144$341_DATA[31:0]$365 [31:24], Q = \main_memory[61] [31:24]).
Adding EN signal on $memory\main_memory[62]$2478 ($dff) from module $paramod$72aa32f6215a5e7f33ea8e69cece12e4d4e95dbe\main_memory (D = $0$memwr$\main_memory$code/main_memory.sv:144$338_DATA[31:0]$356 [7:0], Q = \main_memory[62] [7:0]).
Adding EN signal on $memory\main_memory[62]$2478 ($dff) from module $paramod$72aa32f6215a5e7f33ea8e69cece12e4d4e95dbe\main_memory (D = $0$memwr$\main_memory$code/main_memory.sv:144$339_DATA[31:0]$359 [15:8], Q = \main_memory[62] [15:8]).
Adding EN signal on $memory\main_memory[62]$2478 ($dff) from module $paramod$72aa32f6215a5e7f33ea8e69cece12e4d4e95dbe\main_memory (D = $0$memwr$\main_memory$code/main_memory.sv:144$340_DATA[31:0]$362 [23:16], Q = \main_memory[62] [23:16]).
Adding EN signal on $memory\main_memory[62]$2478 ($dff) from module $paramod$72aa32f6215a5e7f33ea8e69cece12e4d4e95dbe\main_memory (D = $0$memwr$\main_memory$code/main_memory.sv:144$341_DATA[31:0]$365 [31:24], Q = \main_memory[62] [31:24]).
Adding EN signal on $memory\main_memory[63]$2480 ($dff) from module $paramod$72aa32f6215a5e7f33ea8e69cece12e4d4e95dbe\main_memory (D = $0$memwr$\main_memory$code/main_memory.sv:144$338_DATA[31:0]$356 [7:0], Q = \main_memory[63] [7:0]).
Adding EN signal on $memory\main_memory[63]$2480 ($dff) from module $paramod$72aa32f6215a5e7f33ea8e69cece12e4d4e95dbe\main_memory (D = $0$memwr$\main_memory$code/main_memory.sv:144$339_DATA[31:0]$359 [15:8], Q = \main_memory[63] [15:8]).
Adding EN signal on $memory\main_memory[63]$2480 ($dff) from module $paramod$72aa32f6215a5e7f33ea8e69cece12e4d4e95dbe\main_memory (D = $0$memwr$\main_memory$code/main_memory.sv:144$340_DATA[31:0]$362 [23:16], Q = \main_memory[63] [23:16]).
Adding EN signal on $memory\main_memory[63]$2480 ($dff) from module $paramod$72aa32f6215a5e7f33ea8e69cece12e4d4e95dbe\main_memory (D = $0$memwr$\main_memory$code/main_memory.sv:144$341_DATA[31:0]$365 [31:24], Q = \main_memory[63] [31:24]).
Adding EN signal on $memory\main_memory[64]$2482 ($dff) from module $paramod$72aa32f6215a5e7f33ea8e69cece12e4d4e95dbe\main_memory (D = $0$memwr$\main_memory$code/main_memory.sv:144$338_DATA[31:0]$356 [7:0], Q = \main_memory[64] [7:0]).
Adding EN signal on $memory\main_memory[64]$2482 ($dff) from module $paramod$72aa32f6215a5e7f33ea8e69cece12e4d4e95dbe\main_memory (D = $0$memwr$\main_memory$code/main_memory.sv:144$339_DATA[31:0]$359 [15:8], Q = \main_memory[64] [15:8]).
Adding EN signal on $memory\main_memory[64]$2482 ($dff) from module $paramod$72aa32f6215a5e7f33ea8e69cece12e4d4e95dbe\main_memory (D = $0$memwr$\main_memory$code/main_memory.sv:144$340_DATA[31:0]$362 [23:16], Q = \main_memory[64] [23:16]).
Adding EN signal on $memory\main_memory[64]$2482 ($dff) from module $paramod$72aa32f6215a5e7f33ea8e69cece12e4d4e95dbe\main_memory (D = $0$memwr$\main_memory$code/main_memory.sv:144$341_DATA[31:0]$365 [31:24], Q = \main_memory[64] [31:24]).
Adding EN signal on $memory\main_memory[65]$2484 ($dff) from module $paramod$72aa32f6215a5e7f33ea8e69cece12e4d4e95dbe\main_memory (D = $0$memwr$\main_memory$code/main_memory.sv:144$338_DATA[31:0]$356 [7:0], Q = \main_memory[65] [7:0]).
Adding EN signal on $memory\main_memory[65]$2484 ($dff) from module $paramod$72aa32f6215a5e7f33ea8e69cece12e4d4e95dbe\main_memory (D = $0$memwr$\main_memory$code/main_memory.sv:144$339_DATA[31:0]$359 [15:8], Q = \main_memory[65] [15:8]).
Adding EN signal on $memory\main_memory[65]$2484 ($dff) from module $paramod$72aa32f6215a5e7f33ea8e69cece12e4d4e95dbe\main_memory (D = $0$memwr$\main_memory$code/main_memory.sv:144$340_DATA[31:0]$362 [23:16], Q = \main_memory[65] [23:16]).
Adding EN signal on $memory\main_memory[65]$2484 ($dff) from module $paramod$72aa32f6215a5e7f33ea8e69cece12e4d4e95dbe\main_memory (D = $0$memwr$\main_memory$code/main_memory.sv:144$341_DATA[31:0]$365 [31:24], Q = \main_memory[65] [31:24]).
Adding EN signal on $memory\main_memory[66]$2486 ($dff) from module $paramod$72aa32f6215a5e7f33ea8e69cece12e4d4e95dbe\main_memory (D = $0$memwr$\main_memory$code/main_memory.sv:144$338_DATA[31:0]$356 [7:0], Q = \main_memory[66] [7:0]).
Adding EN signal on $memory\main_memory[66]$2486 ($dff) from module $paramod$72aa32f6215a5e7f33ea8e69cece12e4d4e95dbe\main_memory (D = $0$memwr$\main_memory$code/main_memory.sv:144$339_DATA[31:0]$359 [15:8], Q = \main_memory[66] [15:8]).
Adding EN signal on $memory\main_memory[66]$2486 ($dff) from module $paramod$72aa32f6215a5e7f33ea8e69cece12e4d4e95dbe\main_memory (D = $0$memwr$\main_memory$code/main_memory.sv:144$340_DATA[31:0]$362 [23:16], Q = \main_memory[66] [23:16]).
Adding EN signal on $memory\main_memory[66]$2486 ($dff) from module $paramod$72aa32f6215a5e7f33ea8e69cece12e4d4e95dbe\main_memory (D = $0$memwr$\main_memory$code/main_memory.sv:144$341_DATA[31:0]$365 [31:24], Q = \main_memory[66] [31:24]).
Adding EN signal on $memory\main_memory[67]$2488 ($dff) from module $paramod$72aa32f6215a5e7f33ea8e69cece12e4d4e95dbe\main_memory (D = $0$memwr$\main_memory$code/main_memory.sv:144$338_DATA[31:0]$356 [7:0], Q = \main_memory[67] [7:0]).
Adding EN signal on $memory\main_memory[67]$2488 ($dff) from module $paramod$72aa32f6215a5e7f33ea8e69cece12e4d4e95dbe\main_memory (D = $0$memwr$\main_memory$code/main_memory.sv:144$339_DATA[31:0]$359 [15:8], Q = \main_memory[67] [15:8]).
Adding EN signal on $memory\main_memory[67]$2488 ($dff) from module $paramod$72aa32f6215a5e7f33ea8e69cece12e4d4e95dbe\main_memory (D = $0$memwr$\main_memory$code/main_memory.sv:144$340_DATA[31:0]$362 [23:16], Q = \main_memory[67] [23:16]).
Adding EN signal on $memory\main_memory[67]$2488 ($dff) from module $paramod$72aa32f6215a5e7f33ea8e69cece12e4d4e95dbe\main_memory (D = $0$memwr$\main_memory$code/main_memory.sv:144$341_DATA[31:0]$365 [31:24], Q = \main_memory[67] [31:24]).
Adding EN signal on $memory\main_memory[68]$2490 ($dff) from module $paramod$72aa32f6215a5e7f33ea8e69cece12e4d4e95dbe\main_memory (D = $0$memwr$\main_memory$code/main_memory.sv:144$338_DATA[31:0]$356 [7:0], Q = \main_memory[68] [7:0]).
Adding EN signal on $memory\main_memory[68]$2490 ($dff) from module $paramod$72aa32f6215a5e7f33ea8e69cece12e4d4e95dbe\main_memory (D = $0$memwr$\main_memory$code/main_memory.sv:144$339_DATA[31:0]$359 [15:8], Q = \main_memory[68] [15:8]).
Adding EN signal on $memory\main_memory[68]$2490 ($dff) from module $paramod$72aa32f6215a5e7f33ea8e69cece12e4d4e95dbe\main_memory (D = $0$memwr$\main_memory$code/main_memory.sv:144$340_DATA[31:0]$362 [23:16], Q = \main_memory[68] [23:16]).
Adding EN signal on $memory\main_memory[68]$2490 ($dff) from module $paramod$72aa32f6215a5e7f33ea8e69cece12e4d4e95dbe\main_memory (D = $0$memwr$\main_memory$code/main_memory.sv:144$341_DATA[31:0]$365 [31:24], Q = \main_memory[68] [31:24]).
Adding EN signal on $memory\main_memory[69]$2492 ($dff) from module $paramod$72aa32f6215a5e7f33ea8e69cece12e4d4e95dbe\main_memory (D = $0$memwr$\main_memory$code/main_memory.sv:144$338_DATA[31:0]$356 [7:0], Q = \main_memory[69] [7:0]).
Adding EN signal on $memory\main_memory[69]$2492 ($dff) from module $paramod$72aa32f6215a5e7f33ea8e69cece12e4d4e95dbe\main_memory (D = $0$memwr$\main_memory$code/main_memory.sv:144$339_DATA[31:0]$359 [15:8], Q = \main_memory[69] [15:8]).
Adding EN signal on $memory\main_memory[69]$2492 ($dff) from module $paramod$72aa32f6215a5e7f33ea8e69cece12e4d4e95dbe\main_memory (D = $0$memwr$\main_memory$code/main_memory.sv:144$340_DATA[31:0]$362 [23:16], Q = \main_memory[69] [23:16]).
Adding EN signal on $memory\main_memory[69]$2492 ($dff) from module $paramod$72aa32f6215a5e7f33ea8e69cece12e4d4e95dbe\main_memory (D = $0$memwr$\main_memory$code/main_memory.sv:144$341_DATA[31:0]$365 [31:24], Q = \main_memory[69] [31:24]).
Adding EN signal on $memory\main_memory[70]$2494 ($dff) from module $paramod$72aa32f6215a5e7f33ea8e69cece12e4d4e95dbe\main_memory (D = $0$memwr$\main_memory$code/main_memory.sv:144$338_DATA[31:0]$356 [7:0], Q = \main_memory[70] [7:0]).
Adding EN signal on $memory\main_memory[70]$2494 ($dff) from module $paramod$72aa32f6215a5e7f33ea8e69cece12e4d4e95dbe\main_memory (D = $0$memwr$\main_memory$code/main_memory.sv:144$339_DATA[31:0]$359 [15:8], Q = \main_memory[70] [15:8]).
Adding EN signal on $memory\main_memory[70]$2494 ($dff) from module $paramod$72aa32f6215a5e7f33ea8e69cece12e4d4e95dbe\main_memory (D = $0$memwr$\main_memory$code/main_memory.sv:144$340_DATA[31:0]$362 [23:16], Q = \main_memory[70] [23:16]).
Adding EN signal on $memory\main_memory[70]$2494 ($dff) from module $paramod$72aa32f6215a5e7f33ea8e69cece12e4d4e95dbe\main_memory (D = $0$memwr$\main_memory$code/main_memory.sv:144$341_DATA[31:0]$365 [31:24], Q = \main_memory[70] [31:24]).
Adding EN signal on $memory\main_memory[71]$2496 ($dff) from module $paramod$72aa32f6215a5e7f33ea8e69cece12e4d4e95dbe\main_memory (D = $0$memwr$\main_memory$code/main_memory.sv:144$338_DATA[31:0]$356 [7:0], Q = \main_memory[71] [7:0]).
Adding EN signal on $memory\main_memory[71]$2496 ($dff) from module $paramod$72aa32f6215a5e7f33ea8e69cece12e4d4e95dbe\main_memory (D = $0$memwr$\main_memory$code/main_memory.sv:144$339_DATA[31:0]$359 [15:8], Q = \main_memory[71] [15:8]).
Adding EN signal on $memory\main_memory[71]$2496 ($dff) from module $paramod$72aa32f6215a5e7f33ea8e69cece12e4d4e95dbe\main_memory (D = $0$memwr$\main_memory$code/main_memory.sv:144$340_DATA[31:0]$362 [23:16], Q = \main_memory[71] [23:16]).
Adding EN signal on $memory\main_memory[71]$2496 ($dff) from module $paramod$72aa32f6215a5e7f33ea8e69cece12e4d4e95dbe\main_memory (D = $0$memwr$\main_memory$code/main_memory.sv:144$341_DATA[31:0]$365 [31:24], Q = \main_memory[71] [31:24]).
Adding EN signal on $memory\main_memory[72]$2498 ($dff) from module $paramod$72aa32f6215a5e7f33ea8e69cece12e4d4e95dbe\main_memory (D = $0$memwr$\main_memory$code/main_memory.sv:144$338_DATA[31:0]$356 [7:0], Q = \main_memory[72] [7:0]).
Adding EN signal on $memory\main_memory[72]$2498 ($dff) from module $paramod$72aa32f6215a5e7f33ea8e69cece12e4d4e95dbe\main_memory (D = $0$memwr$\main_memory$code/main_memory.sv:144$339_DATA[31:0]$359 [15:8], Q = \main_memory[72] [15:8]).
Adding EN signal on $memory\main_memory[72]$2498 ($dff) from module $paramod$72aa32f6215a5e7f33ea8e69cece12e4d4e95dbe\main_memory (D = $0$memwr$\main_memory$code/main_memory.sv:144$340_DATA[31:0]$362 [23:16], Q = \main_memory[72] [23:16]).
Adding EN signal on $memory\main_memory[72]$2498 ($dff) from module $paramod$72aa32f6215a5e7f33ea8e69cece12e4d4e95dbe\main_memory (D = $0$memwr$\main_memory$code/main_memory.sv:144$341_DATA[31:0]$365 [31:24], Q = \main_memory[72] [31:24]).
Adding EN signal on $memory\main_memory[73]$2500 ($dff) from module $paramod$72aa32f6215a5e7f33ea8e69cece12e4d4e95dbe\main_memory (D = $0$memwr$\main_memory$code/main_memory.sv:144$338_DATA[31:0]$356 [7:0], Q = \main_memory[73] [7:0]).
Adding EN signal on $memory\main_memory[73]$2500 ($dff) from module $paramod$72aa32f6215a5e7f33ea8e69cece12e4d4e95dbe\main_memory (D = $0$memwr$\main_memory$code/main_memory.sv:144$339_DATA[31:0]$359 [15:8], Q = \main_memory[73] [15:8]).
Adding EN signal on $memory\main_memory[73]$2500 ($dff) from module $paramod$72aa32f6215a5e7f33ea8e69cece12e4d4e95dbe\main_memory (D = $0$memwr$\main_memory$code/main_memory.sv:144$340_DATA[31:0]$362 [23:16], Q = \main_memory[73] [23:16]).
Adding EN signal on $memory\main_memory[73]$2500 ($dff) from module $paramod$72aa32f6215a5e7f33ea8e69cece12e4d4e95dbe\main_memory (D = $0$memwr$\main_memory$code/main_memory.sv:144$341_DATA[31:0]$365 [31:24], Q = \main_memory[73] [31:24]).
Adding EN signal on $memory\main_memory[74]$2502 ($dff) from module $paramod$72aa32f6215a5e7f33ea8e69cece12e4d4e95dbe\main_memory (D = $0$memwr$\main_memory$code/main_memory.sv:144$338_DATA[31:0]$356 [7:0], Q = \main_memory[74] [7:0]).
Adding EN signal on $memory\main_memory[74]$2502 ($dff) from module $paramod$72aa32f6215a5e7f33ea8e69cece12e4d4e95dbe\main_memory (D = $0$memwr$\main_memory$code/main_memory.sv:144$339_DATA[31:0]$359 [15:8], Q = \main_memory[74] [15:8]).
Adding EN signal on $memory\main_memory[74]$2502 ($dff) from module $paramod$72aa32f6215a5e7f33ea8e69cece12e4d4e95dbe\main_memory (D = $0$memwr$\main_memory$code/main_memory.sv:144$340_DATA[31:0]$362 [23:16], Q = \main_memory[74] [23:16]).
Adding EN signal on $memory\main_memory[74]$2502 ($dff) from module $paramod$72aa32f6215a5e7f33ea8e69cece12e4d4e95dbe\main_memory (D = $0$memwr$\main_memory$code/main_memory.sv:144$341_DATA[31:0]$365 [31:24], Q = \main_memory[74] [31:24]).
Adding EN signal on $memory\main_memory[75]$2504 ($dff) from module $paramod$72aa32f6215a5e7f33ea8e69cece12e4d4e95dbe\main_memory (D = $0$memwr$\main_memory$code/main_memory.sv:144$338_DATA[31:0]$356 [7:0], Q = \main_memory[75] [7:0]).
Adding EN signal on $memory\main_memory[75]$2504 ($dff) from module $paramod$72aa32f6215a5e7f33ea8e69cece12e4d4e95dbe\main_memory (D = $0$memwr$\main_memory$code/main_memory.sv:144$339_DATA[31:0]$359 [15:8], Q = \main_memory[75] [15:8]).
Adding EN signal on $memory\main_memory[75]$2504 ($dff) from module $paramod$72aa32f6215a5e7f33ea8e69cece12e4d4e95dbe\main_memory (D = $0$memwr$\main_memory$code/main_memory.sv:144$340_DATA[31:0]$362 [23:16], Q = \main_memory[75] [23:16]).
Adding EN signal on $memory\main_memory[75]$2504 ($dff) from module $paramod$72aa32f6215a5e7f33ea8e69cece12e4d4e95dbe\main_memory (D = $0$memwr$\main_memory$code/main_memory.sv:144$341_DATA[31:0]$365 [31:24], Q = \main_memory[75] [31:24]).
Adding EN signal on $memory\main_memory[76]$2506 ($dff) from module $paramod$72aa32f6215a5e7f33ea8e69cece12e4d4e95dbe\main_memory (D = $0$memwr$\main_memory$code/main_memory.sv:144$338_DATA[31:0]$356 [7:0], Q = \main_memory[76] [7:0]).
Adding EN signal on $memory\main_memory[76]$2506 ($dff) from module $paramod$72aa32f6215a5e7f33ea8e69cece12e4d4e95dbe\main_memory (D = $0$memwr$\main_memory$code/main_memory.sv:144$339_DATA[31:0]$359 [15:8], Q = \main_memory[76] [15:8]).
Adding EN signal on $memory\main_memory[76]$2506 ($dff) from module $paramod$72aa32f6215a5e7f33ea8e69cece12e4d4e95dbe\main_memory (D = $0$memwr$\main_memory$code/main_memory.sv:144$340_DATA[31:0]$362 [23:16], Q = \main_memory[76] [23:16]).
Adding EN signal on $memory\main_memory[76]$2506 ($dff) from module $paramod$72aa32f6215a5e7f33ea8e69cece12e4d4e95dbe\main_memory (D = $0$memwr$\main_memory$code/main_memory.sv:144$341_DATA[31:0]$365 [31:24], Q = \main_memory[76] [31:24]).
Adding EN signal on $memory\main_memory[77]$2508 ($dff) from module $paramod$72aa32f6215a5e7f33ea8e69cece12e4d4e95dbe\main_memory (D = $0$memwr$\main_memory$code/main_memory.sv:144$338_DATA[31:0]$356 [7:0], Q = \main_memory[77] [7:0]).
Adding EN signal on $memory\main_memory[77]$2508 ($dff) from module $paramod$72aa32f6215a5e7f33ea8e69cece12e4d4e95dbe\main_memory (D = $0$memwr$\main_memory$code/main_memory.sv:144$339_DATA[31:0]$359 [15:8], Q = \main_memory[77] [15:8]).
Adding EN signal on $memory\main_memory[77]$2508 ($dff) from module $paramod$72aa32f6215a5e7f33ea8e69cece12e4d4e95dbe\main_memory (D = $0$memwr$\main_memory$code/main_memory.sv:144$340_DATA[31:0]$362 [23:16], Q = \main_memory[77] [23:16]).
Adding EN signal on $memory\main_memory[77]$2508 ($dff) from module $paramod$72aa32f6215a5e7f33ea8e69cece12e4d4e95dbe\main_memory (D = $0$memwr$\main_memory$code/main_memory.sv:144$341_DATA[31:0]$365 [31:24], Q = \main_memory[77] [31:24]).
Adding EN signal on $memory\main_memory[78]$2510 ($dff) from module $paramod$72aa32f6215a5e7f33ea8e69cece12e4d4e95dbe\main_memory (D = $0$memwr$\main_memory$code/main_memory.sv:144$338_DATA[31:0]$356 [7:0], Q = \main_memory[78] [7:0]).
Adding EN signal on $memory\main_memory[78]$2510 ($dff) from module $paramod$72aa32f6215a5e7f33ea8e69cece12e4d4e95dbe\main_memory (D = $0$memwr$\main_memory$code/main_memory.sv:144$339_DATA[31:0]$359 [15:8], Q = \main_memory[78] [15:8]).
Adding EN signal on $memory\main_memory[78]$2510 ($dff) from module $paramod$72aa32f6215a5e7f33ea8e69cece12e4d4e95dbe\main_memory (D = $0$memwr$\main_memory$code/main_memory.sv:144$340_DATA[31:0]$362 [23:16], Q = \main_memory[78] [23:16]).
Adding EN signal on $memory\main_memory[78]$2510 ($dff) from module $paramod$72aa32f6215a5e7f33ea8e69cece12e4d4e95dbe\main_memory (D = $0$memwr$\main_memory$code/main_memory.sv:144$341_DATA[31:0]$365 [31:24], Q = \main_memory[78] [31:24]).
Adding EN signal on $memory\main_memory[79]$2512 ($dff) from module $paramod$72aa32f6215a5e7f33ea8e69cece12e4d4e95dbe\main_memory (D = $0$memwr$\main_memory$code/main_memory.sv:144$338_DATA[31:0]$356 [7:0], Q = \main_memory[79] [7:0]).
Adding EN signal on $memory\main_memory[79]$2512 ($dff) from module $paramod$72aa32f6215a5e7f33ea8e69cece12e4d4e95dbe\main_memory (D = $0$memwr$\main_memory$code/main_memory.sv:144$339_DATA[31:0]$359 [15:8], Q = \main_memory[79] [15:8]).
Adding EN signal on $memory\main_memory[79]$2512 ($dff) from module $paramod$72aa32f6215a5e7f33ea8e69cece12e4d4e95dbe\main_memory (D = $0$memwr$\main_memory$code/main_memory.sv:144$340_DATA[31:0]$362 [23:16], Q = \main_memory[79] [23:16]).
Adding EN signal on $memory\main_memory[79]$2512 ($dff) from module $paramod$72aa32f6215a5e7f33ea8e69cece12e4d4e95dbe\main_memory (D = $0$memwr$\main_memory$code/main_memory.sv:144$341_DATA[31:0]$365 [31:24], Q = \main_memory[79] [31:24]).
Adding EN signal on $memory\main_memory[80]$2514 ($dff) from module $paramod$72aa32f6215a5e7f33ea8e69cece12e4d4e95dbe\main_memory (D = $0$memwr$\main_memory$code/main_memory.sv:144$338_DATA[31:0]$356 [7:0], Q = \main_memory[80] [7:0]).
Adding EN signal on $memory\main_memory[80]$2514 ($dff) from module $paramod$72aa32f6215a5e7f33ea8e69cece12e4d4e95dbe\main_memory (D = $0$memwr$\main_memory$code/main_memory.sv:144$339_DATA[31:0]$359 [15:8], Q = \main_memory[80] [15:8]).
Adding EN signal on $memory\main_memory[80]$2514 ($dff) from module $paramod$72aa32f6215a5e7f33ea8e69cece12e4d4e95dbe\main_memory (D = $0$memwr$\main_memory$code/main_memory.sv:144$340_DATA[31:0]$362 [23:16], Q = \main_memory[80] [23:16]).
Adding EN signal on $memory\main_memory[80]$2514 ($dff) from module $paramod$72aa32f6215a5e7f33ea8e69cece12e4d4e95dbe\main_memory (D = $0$memwr$\main_memory$code/main_memory.sv:144$341_DATA[31:0]$365 [31:24], Q = \main_memory[80] [31:24]).
Adding EN signal on $memory\main_memory[81]$2516 ($dff) from module $paramod$72aa32f6215a5e7f33ea8e69cece12e4d4e95dbe\main_memory (D = $0$memwr$\main_memory$code/main_memory.sv:144$338_DATA[31:0]$356 [7:0], Q = \main_memory[81] [7:0]).
Adding EN signal on $memory\main_memory[81]$2516 ($dff) from module $paramod$72aa32f6215a5e7f33ea8e69cece12e4d4e95dbe\main_memory (D = $0$memwr$\main_memory$code/main_memory.sv:144$339_DATA[31:0]$359 [15:8], Q = \main_memory[81] [15:8]).
Adding EN signal on $memory\main_memory[81]$2516 ($dff) from module $paramod$72aa32f6215a5e7f33ea8e69cece12e4d4e95dbe\main_memory (D = $0$memwr$\main_memory$code/main_memory.sv:144$340_DATA[31:0]$362 [23:16], Q = \main_memory[81] [23:16]).
Adding EN signal on $memory\main_memory[81]$2516 ($dff) from module $paramod$72aa32f6215a5e7f33ea8e69cece12e4d4e95dbe\main_memory (D = $0$memwr$\main_memory$code/main_memory.sv:144$341_DATA[31:0]$365 [31:24], Q = \main_memory[81] [31:24]).
Adding EN signal on $memory\main_memory[82]$2518 ($dff) from module $paramod$72aa32f6215a5e7f33ea8e69cece12e4d4e95dbe\main_memory (D = $0$memwr$\main_memory$code/main_memory.sv:144$338_DATA[31:0]$356 [7:0], Q = \main_memory[82] [7:0]).
Adding EN signal on $memory\main_memory[82]$2518 ($dff) from module $paramod$72aa32f6215a5e7f33ea8e69cece12e4d4e95dbe\main_memory (D = $0$memwr$\main_memory$code/main_memory.sv:144$339_DATA[31:0]$359 [15:8], Q = \main_memory[82] [15:8]).
Adding EN signal on $memory\main_memory[82]$2518 ($dff) from module $paramod$72aa32f6215a5e7f33ea8e69cece12e4d4e95dbe\main_memory (D = $0$memwr$\main_memory$code/main_memory.sv:144$340_DATA[31:0]$362 [23:16], Q = \main_memory[82] [23:16]).
Adding EN signal on $memory\main_memory[82]$2518 ($dff) from module $paramod$72aa32f6215a5e7f33ea8e69cece12e4d4e95dbe\main_memory (D = $0$memwr$\main_memory$code/main_memory.sv:144$341_DATA[31:0]$365 [31:24], Q = \main_memory[82] [31:24]).
Adding EN signal on $memory\main_memory[83]$2520 ($dff) from module $paramod$72aa32f6215a5e7f33ea8e69cece12e4d4e95dbe\main_memory (D = $0$memwr$\main_memory$code/main_memory.sv:144$338_DATA[31:0]$356 [7:0], Q = \main_memory[83] [7:0]).
Adding EN signal on $memory\main_memory[83]$2520 ($dff) from module $paramod$72aa32f6215a5e7f33ea8e69cece12e4d4e95dbe\main_memory (D = $0$memwr$\main_memory$code/main_memory.sv:144$339_DATA[31:0]$359 [15:8], Q = \main_memory[83] [15:8]).
Adding EN signal on $memory\main_memory[83]$2520 ($dff) from module $paramod$72aa32f6215a5e7f33ea8e69cece12e4d4e95dbe\main_memory (D = $0$memwr$\main_memory$code/main_memory.sv:144$340_DATA[31:0]$362 [23:16], Q = \main_memory[83] [23:16]).
Adding EN signal on $memory\main_memory[83]$2520 ($dff) from module $paramod$72aa32f6215a5e7f33ea8e69cece12e4d4e95dbe\main_memory (D = $0$memwr$\main_memory$code/main_memory.sv:144$341_DATA[31:0]$365 [31:24], Q = \main_memory[83] [31:24]).
Adding EN signal on $memory\main_memory[84]$2522 ($dff) from module $paramod$72aa32f6215a5e7f33ea8e69cece12e4d4e95dbe\main_memory (D = $0$memwr$\main_memory$code/main_memory.sv:144$338_DATA[31:0]$356 [7:0], Q = \main_memory[84] [7:0]).
Adding EN signal on $memory\main_memory[84]$2522 ($dff) from module $paramod$72aa32f6215a5e7f33ea8e69cece12e4d4e95dbe\main_memory (D = $0$memwr$\main_memory$code/main_memory.sv:144$339_DATA[31:0]$359 [15:8], Q = \main_memory[84] [15:8]).
Adding EN signal on $memory\main_memory[84]$2522 ($dff) from module $paramod$72aa32f6215a5e7f33ea8e69cece12e4d4e95dbe\main_memory (D = $0$memwr$\main_memory$code/main_memory.sv:144$340_DATA[31:0]$362 [23:16], Q = \main_memory[84] [23:16]).
Adding EN signal on $memory\main_memory[84]$2522 ($dff) from module $paramod$72aa32f6215a5e7f33ea8e69cece12e4d4e95dbe\main_memory (D = $0$memwr$\main_memory$code/main_memory.sv:144$341_DATA[31:0]$365 [31:24], Q = \main_memory[84] [31:24]).
Adding EN signal on $memory\main_memory[85]$2524 ($dff) from module $paramod$72aa32f6215a5e7f33ea8e69cece12e4d4e95dbe\main_memory (D = $0$memwr$\main_memory$code/main_memory.sv:144$338_DATA[31:0]$356 [7:0], Q = \main_memory[85] [7:0]).
Adding EN signal on $memory\main_memory[85]$2524 ($dff) from module $paramod$72aa32f6215a5e7f33ea8e69cece12e4d4e95dbe\main_memory (D = $0$memwr$\main_memory$code/main_memory.sv:144$339_DATA[31:0]$359 [15:8], Q = \main_memory[85] [15:8]).
Adding EN signal on $memory\main_memory[85]$2524 ($dff) from module $paramod$72aa32f6215a5e7f33ea8e69cece12e4d4e95dbe\main_memory (D = $0$memwr$\main_memory$code/main_memory.sv:144$340_DATA[31:0]$362 [23:16], Q = \main_memory[85] [23:16]).
Adding EN signal on $memory\main_memory[85]$2524 ($dff) from module $paramod$72aa32f6215a5e7f33ea8e69cece12e4d4e95dbe\main_memory (D = $0$memwr$\main_memory$code/main_memory.sv:144$341_DATA[31:0]$365 [31:24], Q = \main_memory[85] [31:24]).
Adding EN signal on $memory\main_memory[86]$2526 ($dff) from module $paramod$72aa32f6215a5e7f33ea8e69cece12e4d4e95dbe\main_memory (D = $0$memwr$\main_memory$code/main_memory.sv:144$338_DATA[31:0]$356 [7:0], Q = \main_memory[86] [7:0]).
Adding EN signal on $memory\main_memory[86]$2526 ($dff) from module $paramod$72aa32f6215a5e7f33ea8e69cece12e4d4e95dbe\main_memory (D = $0$memwr$\main_memory$code/main_memory.sv:144$339_DATA[31:0]$359 [15:8], Q = \main_memory[86] [15:8]).
Adding EN signal on $memory\main_memory[86]$2526 ($dff) from module $paramod$72aa32f6215a5e7f33ea8e69cece12e4d4e95dbe\main_memory (D = $0$memwr$\main_memory$code/main_memory.sv:144$340_DATA[31:0]$362 [23:16], Q = \main_memory[86] [23:16]).
Adding EN signal on $memory\main_memory[86]$2526 ($dff) from module $paramod$72aa32f6215a5e7f33ea8e69cece12e4d4e95dbe\main_memory (D = $0$memwr$\main_memory$code/main_memory.sv:144$341_DATA[31:0]$365 [31:24], Q = \main_memory[86] [31:24]).
Adding EN signal on $memory\main_memory[87]$2528 ($dff) from module $paramod$72aa32f6215a5e7f33ea8e69cece12e4d4e95dbe\main_memory (D = $0$memwr$\main_memory$code/main_memory.sv:144$338_DATA[31:0]$356 [7:0], Q = \main_memory[87] [7:0]).
Adding EN signal on $memory\main_memory[87]$2528 ($dff) from module $paramod$72aa32f6215a5e7f33ea8e69cece12e4d4e95dbe\main_memory (D = $0$memwr$\main_memory$code/main_memory.sv:144$339_DATA[31:0]$359 [15:8], Q = \main_memory[87] [15:8]).
Adding EN signal on $memory\main_memory[87]$2528 ($dff) from module $paramod$72aa32f6215a5e7f33ea8e69cece12e4d4e95dbe\main_memory (D = $0$memwr$\main_memory$code/main_memory.sv:144$340_DATA[31:0]$362 [23:16], Q = \main_memory[87] [23:16]).
Adding EN signal on $memory\main_memory[87]$2528 ($dff) from module $paramod$72aa32f6215a5e7f33ea8e69cece12e4d4e95dbe\main_memory (D = $0$memwr$\main_memory$code/main_memory.sv:144$341_DATA[31:0]$365 [31:24], Q = \main_memory[87] [31:24]).
Adding EN signal on $memory\main_memory[88]$2530 ($dff) from module $paramod$72aa32f6215a5e7f33ea8e69cece12e4d4e95dbe\main_memory (D = $0$memwr$\main_memory$code/main_memory.sv:144$338_DATA[31:0]$356 [7:0], Q = \main_memory[88] [7:0]).
Adding EN signal on $memory\main_memory[88]$2530 ($dff) from module $paramod$72aa32f6215a5e7f33ea8e69cece12e4d4e95dbe\main_memory (D = $0$memwr$\main_memory$code/main_memory.sv:144$339_DATA[31:0]$359 [15:8], Q = \main_memory[88] [15:8]).
Adding EN signal on $memory\main_memory[88]$2530 ($dff) from module $paramod$72aa32f6215a5e7f33ea8e69cece12e4d4e95dbe\main_memory (D = $0$memwr$\main_memory$code/main_memory.sv:144$340_DATA[31:0]$362 [23:16], Q = \main_memory[88] [23:16]).
Adding EN signal on $memory\main_memory[88]$2530 ($dff) from module $paramod$72aa32f6215a5e7f33ea8e69cece12e4d4e95dbe\main_memory (D = $0$memwr$\main_memory$code/main_memory.sv:144$341_DATA[31:0]$365 [31:24], Q = \main_memory[88] [31:24]).
Adding EN signal on $memory\main_memory[89]$2532 ($dff) from module $paramod$72aa32f6215a5e7f33ea8e69cece12e4d4e95dbe\main_memory (D = $0$memwr$\main_memory$code/main_memory.sv:144$338_DATA[31:0]$356 [7:0], Q = \main_memory[89] [7:0]).
Adding EN signal on $memory\main_memory[89]$2532 ($dff) from module $paramod$72aa32f6215a5e7f33ea8e69cece12e4d4e95dbe\main_memory (D = $0$memwr$\main_memory$code/main_memory.sv:144$339_DATA[31:0]$359 [15:8], Q = \main_memory[89] [15:8]).
Adding EN signal on $memory\main_memory[89]$2532 ($dff) from module $paramod$72aa32f6215a5e7f33ea8e69cece12e4d4e95dbe\main_memory (D = $0$memwr$\main_memory$code/main_memory.sv:144$340_DATA[31:0]$362 [23:16], Q = \main_memory[89] [23:16]).
Adding EN signal on $memory\main_memory[89]$2532 ($dff) from module $paramod$72aa32f6215a5e7f33ea8e69cece12e4d4e95dbe\main_memory (D = $0$memwr$\main_memory$code/main_memory.sv:144$341_DATA[31:0]$365 [31:24], Q = \main_memory[89] [31:24]).
Adding EN signal on $memory\main_memory[90]$2534 ($dff) from module $paramod$72aa32f6215a5e7f33ea8e69cece12e4d4e95dbe\main_memory (D = $0$memwr$\main_memory$code/main_memory.sv:144$338_DATA[31:0]$356 [7:0], Q = \main_memory[90] [7:0]).
Adding EN signal on $memory\main_memory[90]$2534 ($dff) from module $paramod$72aa32f6215a5e7f33ea8e69cece12e4d4e95dbe\main_memory (D = $0$memwr$\main_memory$code/main_memory.sv:144$339_DATA[31:0]$359 [15:8], Q = \main_memory[90] [15:8]).
Adding EN signal on $memory\main_memory[90]$2534 ($dff) from module $paramod$72aa32f6215a5e7f33ea8e69cece12e4d4e95dbe\main_memory (D = $0$memwr$\main_memory$code/main_memory.sv:144$340_DATA[31:0]$362 [23:16], Q = \main_memory[90] [23:16]).
Adding EN signal on $memory\main_memory[90]$2534 ($dff) from module $paramod$72aa32f6215a5e7f33ea8e69cece12e4d4e95dbe\main_memory (D = $0$memwr$\main_memory$code/main_memory.sv:144$341_DATA[31:0]$365 [31:24], Q = \main_memory[90] [31:24]).
Adding EN signal on $memory\main_memory[91]$2536 ($dff) from module $paramod$72aa32f6215a5e7f33ea8e69cece12e4d4e95dbe\main_memory (D = $0$memwr$\main_memory$code/main_memory.sv:144$338_DATA[31:0]$356 [7:0], Q = \main_memory[91] [7:0]).
Adding EN signal on $memory\main_memory[91]$2536 ($dff) from module $paramod$72aa32f6215a5e7f33ea8e69cece12e4d4e95dbe\main_memory (D = $0$memwr$\main_memory$code/main_memory.sv:144$339_DATA[31:0]$359 [15:8], Q = \main_memory[91] [15:8]).
Adding EN signal on $memory\main_memory[91]$2536 ($dff) from module $paramod$72aa32f6215a5e7f33ea8e69cece12e4d4e95dbe\main_memory (D = $0$memwr$\main_memory$code/main_memory.sv:144$340_DATA[31:0]$362 [23:16], Q = \main_memory[91] [23:16]).
Adding EN signal on $memory\main_memory[91]$2536 ($dff) from module $paramod$72aa32f6215a5e7f33ea8e69cece12e4d4e95dbe\main_memory (D = $0$memwr$\main_memory$code/main_memory.sv:144$341_DATA[31:0]$365 [31:24], Q = \main_memory[91] [31:24]).
Adding EN signal on $memory\main_memory[92]$2538 ($dff) from module $paramod$72aa32f6215a5e7f33ea8e69cece12e4d4e95dbe\main_memory (D = $0$memwr$\main_memory$code/main_memory.sv:144$338_DATA[31:0]$356 [7:0], Q = \main_memory[92] [7:0]).
Adding EN signal on $memory\main_memory[92]$2538 ($dff) from module $paramod$72aa32f6215a5e7f33ea8e69cece12e4d4e95dbe\main_memory (D = $0$memwr$\main_memory$code/main_memory.sv:144$339_DATA[31:0]$359 [15:8], Q = \main_memory[92] [15:8]).
Adding EN signal on $memory\main_memory[92]$2538 ($dff) from module $paramod$72aa32f6215a5e7f33ea8e69cece12e4d4e95dbe\main_memory (D = $0$memwr$\main_memory$code/main_memory.sv:144$340_DATA[31:0]$362 [23:16], Q = \main_memory[92] [23:16]).
Adding EN signal on $memory\main_memory[92]$2538 ($dff) from module $paramod$72aa32f6215a5e7f33ea8e69cece12e4d4e95dbe\main_memory (D = $0$memwr$\main_memory$code/main_memory.sv:144$341_DATA[31:0]$365 [31:24], Q = \main_memory[92] [31:24]).
Adding EN signal on $memory\main_memory[93]$2540 ($dff) from module $paramod$72aa32f6215a5e7f33ea8e69cece12e4d4e95dbe\main_memory (D = $0$memwr$\main_memory$code/main_memory.sv:144$338_DATA[31:0]$356 [7:0], Q = \main_memory[93] [7:0]).
Adding EN signal on $memory\main_memory[93]$2540 ($dff) from module $paramod$72aa32f6215a5e7f33ea8e69cece12e4d4e95dbe\main_memory (D = $0$memwr$\main_memory$code/main_memory.sv:144$339_DATA[31:0]$359 [15:8], Q = \main_memory[93] [15:8]).
Adding EN signal on $memory\main_memory[93]$2540 ($dff) from module $paramod$72aa32f6215a5e7f33ea8e69cece12e4d4e95dbe\main_memory (D = $0$memwr$\main_memory$code/main_memory.sv:144$340_DATA[31:0]$362 [23:16], Q = \main_memory[93] [23:16]).
Adding EN signal on $memory\main_memory[93]$2540 ($dff) from module $paramod$72aa32f6215a5e7f33ea8e69cece12e4d4e95dbe\main_memory (D = $0$memwr$\main_memory$code/main_memory.sv:144$341_DATA[31:0]$365 [31:24], Q = \main_memory[93] [31:24]).
Adding EN signal on $memory\main_memory[94]$2542 ($dff) from module $paramod$72aa32f6215a5e7f33ea8e69cece12e4d4e95dbe\main_memory (D = $0$memwr$\main_memory$code/main_memory.sv:144$338_DATA[31:0]$356 [7:0], Q = \main_memory[94] [7:0]).
Adding EN signal on $memory\main_memory[94]$2542 ($dff) from module $paramod$72aa32f6215a5e7f33ea8e69cece12e4d4e95dbe\main_memory (D = $0$memwr$\main_memory$code/main_memory.sv:144$339_DATA[31:0]$359 [15:8], Q = \main_memory[94] [15:8]).
Adding EN signal on $memory\main_memory[94]$2542 ($dff) from module $paramod$72aa32f6215a5e7f33ea8e69cece12e4d4e95dbe\main_memory (D = $0$memwr$\main_memory$code/main_memory.sv:144$340_DATA[31:0]$362 [23:16], Q = \main_memory[94] [23:16]).
Adding EN signal on $memory\main_memory[94]$2542 ($dff) from module $paramod$72aa32f6215a5e7f33ea8e69cece12e4d4e95dbe\main_memory (D = $0$memwr$\main_memory$code/main_memory.sv:144$341_DATA[31:0]$365 [31:24], Q = \main_memory[94] [31:24]).
Adding EN signal on $memory\main_memory[95]$2544 ($dff) from module $paramod$72aa32f6215a5e7f33ea8e69cece12e4d4e95dbe\main_memory (D = $0$memwr$\main_memory$code/main_memory.sv:144$338_DATA[31:0]$356 [7:0], Q = \main_memory[95] [7:0]).
Adding EN signal on $memory\main_memory[95]$2544 ($dff) from module $paramod$72aa32f6215a5e7f33ea8e69cece12e4d4e95dbe\main_memory (D = $0$memwr$\main_memory$code/main_memory.sv:144$339_DATA[31:0]$359 [15:8], Q = \main_memory[95] [15:8]).
Adding EN signal on $memory\main_memory[95]$2544 ($dff) from module $paramod$72aa32f6215a5e7f33ea8e69cece12e4d4e95dbe\main_memory (D = $0$memwr$\main_memory$code/main_memory.sv:144$340_DATA[31:0]$362 [23:16], Q = \main_memory[95] [23:16]).
Adding EN signal on $memory\main_memory[95]$2544 ($dff) from module $paramod$72aa32f6215a5e7f33ea8e69cece12e4d4e95dbe\main_memory (D = $0$memwr$\main_memory$code/main_memory.sv:144$341_DATA[31:0]$365 [31:24], Q = \main_memory[95] [31:24]).
Adding EN signal on $memory\main_memory[96]$2546 ($dff) from module $paramod$72aa32f6215a5e7f33ea8e69cece12e4d4e95dbe\main_memory (D = $0$memwr$\main_memory$code/main_memory.sv:144$338_DATA[31:0]$356 [7:0], Q = \main_memory[96] [7:0]).
Adding EN signal on $memory\main_memory[96]$2546 ($dff) from module $paramod$72aa32f6215a5e7f33ea8e69cece12e4d4e95dbe\main_memory (D = $0$memwr$\main_memory$code/main_memory.sv:144$339_DATA[31:0]$359 [15:8], Q = \main_memory[96] [15:8]).
Adding EN signal on $memory\main_memory[96]$2546 ($dff) from module $paramod$72aa32f6215a5e7f33ea8e69cece12e4d4e95dbe\main_memory (D = $0$memwr$\main_memory$code/main_memory.sv:144$340_DATA[31:0]$362 [23:16], Q = \main_memory[96] [23:16]).
Adding EN signal on $memory\main_memory[96]$2546 ($dff) from module $paramod$72aa32f6215a5e7f33ea8e69cece12e4d4e95dbe\main_memory (D = $0$memwr$\main_memory$code/main_memory.sv:144$341_DATA[31:0]$365 [31:24], Q = \main_memory[96] [31:24]).
Adding EN signal on $memory\main_memory[97]$2548 ($dff) from module $paramod$72aa32f6215a5e7f33ea8e69cece12e4d4e95dbe\main_memory (D = $0$memwr$\main_memory$code/main_memory.sv:144$338_DATA[31:0]$356 [7:0], Q = \main_memory[97] [7:0]).
Adding EN signal on $memory\main_memory[97]$2548 ($dff) from module $paramod$72aa32f6215a5e7f33ea8e69cece12e4d4e95dbe\main_memory (D = $0$memwr$\main_memory$code/main_memory.sv:144$339_DATA[31:0]$359 [15:8], Q = \main_memory[97] [15:8]).
Adding EN signal on $memory\main_memory[97]$2548 ($dff) from module $paramod$72aa32f6215a5e7f33ea8e69cece12e4d4e95dbe\main_memory (D = $0$memwr$\main_memory$code/main_memory.sv:144$340_DATA[31:0]$362 [23:16], Q = \main_memory[97] [23:16]).
Adding EN signal on $memory\main_memory[97]$2548 ($dff) from module $paramod$72aa32f6215a5e7f33ea8e69cece12e4d4e95dbe\main_memory (D = $0$memwr$\main_memory$code/main_memory.sv:144$341_DATA[31:0]$365 [31:24], Q = \main_memory[97] [31:24]).
Adding EN signal on $memory\main_memory[98]$2550 ($dff) from module $paramod$72aa32f6215a5e7f33ea8e69cece12e4d4e95dbe\main_memory (D = $0$memwr$\main_memory$code/main_memory.sv:144$338_DATA[31:0]$356 [7:0], Q = \main_memory[98] [7:0]).
Adding EN signal on $memory\main_memory[98]$2550 ($dff) from module $paramod$72aa32f6215a5e7f33ea8e69cece12e4d4e95dbe\main_memory (D = $0$memwr$\main_memory$code/main_memory.sv:144$339_DATA[31:0]$359 [15:8], Q = \main_memory[98] [15:8]).
Adding EN signal on $memory\main_memory[98]$2550 ($dff) from module $paramod$72aa32f6215a5e7f33ea8e69cece12e4d4e95dbe\main_memory (D = $0$memwr$\main_memory$code/main_memory.sv:144$340_DATA[31:0]$362 [23:16], Q = \main_memory[98] [23:16]).
Adding EN signal on $memory\main_memory[98]$2550 ($dff) from module $paramod$72aa32f6215a5e7f33ea8e69cece12e4d4e95dbe\main_memory (D = $0$memwr$\main_memory$code/main_memory.sv:144$341_DATA[31:0]$365 [31:24], Q = \main_memory[98] [31:24]).
Adding EN signal on $memory\main_memory[99]$2552 ($dff) from module $paramod$72aa32f6215a5e7f33ea8e69cece12e4d4e95dbe\main_memory (D = $0$memwr$\main_memory$code/main_memory.sv:144$338_DATA[31:0]$356 [7:0], Q = \main_memory[99] [7:0]).
Adding EN signal on $memory\main_memory[99]$2552 ($dff) from module $paramod$72aa32f6215a5e7f33ea8e69cece12e4d4e95dbe\main_memory (D = $0$memwr$\main_memory$code/main_memory.sv:144$339_DATA[31:0]$359 [15:8], Q = \main_memory[99] [15:8]).
Adding EN signal on $memory\main_memory[99]$2552 ($dff) from module $paramod$72aa32f6215a5e7f33ea8e69cece12e4d4e95dbe\main_memory (D = $0$memwr$\main_memory$code/main_memory.sv:144$340_DATA[31:0]$362 [23:16], Q = \main_memory[99] [23:16]).
Adding EN signal on $memory\main_memory[99]$2552 ($dff) from module $paramod$72aa32f6215a5e7f33ea8e69cece12e4d4e95dbe\main_memory (D = $0$memwr$\main_memory$code/main_memory.sv:144$341_DATA[31:0]$365 [31:24], Q = \main_memory[99] [31:24]).
Adding EN signal on $memory\main_memory[100]$2554 ($dff) from module $paramod$72aa32f6215a5e7f33ea8e69cece12e4d4e95dbe\main_memory (D = $0$memwr$\main_memory$code/main_memory.sv:144$338_DATA[31:0]$356 [7:0], Q = \main_memory[100] [7:0]).
Adding EN signal on $memory\main_memory[100]$2554 ($dff) from module $paramod$72aa32f6215a5e7f33ea8e69cece12e4d4e95dbe\main_memory (D = $0$memwr$\main_memory$code/main_memory.sv:144$339_DATA[31:0]$359 [15:8], Q = \main_memory[100] [15:8]).
Adding EN signal on $memory\main_memory[100]$2554 ($dff) from module $paramod$72aa32f6215a5e7f33ea8e69cece12e4d4e95dbe\main_memory (D = $0$memwr$\main_memory$code/main_memory.sv:144$340_DATA[31:0]$362 [23:16], Q = \main_memory[100] [23:16]).
Adding EN signal on $memory\main_memory[100]$2554 ($dff) from module $paramod$72aa32f6215a5e7f33ea8e69cece12e4d4e95dbe\main_memory (D = $0$memwr$\main_memory$code/main_memory.sv:144$341_DATA[31:0]$365 [31:24], Q = \main_memory[100] [31:24]).
Adding EN signal on $memory\main_memory[101]$2556 ($dff) from module $paramod$72aa32f6215a5e7f33ea8e69cece12e4d4e95dbe\main_memory (D = $0$memwr$\main_memory$code/main_memory.sv:144$338_DATA[31:0]$356 [7:0], Q = \main_memory[101] [7:0]).
Adding EN signal on $memory\main_memory[101]$2556 ($dff) from module $paramod$72aa32f6215a5e7f33ea8e69cece12e4d4e95dbe\main_memory (D = $0$memwr$\main_memory$code/main_memory.sv:144$339_DATA[31:0]$359 [15:8], Q = \main_memory[101] [15:8]).
Adding EN signal on $memory\main_memory[101]$2556 ($dff) from module $paramod$72aa32f6215a5e7f33ea8e69cece12e4d4e95dbe\main_memory (D = $0$memwr$\main_memory$code/main_memory.sv:144$340_DATA[31:0]$362 [23:16], Q = \main_memory[101] [23:16]).
Adding EN signal on $memory\main_memory[101]$2556 ($dff) from module $paramod$72aa32f6215a5e7f33ea8e69cece12e4d4e95dbe\main_memory (D = $0$memwr$\main_memory$code/main_memory.sv:144$341_DATA[31:0]$365 [31:24], Q = \main_memory[101] [31:24]).
Adding EN signal on $memory\main_memory[102]$2558 ($dff) from module $paramod$72aa32f6215a5e7f33ea8e69cece12e4d4e95dbe\main_memory (D = $0$memwr$\main_memory$code/main_memory.sv:144$338_DATA[31:0]$356 [7:0], Q = \main_memory[102] [7:0]).
Adding EN signal on $memory\main_memory[102]$2558 ($dff) from module $paramod$72aa32f6215a5e7f33ea8e69cece12e4d4e95dbe\main_memory (D = $0$memwr$\main_memory$code/main_memory.sv:144$339_DATA[31:0]$359 [15:8], Q = \main_memory[102] [15:8]).
Adding EN signal on $memory\main_memory[102]$2558 ($dff) from module $paramod$72aa32f6215a5e7f33ea8e69cece12e4d4e95dbe\main_memory (D = $0$memwr$\main_memory$code/main_memory.sv:144$340_DATA[31:0]$362 [23:16], Q = \main_memory[102] [23:16]).
Adding EN signal on $memory\main_memory[102]$2558 ($dff) from module $paramod$72aa32f6215a5e7f33ea8e69cece12e4d4e95dbe\main_memory (D = $0$memwr$\main_memory$code/main_memory.sv:144$341_DATA[31:0]$365 [31:24], Q = \main_memory[102] [31:24]).
Adding EN signal on $memory\main_memory[103]$2560 ($dff) from module $paramod$72aa32f6215a5e7f33ea8e69cece12e4d4e95dbe\main_memory (D = $0$memwr$\main_memory$code/main_memory.sv:144$338_DATA[31:0]$356 [7:0], Q = \main_memory[103] [7:0]).
Adding EN signal on $memory\main_memory[103]$2560 ($dff) from module $paramod$72aa32f6215a5e7f33ea8e69cece12e4d4e95dbe\main_memory (D = $0$memwr$\main_memory$code/main_memory.sv:144$339_DATA[31:0]$359 [15:8], Q = \main_memory[103] [15:8]).
Adding EN signal on $memory\main_memory[103]$2560 ($dff) from module $paramod$72aa32f6215a5e7f33ea8e69cece12e4d4e95dbe\main_memory (D = $0$memwr$\main_memory$code/main_memory.sv:144$340_DATA[31:0]$362 [23:16], Q = \main_memory[103] [23:16]).
Adding EN signal on $memory\main_memory[103]$2560 ($dff) from module $paramod$72aa32f6215a5e7f33ea8e69cece12e4d4e95dbe\main_memory (D = $0$memwr$\main_memory$code/main_memory.sv:144$341_DATA[31:0]$365 [31:24], Q = \main_memory[103] [31:24]).
Adding EN signal on $memory\main_memory[104]$2562 ($dff) from module $paramod$72aa32f6215a5e7f33ea8e69cece12e4d4e95dbe\main_memory (D = $0$memwr$\main_memory$code/main_memory.sv:144$338_DATA[31:0]$356 [7:0], Q = \main_memory[104] [7:0]).
Adding EN signal on $memory\main_memory[104]$2562 ($dff) from module $paramod$72aa32f6215a5e7f33ea8e69cece12e4d4e95dbe\main_memory (D = $0$memwr$\main_memory$code/main_memory.sv:144$339_DATA[31:0]$359 [15:8], Q = \main_memory[104] [15:8]).
Adding EN signal on $memory\main_memory[104]$2562 ($dff) from module $paramod$72aa32f6215a5e7f33ea8e69cece12e4d4e95dbe\main_memory (D = $0$memwr$\main_memory$code/main_memory.sv:144$340_DATA[31:0]$362 [23:16], Q = \main_memory[104] [23:16]).
Adding EN signal on $memory\main_memory[104]$2562 ($dff) from module $paramod$72aa32f6215a5e7f33ea8e69cece12e4d4e95dbe\main_memory (D = $0$memwr$\main_memory$code/main_memory.sv:144$341_DATA[31:0]$365 [31:24], Q = \main_memory[104] [31:24]).
Adding EN signal on $memory\main_memory[105]$2564 ($dff) from module $paramod$72aa32f6215a5e7f33ea8e69cece12e4d4e95dbe\main_memory (D = $0$memwr$\main_memory$code/main_memory.sv:144$338_DATA[31:0]$356 [7:0], Q = \main_memory[105] [7:0]).
Adding EN signal on $memory\main_memory[105]$2564 ($dff) from module $paramod$72aa32f6215a5e7f33ea8e69cece12e4d4e95dbe\main_memory (D = $0$memwr$\main_memory$code/main_memory.sv:144$339_DATA[31:0]$359 [15:8], Q = \main_memory[105] [15:8]).
Adding EN signal on $memory\main_memory[105]$2564 ($dff) from module $paramod$72aa32f6215a5e7f33ea8e69cece12e4d4e95dbe\main_memory (D = $0$memwr$\main_memory$code/main_memory.sv:144$340_DATA[31:0]$362 [23:16], Q = \main_memory[105] [23:16]).
Adding EN signal on $memory\main_memory[105]$2564 ($dff) from module $paramod$72aa32f6215a5e7f33ea8e69cece12e4d4e95dbe\main_memory (D = $0$memwr$\main_memory$code/main_memory.sv:144$341_DATA[31:0]$365 [31:24], Q = \main_memory[105] [31:24]).
Adding EN signal on $memory\main_memory[106]$2566 ($dff) from module $paramod$72aa32f6215a5e7f33ea8e69cece12e4d4e95dbe\main_memory (D = $0$memwr$\main_memory$code/main_memory.sv:144$338_DATA[31:0]$356 [7:0], Q = \main_memory[106] [7:0]).
Adding EN signal on $memory\main_memory[106]$2566 ($dff) from module $paramod$72aa32f6215a5e7f33ea8e69cece12e4d4e95dbe\main_memory (D = $0$memwr$\main_memory$code/main_memory.sv:144$339_DATA[31:0]$359 [15:8], Q = \main_memory[106] [15:8]).
Adding EN signal on $memory\main_memory[106]$2566 ($dff) from module $paramod$72aa32f6215a5e7f33ea8e69cece12e4d4e95dbe\main_memory (D = $0$memwr$\main_memory$code/main_memory.sv:144$340_DATA[31:0]$362 [23:16], Q = \main_memory[106] [23:16]).
Adding EN signal on $memory\main_memory[106]$2566 ($dff) from module $paramod$72aa32f6215a5e7f33ea8e69cece12e4d4e95dbe\main_memory (D = $0$memwr$\main_memory$code/main_memory.sv:144$341_DATA[31:0]$365 [31:24], Q = \main_memory[106] [31:24]).
Adding EN signal on $memory\main_memory[107]$2568 ($dff) from module $paramod$72aa32f6215a5e7f33ea8e69cece12e4d4e95dbe\main_memory (D = $0$memwr$\main_memory$code/main_memory.sv:144$338_DATA[31:0]$356 [7:0], Q = \main_memory[107] [7:0]).
Adding EN signal on $memory\main_memory[107]$2568 ($dff) from module $paramod$72aa32f6215a5e7f33ea8e69cece12e4d4e95dbe\main_memory (D = $0$memwr$\main_memory$code/main_memory.sv:144$339_DATA[31:0]$359 [15:8], Q = \main_memory[107] [15:8]).
Adding EN signal on $memory\main_memory[107]$2568 ($dff) from module $paramod$72aa32f6215a5e7f33ea8e69cece12e4d4e95dbe\main_memory (D = $0$memwr$\main_memory$code/main_memory.sv:144$340_DATA[31:0]$362 [23:16], Q = \main_memory[107] [23:16]).
Adding EN signal on $memory\main_memory[107]$2568 ($dff) from module $paramod$72aa32f6215a5e7f33ea8e69cece12e4d4e95dbe\main_memory (D = $0$memwr$\main_memory$code/main_memory.sv:144$341_DATA[31:0]$365 [31:24], Q = \main_memory[107] [31:24]).
Adding EN signal on $memory\main_memory[108]$2570 ($dff) from module $paramod$72aa32f6215a5e7f33ea8e69cece12e4d4e95dbe\main_memory (D = $0$memwr$\main_memory$code/main_memory.sv:144$338_DATA[31:0]$356 [7:0], Q = \main_memory[108] [7:0]).
Adding EN signal on $memory\main_memory[108]$2570 ($dff) from module $paramod$72aa32f6215a5e7f33ea8e69cece12e4d4e95dbe\main_memory (D = $0$memwr$\main_memory$code/main_memory.sv:144$339_DATA[31:0]$359 [15:8], Q = \main_memory[108] [15:8]).
Adding EN signal on $memory\main_memory[108]$2570 ($dff) from module $paramod$72aa32f6215a5e7f33ea8e69cece12e4d4e95dbe\main_memory (D = $0$memwr$\main_memory$code/main_memory.sv:144$340_DATA[31:0]$362 [23:16], Q = \main_memory[108] [23:16]).
Adding EN signal on $memory\main_memory[108]$2570 ($dff) from module $paramod$72aa32f6215a5e7f33ea8e69cece12e4d4e95dbe\main_memory (D = $0$memwr$\main_memory$code/main_memory.sv:144$341_DATA[31:0]$365 [31:24], Q = \main_memory[108] [31:24]).
Adding EN signal on $memory\main_memory[109]$2572 ($dff) from module $paramod$72aa32f6215a5e7f33ea8e69cece12e4d4e95dbe\main_memory (D = $0$memwr$\main_memory$code/main_memory.sv:144$338_DATA[31:0]$356 [7:0], Q = \main_memory[109] [7:0]).
Adding EN signal on $memory\main_memory[109]$2572 ($dff) from module $paramod$72aa32f6215a5e7f33ea8e69cece12e4d4e95dbe\main_memory (D = $0$memwr$\main_memory$code/main_memory.sv:144$339_DATA[31:0]$359 [15:8], Q = \main_memory[109] [15:8]).
Adding EN signal on $memory\main_memory[109]$2572 ($dff) from module $paramod$72aa32f6215a5e7f33ea8e69cece12e4d4e95dbe\main_memory (D = $0$memwr$\main_memory$code/main_memory.sv:144$340_DATA[31:0]$362 [23:16], Q = \main_memory[109] [23:16]).
Adding EN signal on $memory\main_memory[109]$2572 ($dff) from module $paramod$72aa32f6215a5e7f33ea8e69cece12e4d4e95dbe\main_memory (D = $0$memwr$\main_memory$code/main_memory.sv:144$341_DATA[31:0]$365 [31:24], Q = \main_memory[109] [31:24]).
Adding EN signal on $memory\main_memory[110]$2574 ($dff) from module $paramod$72aa32f6215a5e7f33ea8e69cece12e4d4e95dbe\main_memory (D = $0$memwr$\main_memory$code/main_memory.sv:144$338_DATA[31:0]$356 [7:0], Q = \main_memory[110] [7:0]).
Adding EN signal on $memory\main_memory[110]$2574 ($dff) from module $paramod$72aa32f6215a5e7f33ea8e69cece12e4d4e95dbe\main_memory (D = $0$memwr$\main_memory$code/main_memory.sv:144$339_DATA[31:0]$359 [15:8], Q = \main_memory[110] [15:8]).
Adding EN signal on $memory\main_memory[110]$2574 ($dff) from module $paramod$72aa32f6215a5e7f33ea8e69cece12e4d4e95dbe\main_memory (D = $0$memwr$\main_memory$code/main_memory.sv:144$340_DATA[31:0]$362 [23:16], Q = \main_memory[110] [23:16]).
Adding EN signal on $memory\main_memory[110]$2574 ($dff) from module $paramod$72aa32f6215a5e7f33ea8e69cece12e4d4e95dbe\main_memory (D = $0$memwr$\main_memory$code/main_memory.sv:144$341_DATA[31:0]$365 [31:24], Q = \main_memory[110] [31:24]).
Adding EN signal on $memory\main_memory[111]$2576 ($dff) from module $paramod$72aa32f6215a5e7f33ea8e69cece12e4d4e95dbe\main_memory (D = $0$memwr$\main_memory$code/main_memory.sv:144$338_DATA[31:0]$356 [7:0], Q = \main_memory[111] [7:0]).
Adding EN signal on $memory\main_memory[111]$2576 ($dff) from module $paramod$72aa32f6215a5e7f33ea8e69cece12e4d4e95dbe\main_memory (D = $0$memwr$\main_memory$code/main_memory.sv:144$339_DATA[31:0]$359 [15:8], Q = \main_memory[111] [15:8]).
Adding EN signal on $memory\main_memory[111]$2576 ($dff) from module $paramod$72aa32f6215a5e7f33ea8e69cece12e4d4e95dbe\main_memory (D = $0$memwr$\main_memory$code/main_memory.sv:144$340_DATA[31:0]$362 [23:16], Q = \main_memory[111] [23:16]).
Adding EN signal on $memory\main_memory[111]$2576 ($dff) from module $paramod$72aa32f6215a5e7f33ea8e69cece12e4d4e95dbe\main_memory (D = $0$memwr$\main_memory$code/main_memory.sv:144$341_DATA[31:0]$365 [31:24], Q = \main_memory[111] [31:24]).
Adding EN signal on $memory\main_memory[112]$2578 ($dff) from module $paramod$72aa32f6215a5e7f33ea8e69cece12e4d4e95dbe\main_memory (D = $0$memwr$\main_memory$code/main_memory.sv:144$338_DATA[31:0]$356 [7:0], Q = \main_memory[112] [7:0]).
Adding EN signal on $memory\main_memory[112]$2578 ($dff) from module $paramod$72aa32f6215a5e7f33ea8e69cece12e4d4e95dbe\main_memory (D = $0$memwr$\main_memory$code/main_memory.sv:144$339_DATA[31:0]$359 [15:8], Q = \main_memory[112] [15:8]).
Adding EN signal on $memory\main_memory[112]$2578 ($dff) from module $paramod$72aa32f6215a5e7f33ea8e69cece12e4d4e95dbe\main_memory (D = $0$memwr$\main_memory$code/main_memory.sv:144$340_DATA[31:0]$362 [23:16], Q = \main_memory[112] [23:16]).
Adding EN signal on $memory\main_memory[112]$2578 ($dff) from module $paramod$72aa32f6215a5e7f33ea8e69cece12e4d4e95dbe\main_memory (D = $0$memwr$\main_memory$code/main_memory.sv:144$341_DATA[31:0]$365 [31:24], Q = \main_memory[112] [31:24]).
Adding EN signal on $memory\main_memory[113]$2580 ($dff) from module $paramod$72aa32f6215a5e7f33ea8e69cece12e4d4e95dbe\main_memory (D = $0$memwr$\main_memory$code/main_memory.sv:144$338_DATA[31:0]$356 [7:0], Q = \main_memory[113] [7:0]).
Adding EN signal on $memory\main_memory[113]$2580 ($dff) from module $paramod$72aa32f6215a5e7f33ea8e69cece12e4d4e95dbe\main_memory (D = $0$memwr$\main_memory$code/main_memory.sv:144$339_DATA[31:0]$359 [15:8], Q = \main_memory[113] [15:8]).
Adding EN signal on $memory\main_memory[113]$2580 ($dff) from module $paramod$72aa32f6215a5e7f33ea8e69cece12e4d4e95dbe\main_memory (D = $0$memwr$\main_memory$code/main_memory.sv:144$340_DATA[31:0]$362 [23:16], Q = \main_memory[113] [23:16]).
Adding EN signal on $memory\main_memory[113]$2580 ($dff) from module $paramod$72aa32f6215a5e7f33ea8e69cece12e4d4e95dbe\main_memory (D = $0$memwr$\main_memory$code/main_memory.sv:144$341_DATA[31:0]$365 [31:24], Q = \main_memory[113] [31:24]).
Adding EN signal on $memory\main_memory[114]$2582 ($dff) from module $paramod$72aa32f6215a5e7f33ea8e69cece12e4d4e95dbe\main_memory (D = $0$memwr$\main_memory$code/main_memory.sv:144$338_DATA[31:0]$356 [7:0], Q = \main_memory[114] [7:0]).
Adding EN signal on $memory\main_memory[114]$2582 ($dff) from module $paramod$72aa32f6215a5e7f33ea8e69cece12e4d4e95dbe\main_memory (D = $0$memwr$\main_memory$code/main_memory.sv:144$339_DATA[31:0]$359 [15:8], Q = \main_memory[114] [15:8]).
Adding EN signal on $memory\main_memory[114]$2582 ($dff) from module $paramod$72aa32f6215a5e7f33ea8e69cece12e4d4e95dbe\main_memory (D = $0$memwr$\main_memory$code/main_memory.sv:144$340_DATA[31:0]$362 [23:16], Q = \main_memory[114] [23:16]).
Adding EN signal on $memory\main_memory[114]$2582 ($dff) from module $paramod$72aa32f6215a5e7f33ea8e69cece12e4d4e95dbe\main_memory (D = $0$memwr$\main_memory$code/main_memory.sv:144$341_DATA[31:0]$365 [31:24], Q = \main_memory[114] [31:24]).
Adding EN signal on $memory\main_memory[115]$2584 ($dff) from module $paramod$72aa32f6215a5e7f33ea8e69cece12e4d4e95dbe\main_memory (D = $0$memwr$\main_memory$code/main_memory.sv:144$338_DATA[31:0]$356 [7:0], Q = \main_memory[115] [7:0]).
Adding EN signal on $memory\main_memory[115]$2584 ($dff) from module $paramod$72aa32f6215a5e7f33ea8e69cece12e4d4e95dbe\main_memory (D = $0$memwr$\main_memory$code/main_memory.sv:144$339_DATA[31:0]$359 [15:8], Q = \main_memory[115] [15:8]).
Adding EN signal on $memory\main_memory[115]$2584 ($dff) from module $paramod$72aa32f6215a5e7f33ea8e69cece12e4d4e95dbe\main_memory (D = $0$memwr$\main_memory$code/main_memory.sv:144$340_DATA[31:0]$362 [23:16], Q = \main_memory[115] [23:16]).
Adding EN signal on $memory\main_memory[115]$2584 ($dff) from module $paramod$72aa32f6215a5e7f33ea8e69cece12e4d4e95dbe\main_memory (D = $0$memwr$\main_memory$code/main_memory.sv:144$341_DATA[31:0]$365 [31:24], Q = \main_memory[115] [31:24]).
Adding EN signal on $memory\main_memory[116]$2586 ($dff) from module $paramod$72aa32f6215a5e7f33ea8e69cece12e4d4e95dbe\main_memory (D = $0$memwr$\main_memory$code/main_memory.sv:144$338_DATA[31:0]$356 [7:0], Q = \main_memory[116] [7:0]).
Adding EN signal on $memory\main_memory[116]$2586 ($dff) from module $paramod$72aa32f6215a5e7f33ea8e69cece12e4d4e95dbe\main_memory (D = $0$memwr$\main_memory$code/main_memory.sv:144$339_DATA[31:0]$359 [15:8], Q = \main_memory[116] [15:8]).
Adding EN signal on $memory\main_memory[116]$2586 ($dff) from module $paramod$72aa32f6215a5e7f33ea8e69cece12e4d4e95dbe\main_memory (D = $0$memwr$\main_memory$code/main_memory.sv:144$340_DATA[31:0]$362 [23:16], Q = \main_memory[116] [23:16]).
Adding EN signal on $memory\main_memory[116]$2586 ($dff) from module $paramod$72aa32f6215a5e7f33ea8e69cece12e4d4e95dbe\main_memory (D = $0$memwr$\main_memory$code/main_memory.sv:144$341_DATA[31:0]$365 [31:24], Q = \main_memory[116] [31:24]).
Adding EN signal on $memory\main_memory[117]$2588 ($dff) from module $paramod$72aa32f6215a5e7f33ea8e69cece12e4d4e95dbe\main_memory (D = $0$memwr$\main_memory$code/main_memory.sv:144$338_DATA[31:0]$356 [7:0], Q = \main_memory[117] [7:0]).
Adding EN signal on $memory\main_memory[117]$2588 ($dff) from module $paramod$72aa32f6215a5e7f33ea8e69cece12e4d4e95dbe\main_memory (D = $0$memwr$\main_memory$code/main_memory.sv:144$339_DATA[31:0]$359 [15:8], Q = \main_memory[117] [15:8]).
Adding EN signal on $memory\main_memory[117]$2588 ($dff) from module $paramod$72aa32f6215a5e7f33ea8e69cece12e4d4e95dbe\main_memory (D = $0$memwr$\main_memory$code/main_memory.sv:144$340_DATA[31:0]$362 [23:16], Q = \main_memory[117] [23:16]).
Adding EN signal on $memory\main_memory[117]$2588 ($dff) from module $paramod$72aa32f6215a5e7f33ea8e69cece12e4d4e95dbe\main_memory (D = $0$memwr$\main_memory$code/main_memory.sv:144$341_DATA[31:0]$365 [31:24], Q = \main_memory[117] [31:24]).
Adding EN signal on $memory\main_memory[118]$2590 ($dff) from module $paramod$72aa32f6215a5e7f33ea8e69cece12e4d4e95dbe\main_memory (D = $0$memwr$\main_memory$code/main_memory.sv:144$338_DATA[31:0]$356 [7:0], Q = \main_memory[118] [7:0]).
Adding EN signal on $memory\main_memory[118]$2590 ($dff) from module $paramod$72aa32f6215a5e7f33ea8e69cece12e4d4e95dbe\main_memory (D = $0$memwr$\main_memory$code/main_memory.sv:144$339_DATA[31:0]$359 [15:8], Q = \main_memory[118] [15:8]).
Adding EN signal on $memory\main_memory[118]$2590 ($dff) from module $paramod$72aa32f6215a5e7f33ea8e69cece12e4d4e95dbe\main_memory (D = $0$memwr$\main_memory$code/main_memory.sv:144$340_DATA[31:0]$362 [23:16], Q = \main_memory[118] [23:16]).
Adding EN signal on $memory\main_memory[118]$2590 ($dff) from module $paramod$72aa32f6215a5e7f33ea8e69cece12e4d4e95dbe\main_memory (D = $0$memwr$\main_memory$code/main_memory.sv:144$341_DATA[31:0]$365 [31:24], Q = \main_memory[118] [31:24]).
Adding EN signal on $memory\main_memory[119]$2592 ($dff) from module $paramod$72aa32f6215a5e7f33ea8e69cece12e4d4e95dbe\main_memory (D = $0$memwr$\main_memory$code/main_memory.sv:144$338_DATA[31:0]$356 [7:0], Q = \main_memory[119] [7:0]).
Adding EN signal on $memory\main_memory[119]$2592 ($dff) from module $paramod$72aa32f6215a5e7f33ea8e69cece12e4d4e95dbe\main_memory (D = $0$memwr$\main_memory$code/main_memory.sv:144$339_DATA[31:0]$359 [15:8], Q = \main_memory[119] [15:8]).
Adding EN signal on $memory\main_memory[119]$2592 ($dff) from module $paramod$72aa32f6215a5e7f33ea8e69cece12e4d4e95dbe\main_memory (D = $0$memwr$\main_memory$code/main_memory.sv:144$340_DATA[31:0]$362 [23:16], Q = \main_memory[119] [23:16]).
Adding EN signal on $memory\main_memory[119]$2592 ($dff) from module $paramod$72aa32f6215a5e7f33ea8e69cece12e4d4e95dbe\main_memory (D = $0$memwr$\main_memory$code/main_memory.sv:144$341_DATA[31:0]$365 [31:24], Q = \main_memory[119] [31:24]).
Adding EN signal on $memory\main_memory[120]$2594 ($dff) from module $paramod$72aa32f6215a5e7f33ea8e69cece12e4d4e95dbe\main_memory (D = $0$memwr$\main_memory$code/main_memory.sv:144$338_DATA[31:0]$356 [7:0], Q = \main_memory[120] [7:0]).
Adding EN signal on $memory\main_memory[120]$2594 ($dff) from module $paramod$72aa32f6215a5e7f33ea8e69cece12e4d4e95dbe\main_memory (D = $0$memwr$\main_memory$code/main_memory.sv:144$339_DATA[31:0]$359 [15:8], Q = \main_memory[120] [15:8]).
Adding EN signal on $memory\main_memory[120]$2594 ($dff) from module $paramod$72aa32f6215a5e7f33ea8e69cece12e4d4e95dbe\main_memory (D = $0$memwr$\main_memory$code/main_memory.sv:144$340_DATA[31:0]$362 [23:16], Q = \main_memory[120] [23:16]).
Adding EN signal on $memory\main_memory[120]$2594 ($dff) from module $paramod$72aa32f6215a5e7f33ea8e69cece12e4d4e95dbe\main_memory (D = $0$memwr$\main_memory$code/main_memory.sv:144$341_DATA[31:0]$365 [31:24], Q = \main_memory[120] [31:24]).
Adding EN signal on $memory\main_memory[121]$2596 ($dff) from module $paramod$72aa32f6215a5e7f33ea8e69cece12e4d4e95dbe\main_memory (D = $0$memwr$\main_memory$code/main_memory.sv:144$338_DATA[31:0]$356 [7:0], Q = \main_memory[121] [7:0]).
Adding EN signal on $memory\main_memory[121]$2596 ($dff) from module $paramod$72aa32f6215a5e7f33ea8e69cece12e4d4e95dbe\main_memory (D = $0$memwr$\main_memory$code/main_memory.sv:144$339_DATA[31:0]$359 [15:8], Q = \main_memory[121] [15:8]).
Adding EN signal on $memory\main_memory[121]$2596 ($dff) from module $paramod$72aa32f6215a5e7f33ea8e69cece12e4d4e95dbe\main_memory (D = $0$memwr$\main_memory$code/main_memory.sv:144$340_DATA[31:0]$362 [23:16], Q = \main_memory[121] [23:16]).
Adding EN signal on $memory\main_memory[121]$2596 ($dff) from module $paramod$72aa32f6215a5e7f33ea8e69cece12e4d4e95dbe\main_memory (D = $0$memwr$\main_memory$code/main_memory.sv:144$341_DATA[31:0]$365 [31:24], Q = \main_memory[121] [31:24]).
Adding EN signal on $memory\main_memory[122]$2598 ($dff) from module $paramod$72aa32f6215a5e7f33ea8e69cece12e4d4e95dbe\main_memory (D = $0$memwr$\main_memory$code/main_memory.sv:144$338_DATA[31:0]$356 [7:0], Q = \main_memory[122] [7:0]).
Adding EN signal on $memory\main_memory[122]$2598 ($dff) from module $paramod$72aa32f6215a5e7f33ea8e69cece12e4d4e95dbe\main_memory (D = $0$memwr$\main_memory$code/main_memory.sv:144$339_DATA[31:0]$359 [15:8], Q = \main_memory[122] [15:8]).
Adding EN signal on $memory\main_memory[122]$2598 ($dff) from module $paramod$72aa32f6215a5e7f33ea8e69cece12e4d4e95dbe\main_memory (D = $0$memwr$\main_memory$code/main_memory.sv:144$340_DATA[31:0]$362 [23:16], Q = \main_memory[122] [23:16]).
Adding EN signal on $memory\main_memory[122]$2598 ($dff) from module $paramod$72aa32f6215a5e7f33ea8e69cece12e4d4e95dbe\main_memory (D = $0$memwr$\main_memory$code/main_memory.sv:144$341_DATA[31:0]$365 [31:24], Q = \main_memory[122] [31:24]).
Adding EN signal on $memory\main_memory[123]$2600 ($dff) from module $paramod$72aa32f6215a5e7f33ea8e69cece12e4d4e95dbe\main_memory (D = $0$memwr$\main_memory$code/main_memory.sv:144$338_DATA[31:0]$356 [7:0], Q = \main_memory[123] [7:0]).
Adding EN signal on $memory\main_memory[123]$2600 ($dff) from module $paramod$72aa32f6215a5e7f33ea8e69cece12e4d4e95dbe\main_memory (D = $0$memwr$\main_memory$code/main_memory.sv:144$339_DATA[31:0]$359 [15:8], Q = \main_memory[123] [15:8]).
Adding EN signal on $memory\main_memory[123]$2600 ($dff) from module $paramod$72aa32f6215a5e7f33ea8e69cece12e4d4e95dbe\main_memory (D = $0$memwr$\main_memory$code/main_memory.sv:144$340_DATA[31:0]$362 [23:16], Q = \main_memory[123] [23:16]).
Adding EN signal on $memory\main_memory[123]$2600 ($dff) from module $paramod$72aa32f6215a5e7f33ea8e69cece12e4d4e95dbe\main_memory (D = $0$memwr$\main_memory$code/main_memory.sv:144$341_DATA[31:0]$365 [31:24], Q = \main_memory[123] [31:24]).
Adding EN signal on $memory\main_memory[124]$2602 ($dff) from module $paramod$72aa32f6215a5e7f33ea8e69cece12e4d4e95dbe\main_memory (D = $0$memwr$\main_memory$code/main_memory.sv:144$338_DATA[31:0]$356 [7:0], Q = \main_memory[124] [7:0]).
Adding EN signal on $memory\main_memory[124]$2602 ($dff) from module $paramod$72aa32f6215a5e7f33ea8e69cece12e4d4e95dbe\main_memory (D = $0$memwr$\main_memory$code/main_memory.sv:144$339_DATA[31:0]$359 [15:8], Q = \main_memory[124] [15:8]).
Adding EN signal on $memory\main_memory[124]$2602 ($dff) from module $paramod$72aa32f6215a5e7f33ea8e69cece12e4d4e95dbe\main_memory (D = $0$memwr$\main_memory$code/main_memory.sv:144$340_DATA[31:0]$362 [23:16], Q = \main_memory[124] [23:16]).
Adding EN signal on $memory\main_memory[124]$2602 ($dff) from module $paramod$72aa32f6215a5e7f33ea8e69cece12e4d4e95dbe\main_memory (D = $0$memwr$\main_memory$code/main_memory.sv:144$341_DATA[31:0]$365 [31:24], Q = \main_memory[124] [31:24]).
Adding EN signal on $memory\main_memory[125]$2604 ($dff) from module $paramod$72aa32f6215a5e7f33ea8e69cece12e4d4e95dbe\main_memory (D = $0$memwr$\main_memory$code/main_memory.sv:144$338_DATA[31:0]$356 [7:0], Q = \main_memory[125] [7:0]).
Adding EN signal on $memory\main_memory[125]$2604 ($dff) from module $paramod$72aa32f6215a5e7f33ea8e69cece12e4d4e95dbe\main_memory (D = $0$memwr$\main_memory$code/main_memory.sv:144$339_DATA[31:0]$359 [15:8], Q = \main_memory[125] [15:8]).
Adding EN signal on $memory\main_memory[125]$2604 ($dff) from module $paramod$72aa32f6215a5e7f33ea8e69cece12e4d4e95dbe\main_memory (D = $0$memwr$\main_memory$code/main_memory.sv:144$340_DATA[31:0]$362 [23:16], Q = \main_memory[125] [23:16]).
Adding EN signal on $memory\main_memory[125]$2604 ($dff) from module $paramod$72aa32f6215a5e7f33ea8e69cece12e4d4e95dbe\main_memory (D = $0$memwr$\main_memory$code/main_memory.sv:144$341_DATA[31:0]$365 [31:24], Q = \main_memory[125] [31:24]).
Adding EN signal on $memory\main_memory[126]$2606 ($dff) from module $paramod$72aa32f6215a5e7f33ea8e69cece12e4d4e95dbe\main_memory (D = $0$memwr$\main_memory$code/main_memory.sv:144$338_DATA[31:0]$356 [7:0], Q = \main_memory[126] [7:0]).
Adding EN signal on $memory\main_memory[126]$2606 ($dff) from module $paramod$72aa32f6215a5e7f33ea8e69cece12e4d4e95dbe\main_memory (D = $0$memwr$\main_memory$code/main_memory.sv:144$339_DATA[31:0]$359 [15:8], Q = \main_memory[126] [15:8]).
Adding EN signal on $memory\main_memory[126]$2606 ($dff) from module $paramod$72aa32f6215a5e7f33ea8e69cece12e4d4e95dbe\main_memory (D = $0$memwr$\main_memory$code/main_memory.sv:144$340_DATA[31:0]$362 [23:16], Q = \main_memory[126] [23:16]).
Adding EN signal on $memory\main_memory[126]$2606 ($dff) from module $paramod$72aa32f6215a5e7f33ea8e69cece12e4d4e95dbe\main_memory (D = $0$memwr$\main_memory$code/main_memory.sv:144$341_DATA[31:0]$365 [31:24], Q = \main_memory[126] [31:24]).
Adding EN signal on $memory\main_memory[127]$2608 ($dff) from module $paramod$72aa32f6215a5e7f33ea8e69cece12e4d4e95dbe\main_memory (D = $0$memwr$\main_memory$code/main_memory.sv:144$338_DATA[31:0]$356 [7:0], Q = \main_memory[127] [7:0]).
Adding EN signal on $memory\main_memory[127]$2608 ($dff) from module $paramod$72aa32f6215a5e7f33ea8e69cece12e4d4e95dbe\main_memory (D = $0$memwr$\main_memory$code/main_memory.sv:144$339_DATA[31:0]$359 [15:8], Q = \main_memory[127] [15:8]).
Adding EN signal on $memory\main_memory[127]$2608 ($dff) from module $paramod$72aa32f6215a5e7f33ea8e69cece12e4d4e95dbe\main_memory (D = $0$memwr$\main_memory$code/main_memory.sv:144$340_DATA[31:0]$362 [23:16], Q = \main_memory[127] [23:16]).
Adding EN signal on $memory\main_memory[127]$2608 ($dff) from module $paramod$72aa32f6215a5e7f33ea8e69cece12e4d4e95dbe\main_memory (D = $0$memwr$\main_memory$code/main_memory.sv:144$341_DATA[31:0]$365 [31:24], Q = \main_memory[127] [31:24]).
Adding EN signal on $memory\main_memory[128]$2610 ($dff) from module $paramod$72aa32f6215a5e7f33ea8e69cece12e4d4e95dbe\main_memory (D = $0$memwr$\main_memory$code/main_memory.sv:144$338_DATA[31:0]$356 [7:0], Q = \main_memory[128] [7:0]).
Adding EN signal on $memory\main_memory[128]$2610 ($dff) from module $paramod$72aa32f6215a5e7f33ea8e69cece12e4d4e95dbe\main_memory (D = $0$memwr$\main_memory$code/main_memory.sv:144$339_DATA[31:0]$359 [15:8], Q = \main_memory[128] [15:8]).
Adding EN signal on $memory\main_memory[128]$2610 ($dff) from module $paramod$72aa32f6215a5e7f33ea8e69cece12e4d4e95dbe\main_memory (D = $0$memwr$\main_memory$code/main_memory.sv:144$340_DATA[31:0]$362 [23:16], Q = \main_memory[128] [23:16]).
Adding EN signal on $memory\main_memory[128]$2610 ($dff) from module $paramod$72aa32f6215a5e7f33ea8e69cece12e4d4e95dbe\main_memory (D = $0$memwr$\main_memory$code/main_memory.sv:144$341_DATA[31:0]$365 [31:24], Q = \main_memory[128] [31:24]).
Adding EN signal on $memory\main_memory[129]$2612 ($dff) from module $paramod$72aa32f6215a5e7f33ea8e69cece12e4d4e95dbe\main_memory (D = $0$memwr$\main_memory$code/main_memory.sv:144$338_DATA[31:0]$356 [7:0], Q = \main_memory[129] [7:0]).
Adding EN signal on $memory\main_memory[129]$2612 ($dff) from module $paramod$72aa32f6215a5e7f33ea8e69cece12e4d4e95dbe\main_memory (D = $0$memwr$\main_memory$code/main_memory.sv:144$339_DATA[31:0]$359 [15:8], Q = \main_memory[129] [15:8]).
Adding EN signal on $memory\main_memory[129]$2612 ($dff) from module $paramod$72aa32f6215a5e7f33ea8e69cece12e4d4e95dbe\main_memory (D = $0$memwr$\main_memory$code/main_memory.sv:144$340_DATA[31:0]$362 [23:16], Q = \main_memory[129] [23:16]).
Adding EN signal on $memory\main_memory[129]$2612 ($dff) from module $paramod$72aa32f6215a5e7f33ea8e69cece12e4d4e95dbe\main_memory (D = $0$memwr$\main_memory$code/main_memory.sv:144$341_DATA[31:0]$365 [31:24], Q = \main_memory[129] [31:24]).
Adding EN signal on $memory\main_memory[130]$2614 ($dff) from module $paramod$72aa32f6215a5e7f33ea8e69cece12e4d4e95dbe\main_memory (D = $0$memwr$\main_memory$code/main_memory.sv:144$338_DATA[31:0]$356 [7:0], Q = \main_memory[130] [7:0]).
Adding EN signal on $memory\main_memory[130]$2614 ($dff) from module $paramod$72aa32f6215a5e7f33ea8e69cece12e4d4e95dbe\main_memory (D = $0$memwr$\main_memory$code/main_memory.sv:144$339_DATA[31:0]$359 [15:8], Q = \main_memory[130] [15:8]).
Adding EN signal on $memory\main_memory[130]$2614 ($dff) from module $paramod$72aa32f6215a5e7f33ea8e69cece12e4d4e95dbe\main_memory (D = $0$memwr$\main_memory$code/main_memory.sv:144$340_DATA[31:0]$362 [23:16], Q = \main_memory[130] [23:16]).
Adding EN signal on $memory\main_memory[130]$2614 ($dff) from module $paramod$72aa32f6215a5e7f33ea8e69cece12e4d4e95dbe\main_memory (D = $0$memwr$\main_memory$code/main_memory.sv:144$341_DATA[31:0]$365 [31:24], Q = \main_memory[130] [31:24]).
Adding EN signal on $memory\main_memory[131]$2616 ($dff) from module $paramod$72aa32f6215a5e7f33ea8e69cece12e4d4e95dbe\main_memory (D = $0$memwr$\main_memory$code/main_memory.sv:144$338_DATA[31:0]$356 [7:0], Q = \main_memory[131] [7:0]).
Adding EN signal on $memory\main_memory[131]$2616 ($dff) from module $paramod$72aa32f6215a5e7f33ea8e69cece12e4d4e95dbe\main_memory (D = $0$memwr$\main_memory$code/main_memory.sv:144$339_DATA[31:0]$359 [15:8], Q = \main_memory[131] [15:8]).
Adding EN signal on $memory\main_memory[131]$2616 ($dff) from module $paramod$72aa32f6215a5e7f33ea8e69cece12e4d4e95dbe\main_memory (D = $0$memwr$\main_memory$code/main_memory.sv:144$340_DATA[31:0]$362 [23:16], Q = \main_memory[131] [23:16]).
Adding EN signal on $memory\main_memory[131]$2616 ($dff) from module $paramod$72aa32f6215a5e7f33ea8e69cece12e4d4e95dbe\main_memory (D = $0$memwr$\main_memory$code/main_memory.sv:144$341_DATA[31:0]$365 [31:24], Q = \main_memory[131] [31:24]).
Adding EN signal on $memory\main_memory[132]$2618 ($dff) from module $paramod$72aa32f6215a5e7f33ea8e69cece12e4d4e95dbe\main_memory (D = $0$memwr$\main_memory$code/main_memory.sv:144$338_DATA[31:0]$356 [7:0], Q = \main_memory[132] [7:0]).
Adding EN signal on $memory\main_memory[132]$2618 ($dff) from module $paramod$72aa32f6215a5e7f33ea8e69cece12e4d4e95dbe\main_memory (D = $0$memwr$\main_memory$code/main_memory.sv:144$339_DATA[31:0]$359 [15:8], Q = \main_memory[132] [15:8]).
Adding EN signal on $memory\main_memory[132]$2618 ($dff) from module $paramod$72aa32f6215a5e7f33ea8e69cece12e4d4e95dbe\main_memory (D = $0$memwr$\main_memory$code/main_memory.sv:144$340_DATA[31:0]$362 [23:16], Q = \main_memory[132] [23:16]).
Adding EN signal on $memory\main_memory[132]$2618 ($dff) from module $paramod$72aa32f6215a5e7f33ea8e69cece12e4d4e95dbe\main_memory (D = $0$memwr$\main_memory$code/main_memory.sv:144$341_DATA[31:0]$365 [31:24], Q = \main_memory[132] [31:24]).
Adding EN signal on $memory\main_memory[133]$2620 ($dff) from module $paramod$72aa32f6215a5e7f33ea8e69cece12e4d4e95dbe\main_memory (D = $0$memwr$\main_memory$code/main_memory.sv:144$338_DATA[31:0]$356 [7:0], Q = \main_memory[133] [7:0]).
Adding EN signal on $memory\main_memory[133]$2620 ($dff) from module $paramod$72aa32f6215a5e7f33ea8e69cece12e4d4e95dbe\main_memory (D = $0$memwr$\main_memory$code/main_memory.sv:144$339_DATA[31:0]$359 [15:8], Q = \main_memory[133] [15:8]).
Adding EN signal on $memory\main_memory[133]$2620 ($dff) from module $paramod$72aa32f6215a5e7f33ea8e69cece12e4d4e95dbe\main_memory (D = $0$memwr$\main_memory$code/main_memory.sv:144$340_DATA[31:0]$362 [23:16], Q = \main_memory[133] [23:16]).
Adding EN signal on $memory\main_memory[133]$2620 ($dff) from module $paramod$72aa32f6215a5e7f33ea8e69cece12e4d4e95dbe\main_memory (D = $0$memwr$\main_memory$code/main_memory.sv:144$341_DATA[31:0]$365 [31:24], Q = \main_memory[133] [31:24]).
Adding EN signal on $memory\main_memory[134]$2622 ($dff) from module $paramod$72aa32f6215a5e7f33ea8e69cece12e4d4e95dbe\main_memory (D = $0$memwr$\main_memory$code/main_memory.sv:144$338_DATA[31:0]$356 [7:0], Q = \main_memory[134] [7:0]).
Adding EN signal on $memory\main_memory[134]$2622 ($dff) from module $paramod$72aa32f6215a5e7f33ea8e69cece12e4d4e95dbe\main_memory (D = $0$memwr$\main_memory$code/main_memory.sv:144$339_DATA[31:0]$359 [15:8], Q = \main_memory[134] [15:8]).
Adding EN signal on $memory\main_memory[134]$2622 ($dff) from module $paramod$72aa32f6215a5e7f33ea8e69cece12e4d4e95dbe\main_memory (D = $0$memwr$\main_memory$code/main_memory.sv:144$340_DATA[31:0]$362 [23:16], Q = \main_memory[134] [23:16]).
Adding EN signal on $memory\main_memory[134]$2622 ($dff) from module $paramod$72aa32f6215a5e7f33ea8e69cece12e4d4e95dbe\main_memory (D = $0$memwr$\main_memory$code/main_memory.sv:144$341_DATA[31:0]$365 [31:24], Q = \main_memory[134] [31:24]).
Adding EN signal on $memory\main_memory[135]$2624 ($dff) from module $paramod$72aa32f6215a5e7f33ea8e69cece12e4d4e95dbe\main_memory (D = $0$memwr$\main_memory$code/main_memory.sv:144$338_DATA[31:0]$356 [7:0], Q = \main_memory[135] [7:0]).
Adding EN signal on $memory\main_memory[135]$2624 ($dff) from module $paramod$72aa32f6215a5e7f33ea8e69cece12e4d4e95dbe\main_memory (D = $0$memwr$\main_memory$code/main_memory.sv:144$339_DATA[31:0]$359 [15:8], Q = \main_memory[135] [15:8]).
Adding EN signal on $memory\main_memory[135]$2624 ($dff) from module $paramod$72aa32f6215a5e7f33ea8e69cece12e4d4e95dbe\main_memory (D = $0$memwr$\main_memory$code/main_memory.sv:144$340_DATA[31:0]$362 [23:16], Q = \main_memory[135] [23:16]).
Adding EN signal on $memory\main_memory[135]$2624 ($dff) from module $paramod$72aa32f6215a5e7f33ea8e69cece12e4d4e95dbe\main_memory (D = $0$memwr$\main_memory$code/main_memory.sv:144$341_DATA[31:0]$365 [31:24], Q = \main_memory[135] [31:24]).
Adding EN signal on $memory\main_memory[136]$2626 ($dff) from module $paramod$72aa32f6215a5e7f33ea8e69cece12e4d4e95dbe\main_memory (D = $0$memwr$\main_memory$code/main_memory.sv:144$338_DATA[31:0]$356 [7:0], Q = \main_memory[136] [7:0]).
Adding EN signal on $memory\main_memory[136]$2626 ($dff) from module $paramod$72aa32f6215a5e7f33ea8e69cece12e4d4e95dbe\main_memory (D = $0$memwr$\main_memory$code/main_memory.sv:144$339_DATA[31:0]$359 [15:8], Q = \main_memory[136] [15:8]).
Adding EN signal on $memory\main_memory[136]$2626 ($dff) from module $paramod$72aa32f6215a5e7f33ea8e69cece12e4d4e95dbe\main_memory (D = $0$memwr$\main_memory$code/main_memory.sv:144$340_DATA[31:0]$362 [23:16], Q = \main_memory[136] [23:16]).
Adding EN signal on $memory\main_memory[136]$2626 ($dff) from module $paramod$72aa32f6215a5e7f33ea8e69cece12e4d4e95dbe\main_memory (D = $0$memwr$\main_memory$code/main_memory.sv:144$341_DATA[31:0]$365 [31:24], Q = \main_memory[136] [31:24]).
Adding EN signal on $memory\main_memory[137]$2628 ($dff) from module $paramod$72aa32f6215a5e7f33ea8e69cece12e4d4e95dbe\main_memory (D = $0$memwr$\main_memory$code/main_memory.sv:144$338_DATA[31:0]$356 [7:0], Q = \main_memory[137] [7:0]).
Adding EN signal on $memory\main_memory[137]$2628 ($dff) from module $paramod$72aa32f6215a5e7f33ea8e69cece12e4d4e95dbe\main_memory (D = $0$memwr$\main_memory$code/main_memory.sv:144$339_DATA[31:0]$359 [15:8], Q = \main_memory[137] [15:8]).
Adding EN signal on $memory\main_memory[137]$2628 ($dff) from module $paramod$72aa32f6215a5e7f33ea8e69cece12e4d4e95dbe\main_memory (D = $0$memwr$\main_memory$code/main_memory.sv:144$340_DATA[31:0]$362 [23:16], Q = \main_memory[137] [23:16]).
Adding EN signal on $memory\main_memory[137]$2628 ($dff) from module $paramod$72aa32f6215a5e7f33ea8e69cece12e4d4e95dbe\main_memory (D = $0$memwr$\main_memory$code/main_memory.sv:144$341_DATA[31:0]$365 [31:24], Q = \main_memory[137] [31:24]).
Adding EN signal on $memory\main_memory[138]$2630 ($dff) from module $paramod$72aa32f6215a5e7f33ea8e69cece12e4d4e95dbe\main_memory (D = $0$memwr$\main_memory$code/main_memory.sv:144$338_DATA[31:0]$356 [7:0], Q = \main_memory[138] [7:0]).
Adding EN signal on $memory\main_memory[138]$2630 ($dff) from module $paramod$72aa32f6215a5e7f33ea8e69cece12e4d4e95dbe\main_memory (D = $0$memwr$\main_memory$code/main_memory.sv:144$339_DATA[31:0]$359 [15:8], Q = \main_memory[138] [15:8]).
Adding EN signal on $memory\main_memory[138]$2630 ($dff) from module $paramod$72aa32f6215a5e7f33ea8e69cece12e4d4e95dbe\main_memory (D = $0$memwr$\main_memory$code/main_memory.sv:144$340_DATA[31:0]$362 [23:16], Q = \main_memory[138] [23:16]).
Adding EN signal on $memory\main_memory[138]$2630 ($dff) from module $paramod$72aa32f6215a5e7f33ea8e69cece12e4d4e95dbe\main_memory (D = $0$memwr$\main_memory$code/main_memory.sv:144$341_DATA[31:0]$365 [31:24], Q = \main_memory[138] [31:24]).
Adding EN signal on $memory\main_memory[139]$2632 ($dff) from module $paramod$72aa32f6215a5e7f33ea8e69cece12e4d4e95dbe\main_memory (D = $0$memwr$\main_memory$code/main_memory.sv:144$338_DATA[31:0]$356 [7:0], Q = \main_memory[139] [7:0]).
Adding EN signal on $memory\main_memory[139]$2632 ($dff) from module $paramod$72aa32f6215a5e7f33ea8e69cece12e4d4e95dbe\main_memory (D = $0$memwr$\main_memory$code/main_memory.sv:144$339_DATA[31:0]$359 [15:8], Q = \main_memory[139] [15:8]).
Adding EN signal on $memory\main_memory[139]$2632 ($dff) from module $paramod$72aa32f6215a5e7f33ea8e69cece12e4d4e95dbe\main_memory (D = $0$memwr$\main_memory$code/main_memory.sv:144$340_DATA[31:0]$362 [23:16], Q = \main_memory[139] [23:16]).
Adding EN signal on $memory\main_memory[139]$2632 ($dff) from module $paramod$72aa32f6215a5e7f33ea8e69cece12e4d4e95dbe\main_memory (D = $0$memwr$\main_memory$code/main_memory.sv:144$341_DATA[31:0]$365 [31:24], Q = \main_memory[139] [31:24]).
Adding EN signal on $memory\main_memory[140]$2634 ($dff) from module $paramod$72aa32f6215a5e7f33ea8e69cece12e4d4e95dbe\main_memory (D = $0$memwr$\main_memory$code/main_memory.sv:144$338_DATA[31:0]$356 [7:0], Q = \main_memory[140] [7:0]).
Adding EN signal on $memory\main_memory[140]$2634 ($dff) from module $paramod$72aa32f6215a5e7f33ea8e69cece12e4d4e95dbe\main_memory (D = $0$memwr$\main_memory$code/main_memory.sv:144$339_DATA[31:0]$359 [15:8], Q = \main_memory[140] [15:8]).
Adding EN signal on $memory\main_memory[140]$2634 ($dff) from module $paramod$72aa32f6215a5e7f33ea8e69cece12e4d4e95dbe\main_memory (D = $0$memwr$\main_memory$code/main_memory.sv:144$340_DATA[31:0]$362 [23:16], Q = \main_memory[140] [23:16]).
Adding EN signal on $memory\main_memory[140]$2634 ($dff) from module $paramod$72aa32f6215a5e7f33ea8e69cece12e4d4e95dbe\main_memory (D = $0$memwr$\main_memory$code/main_memory.sv:144$341_DATA[31:0]$365 [31:24], Q = \main_memory[140] [31:24]).
Adding EN signal on $memory\main_memory[141]$2636 ($dff) from module $paramod$72aa32f6215a5e7f33ea8e69cece12e4d4e95dbe\main_memory (D = $0$memwr$\main_memory$code/main_memory.sv:144$338_DATA[31:0]$356 [7:0], Q = \main_memory[141] [7:0]).
Adding EN signal on $memory\main_memory[141]$2636 ($dff) from module $paramod$72aa32f6215a5e7f33ea8e69cece12e4d4e95dbe\main_memory (D = $0$memwr$\main_memory$code/main_memory.sv:144$339_DATA[31:0]$359 [15:8], Q = \main_memory[141] [15:8]).
Adding EN signal on $memory\main_memory[141]$2636 ($dff) from module $paramod$72aa32f6215a5e7f33ea8e69cece12e4d4e95dbe\main_memory (D = $0$memwr$\main_memory$code/main_memory.sv:144$340_DATA[31:0]$362 [23:16], Q = \main_memory[141] [23:16]).
Adding EN signal on $memory\main_memory[141]$2636 ($dff) from module $paramod$72aa32f6215a5e7f33ea8e69cece12e4d4e95dbe\main_memory (D = $0$memwr$\main_memory$code/main_memory.sv:144$341_DATA[31:0]$365 [31:24], Q = \main_memory[141] [31:24]).
Adding EN signal on $memory\main_memory[142]$2638 ($dff) from module $paramod$72aa32f6215a5e7f33ea8e69cece12e4d4e95dbe\main_memory (D = $0$memwr$\main_memory$code/main_memory.sv:144$338_DATA[31:0]$356 [7:0], Q = \main_memory[142] [7:0]).
Adding EN signal on $memory\main_memory[142]$2638 ($dff) from module $paramod$72aa32f6215a5e7f33ea8e69cece12e4d4e95dbe\main_memory (D = $0$memwr$\main_memory$code/main_memory.sv:144$339_DATA[31:0]$359 [15:8], Q = \main_memory[142] [15:8]).
Adding EN signal on $memory\main_memory[142]$2638 ($dff) from module $paramod$72aa32f6215a5e7f33ea8e69cece12e4d4e95dbe\main_memory (D = $0$memwr$\main_memory$code/main_memory.sv:144$340_DATA[31:0]$362 [23:16], Q = \main_memory[142] [23:16]).
Adding EN signal on $memory\main_memory[142]$2638 ($dff) from module $paramod$72aa32f6215a5e7f33ea8e69cece12e4d4e95dbe\main_memory (D = $0$memwr$\main_memory$code/main_memory.sv:144$341_DATA[31:0]$365 [31:24], Q = \main_memory[142] [31:24]).
Adding EN signal on $memory\main_memory[143]$2640 ($dff) from module $paramod$72aa32f6215a5e7f33ea8e69cece12e4d4e95dbe\main_memory (D = $0$memwr$\main_memory$code/main_memory.sv:144$338_DATA[31:0]$356 [7:0], Q = \main_memory[143] [7:0]).
Adding EN signal on $memory\main_memory[143]$2640 ($dff) from module $paramod$72aa32f6215a5e7f33ea8e69cece12e4d4e95dbe\main_memory (D = $0$memwr$\main_memory$code/main_memory.sv:144$339_DATA[31:0]$359 [15:8], Q = \main_memory[143] [15:8]).
Adding EN signal on $memory\main_memory[143]$2640 ($dff) from module $paramod$72aa32f6215a5e7f33ea8e69cece12e4d4e95dbe\main_memory (D = $0$memwr$\main_memory$code/main_memory.sv:144$340_DATA[31:0]$362 [23:16], Q = \main_memory[143] [23:16]).
Adding EN signal on $memory\main_memory[143]$2640 ($dff) from module $paramod$72aa32f6215a5e7f33ea8e69cece12e4d4e95dbe\main_memory (D = $0$memwr$\main_memory$code/main_memory.sv:144$341_DATA[31:0]$365 [31:24], Q = \main_memory[143] [31:24]).
Adding EN signal on $memory\main_memory[144]$2642 ($dff) from module $paramod$72aa32f6215a5e7f33ea8e69cece12e4d4e95dbe\main_memory (D = $0$memwr$\main_memory$code/main_memory.sv:144$338_DATA[31:0]$356 [7:0], Q = \main_memory[144] [7:0]).
Adding EN signal on $memory\main_memory[144]$2642 ($dff) from module $paramod$72aa32f6215a5e7f33ea8e69cece12e4d4e95dbe\main_memory (D = $0$memwr$\main_memory$code/main_memory.sv:144$339_DATA[31:0]$359 [15:8], Q = \main_memory[144] [15:8]).
Adding EN signal on $memory\main_memory[144]$2642 ($dff) from module $paramod$72aa32f6215a5e7f33ea8e69cece12e4d4e95dbe\main_memory (D = $0$memwr$\main_memory$code/main_memory.sv:144$340_DATA[31:0]$362 [23:16], Q = \main_memory[144] [23:16]).
Adding EN signal on $memory\main_memory[144]$2642 ($dff) from module $paramod$72aa32f6215a5e7f33ea8e69cece12e4d4e95dbe\main_memory (D = $0$memwr$\main_memory$code/main_memory.sv:144$341_DATA[31:0]$365 [31:24], Q = \main_memory[144] [31:24]).
Adding EN signal on $memory\main_memory[145]$2644 ($dff) from module $paramod$72aa32f6215a5e7f33ea8e69cece12e4d4e95dbe\main_memory (D = $0$memwr$\main_memory$code/main_memory.sv:144$338_DATA[31:0]$356 [7:0], Q = \main_memory[145] [7:0]).
Adding EN signal on $memory\main_memory[145]$2644 ($dff) from module $paramod$72aa32f6215a5e7f33ea8e69cece12e4d4e95dbe\main_memory (D = $0$memwr$\main_memory$code/main_memory.sv:144$339_DATA[31:0]$359 [15:8], Q = \main_memory[145] [15:8]).
Adding EN signal on $memory\main_memory[145]$2644 ($dff) from module $paramod$72aa32f6215a5e7f33ea8e69cece12e4d4e95dbe\main_memory (D = $0$memwr$\main_memory$code/main_memory.sv:144$340_DATA[31:0]$362 [23:16], Q = \main_memory[145] [23:16]).
Adding EN signal on $memory\main_memory[145]$2644 ($dff) from module $paramod$72aa32f6215a5e7f33ea8e69cece12e4d4e95dbe\main_memory (D = $0$memwr$\main_memory$code/main_memory.sv:144$341_DATA[31:0]$365 [31:24], Q = \main_memory[145] [31:24]).
Adding EN signal on $memory\main_memory[146]$2646 ($dff) from module $paramod$72aa32f6215a5e7f33ea8e69cece12e4d4e95dbe\main_memory (D = $0$memwr$\main_memory$code/main_memory.sv:144$338_DATA[31:0]$356 [7:0], Q = \main_memory[146] [7:0]).
Adding EN signal on $memory\main_memory[146]$2646 ($dff) from module $paramod$72aa32f6215a5e7f33ea8e69cece12e4d4e95dbe\main_memory (D = $0$memwr$\main_memory$code/main_memory.sv:144$339_DATA[31:0]$359 [15:8], Q = \main_memory[146] [15:8]).
Adding EN signal on $memory\main_memory[146]$2646 ($dff) from module $paramod$72aa32f6215a5e7f33ea8e69cece12e4d4e95dbe\main_memory (D = $0$memwr$\main_memory$code/main_memory.sv:144$340_DATA[31:0]$362 [23:16], Q = \main_memory[146] [23:16]).
Adding EN signal on $memory\main_memory[146]$2646 ($dff) from module $paramod$72aa32f6215a5e7f33ea8e69cece12e4d4e95dbe\main_memory (D = $0$memwr$\main_memory$code/main_memory.sv:144$341_DATA[31:0]$365 [31:24], Q = \main_memory[146] [31:24]).
Adding EN signal on $memory\main_memory[147]$2648 ($dff) from module $paramod$72aa32f6215a5e7f33ea8e69cece12e4d4e95dbe\main_memory (D = $0$memwr$\main_memory$code/main_memory.sv:144$338_DATA[31:0]$356 [7:0], Q = \main_memory[147] [7:0]).
Adding EN signal on $memory\main_memory[147]$2648 ($dff) from module $paramod$72aa32f6215a5e7f33ea8e69cece12e4d4e95dbe\main_memory (D = $0$memwr$\main_memory$code/main_memory.sv:144$339_DATA[31:0]$359 [15:8], Q = \main_memory[147] [15:8]).
Adding EN signal on $memory\main_memory[147]$2648 ($dff) from module $paramod$72aa32f6215a5e7f33ea8e69cece12e4d4e95dbe\main_memory (D = $0$memwr$\main_memory$code/main_memory.sv:144$340_DATA[31:0]$362 [23:16], Q = \main_memory[147] [23:16]).
Adding EN signal on $memory\main_memory[147]$2648 ($dff) from module $paramod$72aa32f6215a5e7f33ea8e69cece12e4d4e95dbe\main_memory (D = $0$memwr$\main_memory$code/main_memory.sv:144$341_DATA[31:0]$365 [31:24], Q = \main_memory[147] [31:24]).
Adding EN signal on $memory\main_memory[148]$2650 ($dff) from module $paramod$72aa32f6215a5e7f33ea8e69cece12e4d4e95dbe\main_memory (D = $0$memwr$\main_memory$code/main_memory.sv:144$338_DATA[31:0]$356 [7:0], Q = \main_memory[148] [7:0]).
Adding EN signal on $memory\main_memory[148]$2650 ($dff) from module $paramod$72aa32f6215a5e7f33ea8e69cece12e4d4e95dbe\main_memory (D = $0$memwr$\main_memory$code/main_memory.sv:144$339_DATA[31:0]$359 [15:8], Q = \main_memory[148] [15:8]).
Adding EN signal on $memory\main_memory[148]$2650 ($dff) from module $paramod$72aa32f6215a5e7f33ea8e69cece12e4d4e95dbe\main_memory (D = $0$memwr$\main_memory$code/main_memory.sv:144$340_DATA[31:0]$362 [23:16], Q = \main_memory[148] [23:16]).
Adding EN signal on $memory\main_memory[148]$2650 ($dff) from module $paramod$72aa32f6215a5e7f33ea8e69cece12e4d4e95dbe\main_memory (D = $0$memwr$\main_memory$code/main_memory.sv:144$341_DATA[31:0]$365 [31:24], Q = \main_memory[148] [31:24]).
Adding EN signal on $memory\main_memory[149]$2652 ($dff) from module $paramod$72aa32f6215a5e7f33ea8e69cece12e4d4e95dbe\main_memory (D = $0$memwr$\main_memory$code/main_memory.sv:144$338_DATA[31:0]$356 [7:0], Q = \main_memory[149] [7:0]).
Adding EN signal on $memory\main_memory[149]$2652 ($dff) from module $paramod$72aa32f6215a5e7f33ea8e69cece12e4d4e95dbe\main_memory (D = $0$memwr$\main_memory$code/main_memory.sv:144$339_DATA[31:0]$359 [15:8], Q = \main_memory[149] [15:8]).
Adding EN signal on $memory\main_memory[149]$2652 ($dff) from module $paramod$72aa32f6215a5e7f33ea8e69cece12e4d4e95dbe\main_memory (D = $0$memwr$\main_memory$code/main_memory.sv:144$340_DATA[31:0]$362 [23:16], Q = \main_memory[149] [23:16]).
Adding EN signal on $memory\main_memory[149]$2652 ($dff) from module $paramod$72aa32f6215a5e7f33ea8e69cece12e4d4e95dbe\main_memory (D = $0$memwr$\main_memory$code/main_memory.sv:144$341_DATA[31:0]$365 [31:24], Q = \main_memory[149] [31:24]).
Adding EN signal on $memory\main_memory[150]$2654 ($dff) from module $paramod$72aa32f6215a5e7f33ea8e69cece12e4d4e95dbe\main_memory (D = $0$memwr$\main_memory$code/main_memory.sv:144$338_DATA[31:0]$356 [7:0], Q = \main_memory[150] [7:0]).
Adding EN signal on $memory\main_memory[150]$2654 ($dff) from module $paramod$72aa32f6215a5e7f33ea8e69cece12e4d4e95dbe\main_memory (D = $0$memwr$\main_memory$code/main_memory.sv:144$339_DATA[31:0]$359 [15:8], Q = \main_memory[150] [15:8]).
Adding EN signal on $memory\main_memory[150]$2654 ($dff) from module $paramod$72aa32f6215a5e7f33ea8e69cece12e4d4e95dbe\main_memory (D = $0$memwr$\main_memory$code/main_memory.sv:144$340_DATA[31:0]$362 [23:16], Q = \main_memory[150] [23:16]).
Adding EN signal on $memory\main_memory[150]$2654 ($dff) from module $paramod$72aa32f6215a5e7f33ea8e69cece12e4d4e95dbe\main_memory (D = $0$memwr$\main_memory$code/main_memory.sv:144$341_DATA[31:0]$365 [31:24], Q = \main_memory[150] [31:24]).
Adding EN signal on $memory\main_memory[151]$2656 ($dff) from module $paramod$72aa32f6215a5e7f33ea8e69cece12e4d4e95dbe\main_memory (D = $0$memwr$\main_memory$code/main_memory.sv:144$338_DATA[31:0]$356 [7:0], Q = \main_memory[151] [7:0]).
Adding EN signal on $memory\main_memory[151]$2656 ($dff) from module $paramod$72aa32f6215a5e7f33ea8e69cece12e4d4e95dbe\main_memory (D = $0$memwr$\main_memory$code/main_memory.sv:144$339_DATA[31:0]$359 [15:8], Q = \main_memory[151] [15:8]).
Adding EN signal on $memory\main_memory[151]$2656 ($dff) from module $paramod$72aa32f6215a5e7f33ea8e69cece12e4d4e95dbe\main_memory (D = $0$memwr$\main_memory$code/main_memory.sv:144$340_DATA[31:0]$362 [23:16], Q = \main_memory[151] [23:16]).
Adding EN signal on $memory\main_memory[151]$2656 ($dff) from module $paramod$72aa32f6215a5e7f33ea8e69cece12e4d4e95dbe\main_memory (D = $0$memwr$\main_memory$code/main_memory.sv:144$341_DATA[31:0]$365 [31:24], Q = \main_memory[151] [31:24]).
Adding EN signal on $memory\main_memory[152]$2658 ($dff) from module $paramod$72aa32f6215a5e7f33ea8e69cece12e4d4e95dbe\main_memory (D = $0$memwr$\main_memory$code/main_memory.sv:144$338_DATA[31:0]$356 [7:0], Q = \main_memory[152] [7:0]).
Adding EN signal on $memory\main_memory[152]$2658 ($dff) from module $paramod$72aa32f6215a5e7f33ea8e69cece12e4d4e95dbe\main_memory (D = $0$memwr$\main_memory$code/main_memory.sv:144$339_DATA[31:0]$359 [15:8], Q = \main_memory[152] [15:8]).
Adding EN signal on $memory\main_memory[152]$2658 ($dff) from module $paramod$72aa32f6215a5e7f33ea8e69cece12e4d4e95dbe\main_memory (D = $0$memwr$\main_memory$code/main_memory.sv:144$340_DATA[31:0]$362 [23:16], Q = \main_memory[152] [23:16]).
Adding EN signal on $memory\main_memory[152]$2658 ($dff) from module $paramod$72aa32f6215a5e7f33ea8e69cece12e4d4e95dbe\main_memory (D = $0$memwr$\main_memory$code/main_memory.sv:144$341_DATA[31:0]$365 [31:24], Q = \main_memory[152] [31:24]).
Adding EN signal on $memory\main_memory[153]$2660 ($dff) from module $paramod$72aa32f6215a5e7f33ea8e69cece12e4d4e95dbe\main_memory (D = $0$memwr$\main_memory$code/main_memory.sv:144$338_DATA[31:0]$356 [7:0], Q = \main_memory[153] [7:0]).
Adding EN signal on $memory\main_memory[153]$2660 ($dff) from module $paramod$72aa32f6215a5e7f33ea8e69cece12e4d4e95dbe\main_memory (D = $0$memwr$\main_memory$code/main_memory.sv:144$339_DATA[31:0]$359 [15:8], Q = \main_memory[153] [15:8]).
Adding EN signal on $memory\main_memory[153]$2660 ($dff) from module $paramod$72aa32f6215a5e7f33ea8e69cece12e4d4e95dbe\main_memory (D = $0$memwr$\main_memory$code/main_memory.sv:144$340_DATA[31:0]$362 [23:16], Q = \main_memory[153] [23:16]).
Adding EN signal on $memory\main_memory[153]$2660 ($dff) from module $paramod$72aa32f6215a5e7f33ea8e69cece12e4d4e95dbe\main_memory (D = $0$memwr$\main_memory$code/main_memory.sv:144$341_DATA[31:0]$365 [31:24], Q = \main_memory[153] [31:24]).
Adding EN signal on $memory\main_memory[154]$2662 ($dff) from module $paramod$72aa32f6215a5e7f33ea8e69cece12e4d4e95dbe\main_memory (D = $0$memwr$\main_memory$code/main_memory.sv:144$338_DATA[31:0]$356 [7:0], Q = \main_memory[154] [7:0]).
Adding EN signal on $memory\main_memory[154]$2662 ($dff) from module $paramod$72aa32f6215a5e7f33ea8e69cece12e4d4e95dbe\main_memory (D = $0$memwr$\main_memory$code/main_memory.sv:144$339_DATA[31:0]$359 [15:8], Q = \main_memory[154] [15:8]).
Adding EN signal on $memory\main_memory[154]$2662 ($dff) from module $paramod$72aa32f6215a5e7f33ea8e69cece12e4d4e95dbe\main_memory (D = $0$memwr$\main_memory$code/main_memory.sv:144$340_DATA[31:0]$362 [23:16], Q = \main_memory[154] [23:16]).
Adding EN signal on $memory\main_memory[154]$2662 ($dff) from module $paramod$72aa32f6215a5e7f33ea8e69cece12e4d4e95dbe\main_memory (D = $0$memwr$\main_memory$code/main_memory.sv:144$341_DATA[31:0]$365 [31:24], Q = \main_memory[154] [31:24]).
Adding EN signal on $memory\main_memory[155]$2664 ($dff) from module $paramod$72aa32f6215a5e7f33ea8e69cece12e4d4e95dbe\main_memory (D = $0$memwr$\main_memory$code/main_memory.sv:144$338_DATA[31:0]$356 [7:0], Q = \main_memory[155] [7:0]).
Adding EN signal on $memory\main_memory[155]$2664 ($dff) from module $paramod$72aa32f6215a5e7f33ea8e69cece12e4d4e95dbe\main_memory (D = $0$memwr$\main_memory$code/main_memory.sv:144$339_DATA[31:0]$359 [15:8], Q = \main_memory[155] [15:8]).
Adding EN signal on $memory\main_memory[155]$2664 ($dff) from module $paramod$72aa32f6215a5e7f33ea8e69cece12e4d4e95dbe\main_memory (D = $0$memwr$\main_memory$code/main_memory.sv:144$340_DATA[31:0]$362 [23:16], Q = \main_memory[155] [23:16]).
Adding EN signal on $memory\main_memory[155]$2664 ($dff) from module $paramod$72aa32f6215a5e7f33ea8e69cece12e4d4e95dbe\main_memory (D = $0$memwr$\main_memory$code/main_memory.sv:144$341_DATA[31:0]$365 [31:24], Q = \main_memory[155] [31:24]).
Adding EN signal on $memory\main_memory[156]$2666 ($dff) from module $paramod$72aa32f6215a5e7f33ea8e69cece12e4d4e95dbe\main_memory (D = $0$memwr$\main_memory$code/main_memory.sv:144$338_DATA[31:0]$356 [7:0], Q = \main_memory[156] [7:0]).
Adding EN signal on $memory\main_memory[156]$2666 ($dff) from module $paramod$72aa32f6215a5e7f33ea8e69cece12e4d4e95dbe\main_memory (D = $0$memwr$\main_memory$code/main_memory.sv:144$339_DATA[31:0]$359 [15:8], Q = \main_memory[156] [15:8]).
Adding EN signal on $memory\main_memory[156]$2666 ($dff) from module $paramod$72aa32f6215a5e7f33ea8e69cece12e4d4e95dbe\main_memory (D = $0$memwr$\main_memory$code/main_memory.sv:144$340_DATA[31:0]$362 [23:16], Q = \main_memory[156] [23:16]).
Adding EN signal on $memory\main_memory[156]$2666 ($dff) from module $paramod$72aa32f6215a5e7f33ea8e69cece12e4d4e95dbe\main_memory (D = $0$memwr$\main_memory$code/main_memory.sv:144$341_DATA[31:0]$365 [31:24], Q = \main_memory[156] [31:24]).
Adding EN signal on $memory\main_memory[157]$2668 ($dff) from module $paramod$72aa32f6215a5e7f33ea8e69cece12e4d4e95dbe\main_memory (D = $0$memwr$\main_memory$code/main_memory.sv:144$338_DATA[31:0]$356 [7:0], Q = \main_memory[157] [7:0]).
Adding EN signal on $memory\main_memory[157]$2668 ($dff) from module $paramod$72aa32f6215a5e7f33ea8e69cece12e4d4e95dbe\main_memory (D = $0$memwr$\main_memory$code/main_memory.sv:144$339_DATA[31:0]$359 [15:8], Q = \main_memory[157] [15:8]).
Adding EN signal on $memory\main_memory[157]$2668 ($dff) from module $paramod$72aa32f6215a5e7f33ea8e69cece12e4d4e95dbe\main_memory (D = $0$memwr$\main_memory$code/main_memory.sv:144$340_DATA[31:0]$362 [23:16], Q = \main_memory[157] [23:16]).
Adding EN signal on $memory\main_memory[157]$2668 ($dff) from module $paramod$72aa32f6215a5e7f33ea8e69cece12e4d4e95dbe\main_memory (D = $0$memwr$\main_memory$code/main_memory.sv:144$341_DATA[31:0]$365 [31:24], Q = \main_memory[157] [31:24]).
Adding EN signal on $memory\main_memory[158]$2670 ($dff) from module $paramod$72aa32f6215a5e7f33ea8e69cece12e4d4e95dbe\main_memory (D = $0$memwr$\main_memory$code/main_memory.sv:144$338_DATA[31:0]$356 [7:0], Q = \main_memory[158] [7:0]).
Adding EN signal on $memory\main_memory[158]$2670 ($dff) from module $paramod$72aa32f6215a5e7f33ea8e69cece12e4d4e95dbe\main_memory (D = $0$memwr$\main_memory$code/main_memory.sv:144$339_DATA[31:0]$359 [15:8], Q = \main_memory[158] [15:8]).
Adding EN signal on $memory\main_memory[158]$2670 ($dff) from module $paramod$72aa32f6215a5e7f33ea8e69cece12e4d4e95dbe\main_memory (D = $0$memwr$\main_memory$code/main_memory.sv:144$340_DATA[31:0]$362 [23:16], Q = \main_memory[158] [23:16]).
Adding EN signal on $memory\main_memory[158]$2670 ($dff) from module $paramod$72aa32f6215a5e7f33ea8e69cece12e4d4e95dbe\main_memory (D = $0$memwr$\main_memory$code/main_memory.sv:144$341_DATA[31:0]$365 [31:24], Q = \main_memory[158] [31:24]).
Adding EN signal on $memory\main_memory[159]$2672 ($dff) from module $paramod$72aa32f6215a5e7f33ea8e69cece12e4d4e95dbe\main_memory (D = $0$memwr$\main_memory$code/main_memory.sv:144$338_DATA[31:0]$356 [7:0], Q = \main_memory[159] [7:0]).
Adding EN signal on $memory\main_memory[159]$2672 ($dff) from module $paramod$72aa32f6215a5e7f33ea8e69cece12e4d4e95dbe\main_memory (D = $0$memwr$\main_memory$code/main_memory.sv:144$339_DATA[31:0]$359 [15:8], Q = \main_memory[159] [15:8]).
Adding EN signal on $memory\main_memory[159]$2672 ($dff) from module $paramod$72aa32f6215a5e7f33ea8e69cece12e4d4e95dbe\main_memory (D = $0$memwr$\main_memory$code/main_memory.sv:144$340_DATA[31:0]$362 [23:16], Q = \main_memory[159] [23:16]).
Adding EN signal on $memory\main_memory[159]$2672 ($dff) from module $paramod$72aa32f6215a5e7f33ea8e69cece12e4d4e95dbe\main_memory (D = $0$memwr$\main_memory$code/main_memory.sv:144$341_DATA[31:0]$365 [31:24], Q = \main_memory[159] [31:24]).
Adding EN signal on $memory\main_memory[160]$2674 ($dff) from module $paramod$72aa32f6215a5e7f33ea8e69cece12e4d4e95dbe\main_memory (D = $0$memwr$\main_memory$code/main_memory.sv:144$338_DATA[31:0]$356 [7:0], Q = \main_memory[160] [7:0]).
Adding EN signal on $memory\main_memory[160]$2674 ($dff) from module $paramod$72aa32f6215a5e7f33ea8e69cece12e4d4e95dbe\main_memory (D = $0$memwr$\main_memory$code/main_memory.sv:144$339_DATA[31:0]$359 [15:8], Q = \main_memory[160] [15:8]).
Adding EN signal on $memory\main_memory[160]$2674 ($dff) from module $paramod$72aa32f6215a5e7f33ea8e69cece12e4d4e95dbe\main_memory (D = $0$memwr$\main_memory$code/main_memory.sv:144$340_DATA[31:0]$362 [23:16], Q = \main_memory[160] [23:16]).
Adding EN signal on $memory\main_memory[160]$2674 ($dff) from module $paramod$72aa32f6215a5e7f33ea8e69cece12e4d4e95dbe\main_memory (D = $0$memwr$\main_memory$code/main_memory.sv:144$341_DATA[31:0]$365 [31:24], Q = \main_memory[160] [31:24]).
Adding EN signal on $memory\main_memory[161]$2676 ($dff) from module $paramod$72aa32f6215a5e7f33ea8e69cece12e4d4e95dbe\main_memory (D = $0$memwr$\main_memory$code/main_memory.sv:144$338_DATA[31:0]$356 [7:0], Q = \main_memory[161] [7:0]).
Adding EN signal on $memory\main_memory[161]$2676 ($dff) from module $paramod$72aa32f6215a5e7f33ea8e69cece12e4d4e95dbe\main_memory (D = $0$memwr$\main_memory$code/main_memory.sv:144$339_DATA[31:0]$359 [15:8], Q = \main_memory[161] [15:8]).
Adding EN signal on $memory\main_memory[161]$2676 ($dff) from module $paramod$72aa32f6215a5e7f33ea8e69cece12e4d4e95dbe\main_memory (D = $0$memwr$\main_memory$code/main_memory.sv:144$340_DATA[31:0]$362 [23:16], Q = \main_memory[161] [23:16]).
Adding EN signal on $memory\main_memory[161]$2676 ($dff) from module $paramod$72aa32f6215a5e7f33ea8e69cece12e4d4e95dbe\main_memory (D = $0$memwr$\main_memory$code/main_memory.sv:144$341_DATA[31:0]$365 [31:24], Q = \main_memory[161] [31:24]).
Adding EN signal on $memory\main_memory[162]$2678 ($dff) from module $paramod$72aa32f6215a5e7f33ea8e69cece12e4d4e95dbe\main_memory (D = $0$memwr$\main_memory$code/main_memory.sv:144$338_DATA[31:0]$356 [7:0], Q = \main_memory[162] [7:0]).
Adding EN signal on $memory\main_memory[162]$2678 ($dff) from module $paramod$72aa32f6215a5e7f33ea8e69cece12e4d4e95dbe\main_memory (D = $0$memwr$\main_memory$code/main_memory.sv:144$339_DATA[31:0]$359 [15:8], Q = \main_memory[162] [15:8]).
Adding EN signal on $memory\main_memory[162]$2678 ($dff) from module $paramod$72aa32f6215a5e7f33ea8e69cece12e4d4e95dbe\main_memory (D = $0$memwr$\main_memory$code/main_memory.sv:144$340_DATA[31:0]$362 [23:16], Q = \main_memory[162] [23:16]).
Adding EN signal on $memory\main_memory[162]$2678 ($dff) from module $paramod$72aa32f6215a5e7f33ea8e69cece12e4d4e95dbe\main_memory (D = $0$memwr$\main_memory$code/main_memory.sv:144$341_DATA[31:0]$365 [31:24], Q = \main_memory[162] [31:24]).
Adding EN signal on $memory\main_memory[163]$2680 ($dff) from module $paramod$72aa32f6215a5e7f33ea8e69cece12e4d4e95dbe\main_memory (D = $0$memwr$\main_memory$code/main_memory.sv:144$338_DATA[31:0]$356 [7:0], Q = \main_memory[163] [7:0]).
Adding EN signal on $memory\main_memory[163]$2680 ($dff) from module $paramod$72aa32f6215a5e7f33ea8e69cece12e4d4e95dbe\main_memory (D = $0$memwr$\main_memory$code/main_memory.sv:144$339_DATA[31:0]$359 [15:8], Q = \main_memory[163] [15:8]).
Adding EN signal on $memory\main_memory[163]$2680 ($dff) from module $paramod$72aa32f6215a5e7f33ea8e69cece12e4d4e95dbe\main_memory (D = $0$memwr$\main_memory$code/main_memory.sv:144$340_DATA[31:0]$362 [23:16], Q = \main_memory[163] [23:16]).
Adding EN signal on $memory\main_memory[163]$2680 ($dff) from module $paramod$72aa32f6215a5e7f33ea8e69cece12e4d4e95dbe\main_memory (D = $0$memwr$\main_memory$code/main_memory.sv:144$341_DATA[31:0]$365 [31:24], Q = \main_memory[163] [31:24]).
Adding EN signal on $memory\main_memory[164]$2682 ($dff) from module $paramod$72aa32f6215a5e7f33ea8e69cece12e4d4e95dbe\main_memory (D = $0$memwr$\main_memory$code/main_memory.sv:144$338_DATA[31:0]$356 [7:0], Q = \main_memory[164] [7:0]).
Adding EN signal on $memory\main_memory[164]$2682 ($dff) from module $paramod$72aa32f6215a5e7f33ea8e69cece12e4d4e95dbe\main_memory (D = $0$memwr$\main_memory$code/main_memory.sv:144$339_DATA[31:0]$359 [15:8], Q = \main_memory[164] [15:8]).
Adding EN signal on $memory\main_memory[164]$2682 ($dff) from module $paramod$72aa32f6215a5e7f33ea8e69cece12e4d4e95dbe\main_memory (D = $0$memwr$\main_memory$code/main_memory.sv:144$340_DATA[31:0]$362 [23:16], Q = \main_memory[164] [23:16]).
Adding EN signal on $memory\main_memory[164]$2682 ($dff) from module $paramod$72aa32f6215a5e7f33ea8e69cece12e4d4e95dbe\main_memory (D = $0$memwr$\main_memory$code/main_memory.sv:144$341_DATA[31:0]$365 [31:24], Q = \main_memory[164] [31:24]).
Adding EN signal on $memory\main_memory[165]$2684 ($dff) from module $paramod$72aa32f6215a5e7f33ea8e69cece12e4d4e95dbe\main_memory (D = $0$memwr$\main_memory$code/main_memory.sv:144$338_DATA[31:0]$356 [7:0], Q = \main_memory[165] [7:0]).
Adding EN signal on $memory\main_memory[165]$2684 ($dff) from module $paramod$72aa32f6215a5e7f33ea8e69cece12e4d4e95dbe\main_memory (D = $0$memwr$\main_memory$code/main_memory.sv:144$339_DATA[31:0]$359 [15:8], Q = \main_memory[165] [15:8]).
Adding EN signal on $memory\main_memory[165]$2684 ($dff) from module $paramod$72aa32f6215a5e7f33ea8e69cece12e4d4e95dbe\main_memory (D = $0$memwr$\main_memory$code/main_memory.sv:144$340_DATA[31:0]$362 [23:16], Q = \main_memory[165] [23:16]).
Adding EN signal on $memory\main_memory[165]$2684 ($dff) from module $paramod$72aa32f6215a5e7f33ea8e69cece12e4d4e95dbe\main_memory (D = $0$memwr$\main_memory$code/main_memory.sv:144$341_DATA[31:0]$365 [31:24], Q = \main_memory[165] [31:24]).
Adding EN signal on $memory\main_memory[166]$2686 ($dff) from module $paramod$72aa32f6215a5e7f33ea8e69cece12e4d4e95dbe\main_memory (D = $0$memwr$\main_memory$code/main_memory.sv:144$338_DATA[31:0]$356 [7:0], Q = \main_memory[166] [7:0]).
Adding EN signal on $memory\main_memory[166]$2686 ($dff) from module $paramod$72aa32f6215a5e7f33ea8e69cece12e4d4e95dbe\main_memory (D = $0$memwr$\main_memory$code/main_memory.sv:144$339_DATA[31:0]$359 [15:8], Q = \main_memory[166] [15:8]).
Adding EN signal on $memory\main_memory[166]$2686 ($dff) from module $paramod$72aa32f6215a5e7f33ea8e69cece12e4d4e95dbe\main_memory (D = $0$memwr$\main_memory$code/main_memory.sv:144$340_DATA[31:0]$362 [23:16], Q = \main_memory[166] [23:16]).
Adding EN signal on $memory\main_memory[166]$2686 ($dff) from module $paramod$72aa32f6215a5e7f33ea8e69cece12e4d4e95dbe\main_memory (D = $0$memwr$\main_memory$code/main_memory.sv:144$341_DATA[31:0]$365 [31:24], Q = \main_memory[166] [31:24]).
Adding EN signal on $memory\main_memory[167]$2688 ($dff) from module $paramod$72aa32f6215a5e7f33ea8e69cece12e4d4e95dbe\main_memory (D = $0$memwr$\main_memory$code/main_memory.sv:144$338_DATA[31:0]$356 [7:0], Q = \main_memory[167] [7:0]).
Adding EN signal on $memory\main_memory[167]$2688 ($dff) from module $paramod$72aa32f6215a5e7f33ea8e69cece12e4d4e95dbe\main_memory (D = $0$memwr$\main_memory$code/main_memory.sv:144$339_DATA[31:0]$359 [15:8], Q = \main_memory[167] [15:8]).
Adding EN signal on $memory\main_memory[167]$2688 ($dff) from module $paramod$72aa32f6215a5e7f33ea8e69cece12e4d4e95dbe\main_memory (D = $0$memwr$\main_memory$code/main_memory.sv:144$340_DATA[31:0]$362 [23:16], Q = \main_memory[167] [23:16]).
Adding EN signal on $memory\main_memory[167]$2688 ($dff) from module $paramod$72aa32f6215a5e7f33ea8e69cece12e4d4e95dbe\main_memory (D = $0$memwr$\main_memory$code/main_memory.sv:144$341_DATA[31:0]$365 [31:24], Q = \main_memory[167] [31:24]).
Adding EN signal on $memory\main_memory[168]$2690 ($dff) from module $paramod$72aa32f6215a5e7f33ea8e69cece12e4d4e95dbe\main_memory (D = $0$memwr$\main_memory$code/main_memory.sv:144$338_DATA[31:0]$356 [7:0], Q = \main_memory[168] [7:0]).
Adding EN signal on $memory\main_memory[168]$2690 ($dff) from module $paramod$72aa32f6215a5e7f33ea8e69cece12e4d4e95dbe\main_memory (D = $0$memwr$\main_memory$code/main_memory.sv:144$339_DATA[31:0]$359 [15:8], Q = \main_memory[168] [15:8]).
Adding EN signal on $memory\main_memory[168]$2690 ($dff) from module $paramod$72aa32f6215a5e7f33ea8e69cece12e4d4e95dbe\main_memory (D = $0$memwr$\main_memory$code/main_memory.sv:144$340_DATA[31:0]$362 [23:16], Q = \main_memory[168] [23:16]).
Adding EN signal on $memory\main_memory[168]$2690 ($dff) from module $paramod$72aa32f6215a5e7f33ea8e69cece12e4d4e95dbe\main_memory (D = $0$memwr$\main_memory$code/main_memory.sv:144$341_DATA[31:0]$365 [31:24], Q = \main_memory[168] [31:24]).
Adding EN signal on $memory\main_memory[169]$2692 ($dff) from module $paramod$72aa32f6215a5e7f33ea8e69cece12e4d4e95dbe\main_memory (D = $0$memwr$\main_memory$code/main_memory.sv:144$338_DATA[31:0]$356 [7:0], Q = \main_memory[169] [7:0]).
Adding EN signal on $memory\main_memory[169]$2692 ($dff) from module $paramod$72aa32f6215a5e7f33ea8e69cece12e4d4e95dbe\main_memory (D = $0$memwr$\main_memory$code/main_memory.sv:144$339_DATA[31:0]$359 [15:8], Q = \main_memory[169] [15:8]).
Adding EN signal on $memory\main_memory[169]$2692 ($dff) from module $paramod$72aa32f6215a5e7f33ea8e69cece12e4d4e95dbe\main_memory (D = $0$memwr$\main_memory$code/main_memory.sv:144$340_DATA[31:0]$362 [23:16], Q = \main_memory[169] [23:16]).
Adding EN signal on $memory\main_memory[169]$2692 ($dff) from module $paramod$72aa32f6215a5e7f33ea8e69cece12e4d4e95dbe\main_memory (D = $0$memwr$\main_memory$code/main_memory.sv:144$341_DATA[31:0]$365 [31:24], Q = \main_memory[169] [31:24]).
Adding EN signal on $memory\main_memory[170]$2694 ($dff) from module $paramod$72aa32f6215a5e7f33ea8e69cece12e4d4e95dbe\main_memory (D = $0$memwr$\main_memory$code/main_memory.sv:144$338_DATA[31:0]$356 [7:0], Q = \main_memory[170] [7:0]).
Adding EN signal on $memory\main_memory[170]$2694 ($dff) from module $paramod$72aa32f6215a5e7f33ea8e69cece12e4d4e95dbe\main_memory (D = $0$memwr$\main_memory$code/main_memory.sv:144$339_DATA[31:0]$359 [15:8], Q = \main_memory[170] [15:8]).
Adding EN signal on $memory\main_memory[170]$2694 ($dff) from module $paramod$72aa32f6215a5e7f33ea8e69cece12e4d4e95dbe\main_memory (D = $0$memwr$\main_memory$code/main_memory.sv:144$340_DATA[31:0]$362 [23:16], Q = \main_memory[170] [23:16]).
Adding EN signal on $memory\main_memory[170]$2694 ($dff) from module $paramod$72aa32f6215a5e7f33ea8e69cece12e4d4e95dbe\main_memory (D = $0$memwr$\main_memory$code/main_memory.sv:144$341_DATA[31:0]$365 [31:24], Q = \main_memory[170] [31:24]).
Adding EN signal on $memory\main_memory[171]$2696 ($dff) from module $paramod$72aa32f6215a5e7f33ea8e69cece12e4d4e95dbe\main_memory (D = $0$memwr$\main_memory$code/main_memory.sv:144$338_DATA[31:0]$356 [7:0], Q = \main_memory[171] [7:0]).
Adding EN signal on $memory\main_memory[171]$2696 ($dff) from module $paramod$72aa32f6215a5e7f33ea8e69cece12e4d4e95dbe\main_memory (D = $0$memwr$\main_memory$code/main_memory.sv:144$339_DATA[31:0]$359 [15:8], Q = \main_memory[171] [15:8]).
Adding EN signal on $memory\main_memory[171]$2696 ($dff) from module $paramod$72aa32f6215a5e7f33ea8e69cece12e4d4e95dbe\main_memory (D = $0$memwr$\main_memory$code/main_memory.sv:144$340_DATA[31:0]$362 [23:16], Q = \main_memory[171] [23:16]).
Adding EN signal on $memory\main_memory[171]$2696 ($dff) from module $paramod$72aa32f6215a5e7f33ea8e69cece12e4d4e95dbe\main_memory (D = $0$memwr$\main_memory$code/main_memory.sv:144$341_DATA[31:0]$365 [31:24], Q = \main_memory[171] [31:24]).
Adding EN signal on $memory\main_memory[172]$2698 ($dff) from module $paramod$72aa32f6215a5e7f33ea8e69cece12e4d4e95dbe\main_memory (D = $0$memwr$\main_memory$code/main_memory.sv:144$338_DATA[31:0]$356 [7:0], Q = \main_memory[172] [7:0]).
Adding EN signal on $memory\main_memory[172]$2698 ($dff) from module $paramod$72aa32f6215a5e7f33ea8e69cece12e4d4e95dbe\main_memory (D = $0$memwr$\main_memory$code/main_memory.sv:144$339_DATA[31:0]$359 [15:8], Q = \main_memory[172] [15:8]).
Adding EN signal on $memory\main_memory[172]$2698 ($dff) from module $paramod$72aa32f6215a5e7f33ea8e69cece12e4d4e95dbe\main_memory (D = $0$memwr$\main_memory$code/main_memory.sv:144$340_DATA[31:0]$362 [23:16], Q = \main_memory[172] [23:16]).
Adding EN signal on $memory\main_memory[172]$2698 ($dff) from module $paramod$72aa32f6215a5e7f33ea8e69cece12e4d4e95dbe\main_memory (D = $0$memwr$\main_memory$code/main_memory.sv:144$341_DATA[31:0]$365 [31:24], Q = \main_memory[172] [31:24]).
Adding EN signal on $memory\main_memory[173]$2700 ($dff) from module $paramod$72aa32f6215a5e7f33ea8e69cece12e4d4e95dbe\main_memory (D = $0$memwr$\main_memory$code/main_memory.sv:144$338_DATA[31:0]$356 [7:0], Q = \main_memory[173] [7:0]).
Adding EN signal on $memory\main_memory[173]$2700 ($dff) from module $paramod$72aa32f6215a5e7f33ea8e69cece12e4d4e95dbe\main_memory (D = $0$memwr$\main_memory$code/main_memory.sv:144$339_DATA[31:0]$359 [15:8], Q = \main_memory[173] [15:8]).
Adding EN signal on $memory\main_memory[173]$2700 ($dff) from module $paramod$72aa32f6215a5e7f33ea8e69cece12e4d4e95dbe\main_memory (D = $0$memwr$\main_memory$code/main_memory.sv:144$340_DATA[31:0]$362 [23:16], Q = \main_memory[173] [23:16]).
Adding EN signal on $memory\main_memory[173]$2700 ($dff) from module $paramod$72aa32f6215a5e7f33ea8e69cece12e4d4e95dbe\main_memory (D = $0$memwr$\main_memory$code/main_memory.sv:144$341_DATA[31:0]$365 [31:24], Q = \main_memory[173] [31:24]).
Adding EN signal on $memory\main_memory[174]$2702 ($dff) from module $paramod$72aa32f6215a5e7f33ea8e69cece12e4d4e95dbe\main_memory (D = $0$memwr$\main_memory$code/main_memory.sv:144$338_DATA[31:0]$356 [7:0], Q = \main_memory[174] [7:0]).
Adding EN signal on $memory\main_memory[174]$2702 ($dff) from module $paramod$72aa32f6215a5e7f33ea8e69cece12e4d4e95dbe\main_memory (D = $0$memwr$\main_memory$code/main_memory.sv:144$339_DATA[31:0]$359 [15:8], Q = \main_memory[174] [15:8]).
Adding EN signal on $memory\main_memory[174]$2702 ($dff) from module $paramod$72aa32f6215a5e7f33ea8e69cece12e4d4e95dbe\main_memory (D = $0$memwr$\main_memory$code/main_memory.sv:144$340_DATA[31:0]$362 [23:16], Q = \main_memory[174] [23:16]).
Adding EN signal on $memory\main_memory[174]$2702 ($dff) from module $paramod$72aa32f6215a5e7f33ea8e69cece12e4d4e95dbe\main_memory (D = $0$memwr$\main_memory$code/main_memory.sv:144$341_DATA[31:0]$365 [31:24], Q = \main_memory[174] [31:24]).
Adding EN signal on $memory\main_memory[175]$2704 ($dff) from module $paramod$72aa32f6215a5e7f33ea8e69cece12e4d4e95dbe\main_memory (D = $0$memwr$\main_memory$code/main_memory.sv:144$338_DATA[31:0]$356 [7:0], Q = \main_memory[175] [7:0]).
Adding EN signal on $memory\main_memory[175]$2704 ($dff) from module $paramod$72aa32f6215a5e7f33ea8e69cece12e4d4e95dbe\main_memory (D = $0$memwr$\main_memory$code/main_memory.sv:144$339_DATA[31:0]$359 [15:8], Q = \main_memory[175] [15:8]).
Adding EN signal on $memory\main_memory[175]$2704 ($dff) from module $paramod$72aa32f6215a5e7f33ea8e69cece12e4d4e95dbe\main_memory (D = $0$memwr$\main_memory$code/main_memory.sv:144$340_DATA[31:0]$362 [23:16], Q = \main_memory[175] [23:16]).
Adding EN signal on $memory\main_memory[175]$2704 ($dff) from module $paramod$72aa32f6215a5e7f33ea8e69cece12e4d4e95dbe\main_memory (D = $0$memwr$\main_memory$code/main_memory.sv:144$341_DATA[31:0]$365 [31:24], Q = \main_memory[175] [31:24]).
Adding EN signal on $memory\main_memory[176]$2706 ($dff) from module $paramod$72aa32f6215a5e7f33ea8e69cece12e4d4e95dbe\main_memory (D = $0$memwr$\main_memory$code/main_memory.sv:144$338_DATA[31:0]$356 [7:0], Q = \main_memory[176] [7:0]).
Adding EN signal on $memory\main_memory[176]$2706 ($dff) from module $paramod$72aa32f6215a5e7f33ea8e69cece12e4d4e95dbe\main_memory (D = $0$memwr$\main_memory$code/main_memory.sv:144$339_DATA[31:0]$359 [15:8], Q = \main_memory[176] [15:8]).
Adding EN signal on $memory\main_memory[176]$2706 ($dff) from module $paramod$72aa32f6215a5e7f33ea8e69cece12e4d4e95dbe\main_memory (D = $0$memwr$\main_memory$code/main_memory.sv:144$340_DATA[31:0]$362 [23:16], Q = \main_memory[176] [23:16]).
Adding EN signal on $memory\main_memory[176]$2706 ($dff) from module $paramod$72aa32f6215a5e7f33ea8e69cece12e4d4e95dbe\main_memory (D = $0$memwr$\main_memory$code/main_memory.sv:144$341_DATA[31:0]$365 [31:24], Q = \main_memory[176] [31:24]).
Adding EN signal on $memory\main_memory[177]$2708 ($dff) from module $paramod$72aa32f6215a5e7f33ea8e69cece12e4d4e95dbe\main_memory (D = $0$memwr$\main_memory$code/main_memory.sv:144$338_DATA[31:0]$356 [7:0], Q = \main_memory[177] [7:0]).
Adding EN signal on $memory\main_memory[177]$2708 ($dff) from module $paramod$72aa32f6215a5e7f33ea8e69cece12e4d4e95dbe\main_memory (D = $0$memwr$\main_memory$code/main_memory.sv:144$339_DATA[31:0]$359 [15:8], Q = \main_memory[177] [15:8]).
Adding EN signal on $memory\main_memory[177]$2708 ($dff) from module $paramod$72aa32f6215a5e7f33ea8e69cece12e4d4e95dbe\main_memory (D = $0$memwr$\main_memory$code/main_memory.sv:144$340_DATA[31:0]$362 [23:16], Q = \main_memory[177] [23:16]).
Adding EN signal on $memory\main_memory[177]$2708 ($dff) from module $paramod$72aa32f6215a5e7f33ea8e69cece12e4d4e95dbe\main_memory (D = $0$memwr$\main_memory$code/main_memory.sv:144$341_DATA[31:0]$365 [31:24], Q = \main_memory[177] [31:24]).
Adding EN signal on $memory\main_memory[178]$2710 ($dff) from module $paramod$72aa32f6215a5e7f33ea8e69cece12e4d4e95dbe\main_memory (D = $0$memwr$\main_memory$code/main_memory.sv:144$338_DATA[31:0]$356 [7:0], Q = \main_memory[178] [7:0]).
Adding EN signal on $memory\main_memory[178]$2710 ($dff) from module $paramod$72aa32f6215a5e7f33ea8e69cece12e4d4e95dbe\main_memory (D = $0$memwr$\main_memory$code/main_memory.sv:144$339_DATA[31:0]$359 [15:8], Q = \main_memory[178] [15:8]).
Adding EN signal on $memory\main_memory[178]$2710 ($dff) from module $paramod$72aa32f6215a5e7f33ea8e69cece12e4d4e95dbe\main_memory (D = $0$memwr$\main_memory$code/main_memory.sv:144$340_DATA[31:0]$362 [23:16], Q = \main_memory[178] [23:16]).
Adding EN signal on $memory\main_memory[178]$2710 ($dff) from module $paramod$72aa32f6215a5e7f33ea8e69cece12e4d4e95dbe\main_memory (D = $0$memwr$\main_memory$code/main_memory.sv:144$341_DATA[31:0]$365 [31:24], Q = \main_memory[178] [31:24]).
Adding EN signal on $memory\main_memory[179]$2712 ($dff) from module $paramod$72aa32f6215a5e7f33ea8e69cece12e4d4e95dbe\main_memory (D = $0$memwr$\main_memory$code/main_memory.sv:144$338_DATA[31:0]$356 [7:0], Q = \main_memory[179] [7:0]).
Adding EN signal on $memory\main_memory[179]$2712 ($dff) from module $paramod$72aa32f6215a5e7f33ea8e69cece12e4d4e95dbe\main_memory (D = $0$memwr$\main_memory$code/main_memory.sv:144$339_DATA[31:0]$359 [15:8], Q = \main_memory[179] [15:8]).
Adding EN signal on $memory\main_memory[179]$2712 ($dff) from module $paramod$72aa32f6215a5e7f33ea8e69cece12e4d4e95dbe\main_memory (D = $0$memwr$\main_memory$code/main_memory.sv:144$340_DATA[31:0]$362 [23:16], Q = \main_memory[179] [23:16]).
Adding EN signal on $memory\main_memory[179]$2712 ($dff) from module $paramod$72aa32f6215a5e7f33ea8e69cece12e4d4e95dbe\main_memory (D = $0$memwr$\main_memory$code/main_memory.sv:144$341_DATA[31:0]$365 [31:24], Q = \main_memory[179] [31:24]).
Adding EN signal on $memory\main_memory[180]$2714 ($dff) from module $paramod$72aa32f6215a5e7f33ea8e69cece12e4d4e95dbe\main_memory (D = $0$memwr$\main_memory$code/main_memory.sv:144$338_DATA[31:0]$356 [7:0], Q = \main_memory[180] [7:0]).
Adding EN signal on $memory\main_memory[180]$2714 ($dff) from module $paramod$72aa32f6215a5e7f33ea8e69cece12e4d4e95dbe\main_memory (D = $0$memwr$\main_memory$code/main_memory.sv:144$339_DATA[31:0]$359 [15:8], Q = \main_memory[180] [15:8]).
Adding EN signal on $memory\main_memory[180]$2714 ($dff) from module $paramod$72aa32f6215a5e7f33ea8e69cece12e4d4e95dbe\main_memory (D = $0$memwr$\main_memory$code/main_memory.sv:144$340_DATA[31:0]$362 [23:16], Q = \main_memory[180] [23:16]).
Adding EN signal on $memory\main_memory[180]$2714 ($dff) from module $paramod$72aa32f6215a5e7f33ea8e69cece12e4d4e95dbe\main_memory (D = $0$memwr$\main_memory$code/main_memory.sv:144$341_DATA[31:0]$365 [31:24], Q = \main_memory[180] [31:24]).
Adding EN signal on $memory\main_memory[181]$2716 ($dff) from module $paramod$72aa32f6215a5e7f33ea8e69cece12e4d4e95dbe\main_memory (D = $0$memwr$\main_memory$code/main_memory.sv:144$338_DATA[31:0]$356 [7:0], Q = \main_memory[181] [7:0]).
Adding EN signal on $memory\main_memory[181]$2716 ($dff) from module $paramod$72aa32f6215a5e7f33ea8e69cece12e4d4e95dbe\main_memory (D = $0$memwr$\main_memory$code/main_memory.sv:144$339_DATA[31:0]$359 [15:8], Q = \main_memory[181] [15:8]).
Adding EN signal on $memory\main_memory[181]$2716 ($dff) from module $paramod$72aa32f6215a5e7f33ea8e69cece12e4d4e95dbe\main_memory (D = $0$memwr$\main_memory$code/main_memory.sv:144$340_DATA[31:0]$362 [23:16], Q = \main_memory[181] [23:16]).
Adding EN signal on $memory\main_memory[181]$2716 ($dff) from module $paramod$72aa32f6215a5e7f33ea8e69cece12e4d4e95dbe\main_memory (D = $0$memwr$\main_memory$code/main_memory.sv:144$341_DATA[31:0]$365 [31:24], Q = \main_memory[181] [31:24]).
Adding EN signal on $memory\main_memory[182]$2718 ($dff) from module $paramod$72aa32f6215a5e7f33ea8e69cece12e4d4e95dbe\main_memory (D = $0$memwr$\main_memory$code/main_memory.sv:144$338_DATA[31:0]$356 [7:0], Q = \main_memory[182] [7:0]).
Adding EN signal on $memory\main_memory[182]$2718 ($dff) from module $paramod$72aa32f6215a5e7f33ea8e69cece12e4d4e95dbe\main_memory (D = $0$memwr$\main_memory$code/main_memory.sv:144$339_DATA[31:0]$359 [15:8], Q = \main_memory[182] [15:8]).
Adding EN signal on $memory\main_memory[182]$2718 ($dff) from module $paramod$72aa32f6215a5e7f33ea8e69cece12e4d4e95dbe\main_memory (D = $0$memwr$\main_memory$code/main_memory.sv:144$340_DATA[31:0]$362 [23:16], Q = \main_memory[182] [23:16]).
Adding EN signal on $memory\main_memory[182]$2718 ($dff) from module $paramod$72aa32f6215a5e7f33ea8e69cece12e4d4e95dbe\main_memory (D = $0$memwr$\main_memory$code/main_memory.sv:144$341_DATA[31:0]$365 [31:24], Q = \main_memory[182] [31:24]).
Adding EN signal on $memory\main_memory[183]$2720 ($dff) from module $paramod$72aa32f6215a5e7f33ea8e69cece12e4d4e95dbe\main_memory (D = $0$memwr$\main_memory$code/main_memory.sv:144$338_DATA[31:0]$356 [7:0], Q = \main_memory[183] [7:0]).
Adding EN signal on $memory\main_memory[183]$2720 ($dff) from module $paramod$72aa32f6215a5e7f33ea8e69cece12e4d4e95dbe\main_memory (D = $0$memwr$\main_memory$code/main_memory.sv:144$339_DATA[31:0]$359 [15:8], Q = \main_memory[183] [15:8]).
Adding EN signal on $memory\main_memory[183]$2720 ($dff) from module $paramod$72aa32f6215a5e7f33ea8e69cece12e4d4e95dbe\main_memory (D = $0$memwr$\main_memory$code/main_memory.sv:144$340_DATA[31:0]$362 [23:16], Q = \main_memory[183] [23:16]).
Adding EN signal on $memory\main_memory[183]$2720 ($dff) from module $paramod$72aa32f6215a5e7f33ea8e69cece12e4d4e95dbe\main_memory (D = $0$memwr$\main_memory$code/main_memory.sv:144$341_DATA[31:0]$365 [31:24], Q = \main_memory[183] [31:24]).
Adding EN signal on $memory\main_memory[184]$2722 ($dff) from module $paramod$72aa32f6215a5e7f33ea8e69cece12e4d4e95dbe\main_memory (D = $0$memwr$\main_memory$code/main_memory.sv:144$338_DATA[31:0]$356 [7:0], Q = \main_memory[184] [7:0]).
Adding EN signal on $memory\main_memory[184]$2722 ($dff) from module $paramod$72aa32f6215a5e7f33ea8e69cece12e4d4e95dbe\main_memory (D = $0$memwr$\main_memory$code/main_memory.sv:144$339_DATA[31:0]$359 [15:8], Q = \main_memory[184] [15:8]).
Adding EN signal on $memory\main_memory[184]$2722 ($dff) from module $paramod$72aa32f6215a5e7f33ea8e69cece12e4d4e95dbe\main_memory (D = $0$memwr$\main_memory$code/main_memory.sv:144$340_DATA[31:0]$362 [23:16], Q = \main_memory[184] [23:16]).
Adding EN signal on $memory\main_memory[184]$2722 ($dff) from module $paramod$72aa32f6215a5e7f33ea8e69cece12e4d4e95dbe\main_memory (D = $0$memwr$\main_memory$code/main_memory.sv:144$341_DATA[31:0]$365 [31:24], Q = \main_memory[184] [31:24]).
Adding EN signal on $memory\main_memory[185]$2724 ($dff) from module $paramod$72aa32f6215a5e7f33ea8e69cece12e4d4e95dbe\main_memory (D = $0$memwr$\main_memory$code/main_memory.sv:144$338_DATA[31:0]$356 [7:0], Q = \main_memory[185] [7:0]).
Adding EN signal on $memory\main_memory[185]$2724 ($dff) from module $paramod$72aa32f6215a5e7f33ea8e69cece12e4d4e95dbe\main_memory (D = $0$memwr$\main_memory$code/main_memory.sv:144$339_DATA[31:0]$359 [15:8], Q = \main_memory[185] [15:8]).
Adding EN signal on $memory\main_memory[185]$2724 ($dff) from module $paramod$72aa32f6215a5e7f33ea8e69cece12e4d4e95dbe\main_memory (D = $0$memwr$\main_memory$code/main_memory.sv:144$340_DATA[31:0]$362 [23:16], Q = \main_memory[185] [23:16]).
Adding EN signal on $memory\main_memory[185]$2724 ($dff) from module $paramod$72aa32f6215a5e7f33ea8e69cece12e4d4e95dbe\main_memory (D = $0$memwr$\main_memory$code/main_memory.sv:144$341_DATA[31:0]$365 [31:24], Q = \main_memory[185] [31:24]).
Adding EN signal on $memory\main_memory[186]$2726 ($dff) from module $paramod$72aa32f6215a5e7f33ea8e69cece12e4d4e95dbe\main_memory (D = $0$memwr$\main_memory$code/main_memory.sv:144$338_DATA[31:0]$356 [7:0], Q = \main_memory[186] [7:0]).
Adding EN signal on $memory\main_memory[186]$2726 ($dff) from module $paramod$72aa32f6215a5e7f33ea8e69cece12e4d4e95dbe\main_memory (D = $0$memwr$\main_memory$code/main_memory.sv:144$339_DATA[31:0]$359 [15:8], Q = \main_memory[186] [15:8]).
Adding EN signal on $memory\main_memory[186]$2726 ($dff) from module $paramod$72aa32f6215a5e7f33ea8e69cece12e4d4e95dbe\main_memory (D = $0$memwr$\main_memory$code/main_memory.sv:144$340_DATA[31:0]$362 [23:16], Q = \main_memory[186] [23:16]).
Adding EN signal on $memory\main_memory[186]$2726 ($dff) from module $paramod$72aa32f6215a5e7f33ea8e69cece12e4d4e95dbe\main_memory (D = $0$memwr$\main_memory$code/main_memory.sv:144$341_DATA[31:0]$365 [31:24], Q = \main_memory[186] [31:24]).
Adding EN signal on $memory\main_memory[187]$2728 ($dff) from module $paramod$72aa32f6215a5e7f33ea8e69cece12e4d4e95dbe\main_memory (D = $0$memwr$\main_memory$code/main_memory.sv:144$338_DATA[31:0]$356 [7:0], Q = \main_memory[187] [7:0]).
Adding EN signal on $memory\main_memory[187]$2728 ($dff) from module $paramod$72aa32f6215a5e7f33ea8e69cece12e4d4e95dbe\main_memory (D = $0$memwr$\main_memory$code/main_memory.sv:144$339_DATA[31:0]$359 [15:8], Q = \main_memory[187] [15:8]).
Adding EN signal on $memory\main_memory[187]$2728 ($dff) from module $paramod$72aa32f6215a5e7f33ea8e69cece12e4d4e95dbe\main_memory (D = $0$memwr$\main_memory$code/main_memory.sv:144$340_DATA[31:0]$362 [23:16], Q = \main_memory[187] [23:16]).
Adding EN signal on $memory\main_memory[187]$2728 ($dff) from module $paramod$72aa32f6215a5e7f33ea8e69cece12e4d4e95dbe\main_memory (D = $0$memwr$\main_memory$code/main_memory.sv:144$341_DATA[31:0]$365 [31:24], Q = \main_memory[187] [31:24]).
Adding EN signal on $memory\main_memory[188]$2730 ($dff) from module $paramod$72aa32f6215a5e7f33ea8e69cece12e4d4e95dbe\main_memory (D = $0$memwr$\main_memory$code/main_memory.sv:144$338_DATA[31:0]$356 [7:0], Q = \main_memory[188] [7:0]).
Adding EN signal on $memory\main_memory[188]$2730 ($dff) from module $paramod$72aa32f6215a5e7f33ea8e69cece12e4d4e95dbe\main_memory (D = $0$memwr$\main_memory$code/main_memory.sv:144$339_DATA[31:0]$359 [15:8], Q = \main_memory[188] [15:8]).
Adding EN signal on $memory\main_memory[188]$2730 ($dff) from module $paramod$72aa32f6215a5e7f33ea8e69cece12e4d4e95dbe\main_memory (D = $0$memwr$\main_memory$code/main_memory.sv:144$340_DATA[31:0]$362 [23:16], Q = \main_memory[188] [23:16]).
Adding EN signal on $memory\main_memory[188]$2730 ($dff) from module $paramod$72aa32f6215a5e7f33ea8e69cece12e4d4e95dbe\main_memory (D = $0$memwr$\main_memory$code/main_memory.sv:144$341_DATA[31:0]$365 [31:24], Q = \main_memory[188] [31:24]).
Adding EN signal on $memory\main_memory[189]$2732 ($dff) from module $paramod$72aa32f6215a5e7f33ea8e69cece12e4d4e95dbe\main_memory (D = $0$memwr$\main_memory$code/main_memory.sv:144$338_DATA[31:0]$356 [7:0], Q = \main_memory[189] [7:0]).
Adding EN signal on $memory\main_memory[189]$2732 ($dff) from module $paramod$72aa32f6215a5e7f33ea8e69cece12e4d4e95dbe\main_memory (D = $0$memwr$\main_memory$code/main_memory.sv:144$339_DATA[31:0]$359 [15:8], Q = \main_memory[189] [15:8]).
Adding EN signal on $memory\main_memory[189]$2732 ($dff) from module $paramod$72aa32f6215a5e7f33ea8e69cece12e4d4e95dbe\main_memory (D = $0$memwr$\main_memory$code/main_memory.sv:144$340_DATA[31:0]$362 [23:16], Q = \main_memory[189] [23:16]).
Adding EN signal on $memory\main_memory[189]$2732 ($dff) from module $paramod$72aa32f6215a5e7f33ea8e69cece12e4d4e95dbe\main_memory (D = $0$memwr$\main_memory$code/main_memory.sv:144$341_DATA[31:0]$365 [31:24], Q = \main_memory[189] [31:24]).
Adding EN signal on $memory\main_memory[190]$2734 ($dff) from module $paramod$72aa32f6215a5e7f33ea8e69cece12e4d4e95dbe\main_memory (D = $0$memwr$\main_memory$code/main_memory.sv:144$338_DATA[31:0]$356 [7:0], Q = \main_memory[190] [7:0]).
Adding EN signal on $memory\main_memory[190]$2734 ($dff) from module $paramod$72aa32f6215a5e7f33ea8e69cece12e4d4e95dbe\main_memory (D = $0$memwr$\main_memory$code/main_memory.sv:144$339_DATA[31:0]$359 [15:8], Q = \main_memory[190] [15:8]).
Adding EN signal on $memory\main_memory[190]$2734 ($dff) from module $paramod$72aa32f6215a5e7f33ea8e69cece12e4d4e95dbe\main_memory (D = $0$memwr$\main_memory$code/main_memory.sv:144$340_DATA[31:0]$362 [23:16], Q = \main_memory[190] [23:16]).
Adding EN signal on $memory\main_memory[190]$2734 ($dff) from module $paramod$72aa32f6215a5e7f33ea8e69cece12e4d4e95dbe\main_memory (D = $0$memwr$\main_memory$code/main_memory.sv:144$341_DATA[31:0]$365 [31:24], Q = \main_memory[190] [31:24]).
Adding EN signal on $memory\main_memory[191]$2736 ($dff) from module $paramod$72aa32f6215a5e7f33ea8e69cece12e4d4e95dbe\main_memory (D = $0$memwr$\main_memory$code/main_memory.sv:144$338_DATA[31:0]$356 [7:0], Q = \main_memory[191] [7:0]).
Adding EN signal on $memory\main_memory[191]$2736 ($dff) from module $paramod$72aa32f6215a5e7f33ea8e69cece12e4d4e95dbe\main_memory (D = $0$memwr$\main_memory$code/main_memory.sv:144$339_DATA[31:0]$359 [15:8], Q = \main_memory[191] [15:8]).
Adding EN signal on $memory\main_memory[191]$2736 ($dff) from module $paramod$72aa32f6215a5e7f33ea8e69cece12e4d4e95dbe\main_memory (D = $0$memwr$\main_memory$code/main_memory.sv:144$340_DATA[31:0]$362 [23:16], Q = \main_memory[191] [23:16]).
Adding EN signal on $memory\main_memory[191]$2736 ($dff) from module $paramod$72aa32f6215a5e7f33ea8e69cece12e4d4e95dbe\main_memory (D = $0$memwr$\main_memory$code/main_memory.sv:144$341_DATA[31:0]$365 [31:24], Q = \main_memory[191] [31:24]).
Adding EN signal on $memory\main_memory[192]$2738 ($dff) from module $paramod$72aa32f6215a5e7f33ea8e69cece12e4d4e95dbe\main_memory (D = $0$memwr$\main_memory$code/main_memory.sv:144$338_DATA[31:0]$356 [7:0], Q = \main_memory[192] [7:0]).
Adding EN signal on $memory\main_memory[192]$2738 ($dff) from module $paramod$72aa32f6215a5e7f33ea8e69cece12e4d4e95dbe\main_memory (D = $0$memwr$\main_memory$code/main_memory.sv:144$339_DATA[31:0]$359 [15:8], Q = \main_memory[192] [15:8]).
Adding EN signal on $memory\main_memory[192]$2738 ($dff) from module $paramod$72aa32f6215a5e7f33ea8e69cece12e4d4e95dbe\main_memory (D = $0$memwr$\main_memory$code/main_memory.sv:144$340_DATA[31:0]$362 [23:16], Q = \main_memory[192] [23:16]).
Adding EN signal on $memory\main_memory[192]$2738 ($dff) from module $paramod$72aa32f6215a5e7f33ea8e69cece12e4d4e95dbe\main_memory (D = $0$memwr$\main_memory$code/main_memory.sv:144$341_DATA[31:0]$365 [31:24], Q = \main_memory[192] [31:24]).
Adding EN signal on $memory\main_memory[193]$2740 ($dff) from module $paramod$72aa32f6215a5e7f33ea8e69cece12e4d4e95dbe\main_memory (D = $0$memwr$\main_memory$code/main_memory.sv:144$338_DATA[31:0]$356 [7:0], Q = \main_memory[193] [7:0]).
Adding EN signal on $memory\main_memory[193]$2740 ($dff) from module $paramod$72aa32f6215a5e7f33ea8e69cece12e4d4e95dbe\main_memory (D = $0$memwr$\main_memory$code/main_memory.sv:144$339_DATA[31:0]$359 [15:8], Q = \main_memory[193] [15:8]).
Adding EN signal on $memory\main_memory[193]$2740 ($dff) from module $paramod$72aa32f6215a5e7f33ea8e69cece12e4d4e95dbe\main_memory (D = $0$memwr$\main_memory$code/main_memory.sv:144$340_DATA[31:0]$362 [23:16], Q = \main_memory[193] [23:16]).
Adding EN signal on $memory\main_memory[193]$2740 ($dff) from module $paramod$72aa32f6215a5e7f33ea8e69cece12e4d4e95dbe\main_memory (D = $0$memwr$\main_memory$code/main_memory.sv:144$341_DATA[31:0]$365 [31:24], Q = \main_memory[193] [31:24]).
Adding EN signal on $memory\main_memory[194]$2742 ($dff) from module $paramod$72aa32f6215a5e7f33ea8e69cece12e4d4e95dbe\main_memory (D = $0$memwr$\main_memory$code/main_memory.sv:144$338_DATA[31:0]$356 [7:0], Q = \main_memory[194] [7:0]).
Adding EN signal on $memory\main_memory[194]$2742 ($dff) from module $paramod$72aa32f6215a5e7f33ea8e69cece12e4d4e95dbe\main_memory (D = $0$memwr$\main_memory$code/main_memory.sv:144$339_DATA[31:0]$359 [15:8], Q = \main_memory[194] [15:8]).
Adding EN signal on $memory\main_memory[194]$2742 ($dff) from module $paramod$72aa32f6215a5e7f33ea8e69cece12e4d4e95dbe\main_memory (D = $0$memwr$\main_memory$code/main_memory.sv:144$340_DATA[31:0]$362 [23:16], Q = \main_memory[194] [23:16]).
Adding EN signal on $memory\main_memory[194]$2742 ($dff) from module $paramod$72aa32f6215a5e7f33ea8e69cece12e4d4e95dbe\main_memory (D = $0$memwr$\main_memory$code/main_memory.sv:144$341_DATA[31:0]$365 [31:24], Q = \main_memory[194] [31:24]).
Adding EN signal on $memory\main_memory[195]$2744 ($dff) from module $paramod$72aa32f6215a5e7f33ea8e69cece12e4d4e95dbe\main_memory (D = $0$memwr$\main_memory$code/main_memory.sv:144$338_DATA[31:0]$356 [7:0], Q = \main_memory[195] [7:0]).
Adding EN signal on $memory\main_memory[195]$2744 ($dff) from module $paramod$72aa32f6215a5e7f33ea8e69cece12e4d4e95dbe\main_memory (D = $0$memwr$\main_memory$code/main_memory.sv:144$339_DATA[31:0]$359 [15:8], Q = \main_memory[195] [15:8]).
Adding EN signal on $memory\main_memory[195]$2744 ($dff) from module $paramod$72aa32f6215a5e7f33ea8e69cece12e4d4e95dbe\main_memory (D = $0$memwr$\main_memory$code/main_memory.sv:144$340_DATA[31:0]$362 [23:16], Q = \main_memory[195] [23:16]).
Adding EN signal on $memory\main_memory[195]$2744 ($dff) from module $paramod$72aa32f6215a5e7f33ea8e69cece12e4d4e95dbe\main_memory (D = $0$memwr$\main_memory$code/main_memory.sv:144$341_DATA[31:0]$365 [31:24], Q = \main_memory[195] [31:24]).
Adding EN signal on $memory\main_memory[196]$2746 ($dff) from module $paramod$72aa32f6215a5e7f33ea8e69cece12e4d4e95dbe\main_memory (D = $0$memwr$\main_memory$code/main_memory.sv:144$338_DATA[31:0]$356 [7:0], Q = \main_memory[196] [7:0]).
Adding EN signal on $memory\main_memory[196]$2746 ($dff) from module $paramod$72aa32f6215a5e7f33ea8e69cece12e4d4e95dbe\main_memory (D = $0$memwr$\main_memory$code/main_memory.sv:144$339_DATA[31:0]$359 [15:8], Q = \main_memory[196] [15:8]).
Adding EN signal on $memory\main_memory[196]$2746 ($dff) from module $paramod$72aa32f6215a5e7f33ea8e69cece12e4d4e95dbe\main_memory (D = $0$memwr$\main_memory$code/main_memory.sv:144$340_DATA[31:0]$362 [23:16], Q = \main_memory[196] [23:16]).
Adding EN signal on $memory\main_memory[196]$2746 ($dff) from module $paramod$72aa32f6215a5e7f33ea8e69cece12e4d4e95dbe\main_memory (D = $0$memwr$\main_memory$code/main_memory.sv:144$341_DATA[31:0]$365 [31:24], Q = \main_memory[196] [31:24]).
Adding EN signal on $memory\main_memory[197]$2748 ($dff) from module $paramod$72aa32f6215a5e7f33ea8e69cece12e4d4e95dbe\main_memory (D = $0$memwr$\main_memory$code/main_memory.sv:144$338_DATA[31:0]$356 [7:0], Q = \main_memory[197] [7:0]).
Adding EN signal on $memory\main_memory[197]$2748 ($dff) from module $paramod$72aa32f6215a5e7f33ea8e69cece12e4d4e95dbe\main_memory (D = $0$memwr$\main_memory$code/main_memory.sv:144$339_DATA[31:0]$359 [15:8], Q = \main_memory[197] [15:8]).
Adding EN signal on $memory\main_memory[197]$2748 ($dff) from module $paramod$72aa32f6215a5e7f33ea8e69cece12e4d4e95dbe\main_memory (D = $0$memwr$\main_memory$code/main_memory.sv:144$340_DATA[31:0]$362 [23:16], Q = \main_memory[197] [23:16]).
Adding EN signal on $memory\main_memory[197]$2748 ($dff) from module $paramod$72aa32f6215a5e7f33ea8e69cece12e4d4e95dbe\main_memory (D = $0$memwr$\main_memory$code/main_memory.sv:144$341_DATA[31:0]$365 [31:24], Q = \main_memory[197] [31:24]).
Adding EN signal on $memory\main_memory[198]$2750 ($dff) from module $paramod$72aa32f6215a5e7f33ea8e69cece12e4d4e95dbe\main_memory (D = $0$memwr$\main_memory$code/main_memory.sv:144$338_DATA[31:0]$356 [7:0], Q = \main_memory[198] [7:0]).
Adding EN signal on $memory\main_memory[198]$2750 ($dff) from module $paramod$72aa32f6215a5e7f33ea8e69cece12e4d4e95dbe\main_memory (D = $0$memwr$\main_memory$code/main_memory.sv:144$339_DATA[31:0]$359 [15:8], Q = \main_memory[198] [15:8]).
Adding EN signal on $memory\main_memory[198]$2750 ($dff) from module $paramod$72aa32f6215a5e7f33ea8e69cece12e4d4e95dbe\main_memory (D = $0$memwr$\main_memory$code/main_memory.sv:144$340_DATA[31:0]$362 [23:16], Q = \main_memory[198] [23:16]).
Adding EN signal on $memory\main_memory[198]$2750 ($dff) from module $paramod$72aa32f6215a5e7f33ea8e69cece12e4d4e95dbe\main_memory (D = $0$memwr$\main_memory$code/main_memory.sv:144$341_DATA[31:0]$365 [31:24], Q = \main_memory[198] [31:24]).
Adding EN signal on $memory\main_memory[199]$2752 ($dff) from module $paramod$72aa32f6215a5e7f33ea8e69cece12e4d4e95dbe\main_memory (D = $0$memwr$\main_memory$code/main_memory.sv:144$338_DATA[31:0]$356 [7:0], Q = \main_memory[199] [7:0]).
Adding EN signal on $memory\main_memory[199]$2752 ($dff) from module $paramod$72aa32f6215a5e7f33ea8e69cece12e4d4e95dbe\main_memory (D = $0$memwr$\main_memory$code/main_memory.sv:144$339_DATA[31:0]$359 [15:8], Q = \main_memory[199] [15:8]).
Adding EN signal on $memory\main_memory[199]$2752 ($dff) from module $paramod$72aa32f6215a5e7f33ea8e69cece12e4d4e95dbe\main_memory (D = $0$memwr$\main_memory$code/main_memory.sv:144$340_DATA[31:0]$362 [23:16], Q = \main_memory[199] [23:16]).
Adding EN signal on $memory\main_memory[199]$2752 ($dff) from module $paramod$72aa32f6215a5e7f33ea8e69cece12e4d4e95dbe\main_memory (D = $0$memwr$\main_memory$code/main_memory.sv:144$341_DATA[31:0]$365 [31:24], Q = \main_memory[199] [31:24]).
Adding EN signal on $memory\main_memory[200]$2754 ($dff) from module $paramod$72aa32f6215a5e7f33ea8e69cece12e4d4e95dbe\main_memory (D = $0$memwr$\main_memory$code/main_memory.sv:144$338_DATA[31:0]$356 [7:0], Q = \main_memory[200] [7:0]).
Adding EN signal on $memory\main_memory[200]$2754 ($dff) from module $paramod$72aa32f6215a5e7f33ea8e69cece12e4d4e95dbe\main_memory (D = $0$memwr$\main_memory$code/main_memory.sv:144$339_DATA[31:0]$359 [15:8], Q = \main_memory[200] [15:8]).
Adding EN signal on $memory\main_memory[200]$2754 ($dff) from module $paramod$72aa32f6215a5e7f33ea8e69cece12e4d4e95dbe\main_memory (D = $0$memwr$\main_memory$code/main_memory.sv:144$340_DATA[31:0]$362 [23:16], Q = \main_memory[200] [23:16]).
Adding EN signal on $memory\main_memory[200]$2754 ($dff) from module $paramod$72aa32f6215a5e7f33ea8e69cece12e4d4e95dbe\main_memory (D = $0$memwr$\main_memory$code/main_memory.sv:144$341_DATA[31:0]$365 [31:24], Q = \main_memory[200] [31:24]).
Adding EN signal on $memory\main_memory[201]$2756 ($dff) from module $paramod$72aa32f6215a5e7f33ea8e69cece12e4d4e95dbe\main_memory (D = $0$memwr$\main_memory$code/main_memory.sv:144$338_DATA[31:0]$356 [7:0], Q = \main_memory[201] [7:0]).
Adding EN signal on $memory\main_memory[201]$2756 ($dff) from module $paramod$72aa32f6215a5e7f33ea8e69cece12e4d4e95dbe\main_memory (D = $0$memwr$\main_memory$code/main_memory.sv:144$339_DATA[31:0]$359 [15:8], Q = \main_memory[201] [15:8]).
Adding EN signal on $memory\main_memory[201]$2756 ($dff) from module $paramod$72aa32f6215a5e7f33ea8e69cece12e4d4e95dbe\main_memory (D = $0$memwr$\main_memory$code/main_memory.sv:144$340_DATA[31:0]$362 [23:16], Q = \main_memory[201] [23:16]).
Adding EN signal on $memory\main_memory[201]$2756 ($dff) from module $paramod$72aa32f6215a5e7f33ea8e69cece12e4d4e95dbe\main_memory (D = $0$memwr$\main_memory$code/main_memory.sv:144$341_DATA[31:0]$365 [31:24], Q = \main_memory[201] [31:24]).
Adding EN signal on $memory\main_memory[202]$2758 ($dff) from module $paramod$72aa32f6215a5e7f33ea8e69cece12e4d4e95dbe\main_memory (D = $0$memwr$\main_memory$code/main_memory.sv:144$338_DATA[31:0]$356 [7:0], Q = \main_memory[202] [7:0]).
Adding EN signal on $memory\main_memory[202]$2758 ($dff) from module $paramod$72aa32f6215a5e7f33ea8e69cece12e4d4e95dbe\main_memory (D = $0$memwr$\main_memory$code/main_memory.sv:144$339_DATA[31:0]$359 [15:8], Q = \main_memory[202] [15:8]).
Adding EN signal on $memory\main_memory[202]$2758 ($dff) from module $paramod$72aa32f6215a5e7f33ea8e69cece12e4d4e95dbe\main_memory (D = $0$memwr$\main_memory$code/main_memory.sv:144$340_DATA[31:0]$362 [23:16], Q = \main_memory[202] [23:16]).
Adding EN signal on $memory\main_memory[202]$2758 ($dff) from module $paramod$72aa32f6215a5e7f33ea8e69cece12e4d4e95dbe\main_memory (D = $0$memwr$\main_memory$code/main_memory.sv:144$341_DATA[31:0]$365 [31:24], Q = \main_memory[202] [31:24]).
Adding EN signal on $memory\main_memory[203]$2760 ($dff) from module $paramod$72aa32f6215a5e7f33ea8e69cece12e4d4e95dbe\main_memory (D = $0$memwr$\main_memory$code/main_memory.sv:144$338_DATA[31:0]$356 [7:0], Q = \main_memory[203] [7:0]).
Adding EN signal on $memory\main_memory[203]$2760 ($dff) from module $paramod$72aa32f6215a5e7f33ea8e69cece12e4d4e95dbe\main_memory (D = $0$memwr$\main_memory$code/main_memory.sv:144$339_DATA[31:0]$359 [15:8], Q = \main_memory[203] [15:8]).
Adding EN signal on $memory\main_memory[203]$2760 ($dff) from module $paramod$72aa32f6215a5e7f33ea8e69cece12e4d4e95dbe\main_memory (D = $0$memwr$\main_memory$code/main_memory.sv:144$340_DATA[31:0]$362 [23:16], Q = \main_memory[203] [23:16]).
Adding EN signal on $memory\main_memory[203]$2760 ($dff) from module $paramod$72aa32f6215a5e7f33ea8e69cece12e4d4e95dbe\main_memory (D = $0$memwr$\main_memory$code/main_memory.sv:144$341_DATA[31:0]$365 [31:24], Q = \main_memory[203] [31:24]).
Adding EN signal on $memory\main_memory[204]$2762 ($dff) from module $paramod$72aa32f6215a5e7f33ea8e69cece12e4d4e95dbe\main_memory (D = $0$memwr$\main_memory$code/main_memory.sv:144$338_DATA[31:0]$356 [7:0], Q = \main_memory[204] [7:0]).
Adding EN signal on $memory\main_memory[204]$2762 ($dff) from module $paramod$72aa32f6215a5e7f33ea8e69cece12e4d4e95dbe\main_memory (D = $0$memwr$\main_memory$code/main_memory.sv:144$339_DATA[31:0]$359 [15:8], Q = \main_memory[204] [15:8]).
Adding EN signal on $memory\main_memory[204]$2762 ($dff) from module $paramod$72aa32f6215a5e7f33ea8e69cece12e4d4e95dbe\main_memory (D = $0$memwr$\main_memory$code/main_memory.sv:144$340_DATA[31:0]$362 [23:16], Q = \main_memory[204] [23:16]).
Adding EN signal on $memory\main_memory[204]$2762 ($dff) from module $paramod$72aa32f6215a5e7f33ea8e69cece12e4d4e95dbe\main_memory (D = $0$memwr$\main_memory$code/main_memory.sv:144$341_DATA[31:0]$365 [31:24], Q = \main_memory[204] [31:24]).
Adding EN signal on $memory\main_memory[205]$2764 ($dff) from module $paramod$72aa32f6215a5e7f33ea8e69cece12e4d4e95dbe\main_memory (D = $0$memwr$\main_memory$code/main_memory.sv:144$338_DATA[31:0]$356 [7:0], Q = \main_memory[205] [7:0]).
Adding EN signal on $memory\main_memory[205]$2764 ($dff) from module $paramod$72aa32f6215a5e7f33ea8e69cece12e4d4e95dbe\main_memory (D = $0$memwr$\main_memory$code/main_memory.sv:144$339_DATA[31:0]$359 [15:8], Q = \main_memory[205] [15:8]).
Adding EN signal on $memory\main_memory[205]$2764 ($dff) from module $paramod$72aa32f6215a5e7f33ea8e69cece12e4d4e95dbe\main_memory (D = $0$memwr$\main_memory$code/main_memory.sv:144$340_DATA[31:0]$362 [23:16], Q = \main_memory[205] [23:16]).
Adding EN signal on $memory\main_memory[205]$2764 ($dff) from module $paramod$72aa32f6215a5e7f33ea8e69cece12e4d4e95dbe\main_memory (D = $0$memwr$\main_memory$code/main_memory.sv:144$341_DATA[31:0]$365 [31:24], Q = \main_memory[205] [31:24]).
Adding EN signal on $memory\main_memory[206]$2766 ($dff) from module $paramod$72aa32f6215a5e7f33ea8e69cece12e4d4e95dbe\main_memory (D = $0$memwr$\main_memory$code/main_memory.sv:144$338_DATA[31:0]$356 [7:0], Q = \main_memory[206] [7:0]).
Adding EN signal on $memory\main_memory[206]$2766 ($dff) from module $paramod$72aa32f6215a5e7f33ea8e69cece12e4d4e95dbe\main_memory (D = $0$memwr$\main_memory$code/main_memory.sv:144$339_DATA[31:0]$359 [15:8], Q = \main_memory[206] [15:8]).
Adding EN signal on $memory\main_memory[206]$2766 ($dff) from module $paramod$72aa32f6215a5e7f33ea8e69cece12e4d4e95dbe\main_memory (D = $0$memwr$\main_memory$code/main_memory.sv:144$340_DATA[31:0]$362 [23:16], Q = \main_memory[206] [23:16]).
Adding EN signal on $memory\main_memory[206]$2766 ($dff) from module $paramod$72aa32f6215a5e7f33ea8e69cece12e4d4e95dbe\main_memory (D = $0$memwr$\main_memory$code/main_memory.sv:144$341_DATA[31:0]$365 [31:24], Q = \main_memory[206] [31:24]).
Adding EN signal on $memory\main_memory[207]$2768 ($dff) from module $paramod$72aa32f6215a5e7f33ea8e69cece12e4d4e95dbe\main_memory (D = $0$memwr$\main_memory$code/main_memory.sv:144$338_DATA[31:0]$356 [7:0], Q = \main_memory[207] [7:0]).
Adding EN signal on $memory\main_memory[207]$2768 ($dff) from module $paramod$72aa32f6215a5e7f33ea8e69cece12e4d4e95dbe\main_memory (D = $0$memwr$\main_memory$code/main_memory.sv:144$339_DATA[31:0]$359 [15:8], Q = \main_memory[207] [15:8]).
Adding EN signal on $memory\main_memory[207]$2768 ($dff) from module $paramod$72aa32f6215a5e7f33ea8e69cece12e4d4e95dbe\main_memory (D = $0$memwr$\main_memory$code/main_memory.sv:144$340_DATA[31:0]$362 [23:16], Q = \main_memory[207] [23:16]).
Adding EN signal on $memory\main_memory[207]$2768 ($dff) from module $paramod$72aa32f6215a5e7f33ea8e69cece12e4d4e95dbe\main_memory (D = $0$memwr$\main_memory$code/main_memory.sv:144$341_DATA[31:0]$365 [31:24], Q = \main_memory[207] [31:24]).
Adding EN signal on $memory\main_memory[208]$2770 ($dff) from module $paramod$72aa32f6215a5e7f33ea8e69cece12e4d4e95dbe\main_memory (D = $0$memwr$\main_memory$code/main_memory.sv:144$338_DATA[31:0]$356 [7:0], Q = \main_memory[208] [7:0]).
Adding EN signal on $memory\main_memory[208]$2770 ($dff) from module $paramod$72aa32f6215a5e7f33ea8e69cece12e4d4e95dbe\main_memory (D = $0$memwr$\main_memory$code/main_memory.sv:144$339_DATA[31:0]$359 [15:8], Q = \main_memory[208] [15:8]).
Adding EN signal on $memory\main_memory[208]$2770 ($dff) from module $paramod$72aa32f6215a5e7f33ea8e69cece12e4d4e95dbe\main_memory (D = $0$memwr$\main_memory$code/main_memory.sv:144$340_DATA[31:0]$362 [23:16], Q = \main_memory[208] [23:16]).
Adding EN signal on $memory\main_memory[208]$2770 ($dff) from module $paramod$72aa32f6215a5e7f33ea8e69cece12e4d4e95dbe\main_memory (D = $0$memwr$\main_memory$code/main_memory.sv:144$341_DATA[31:0]$365 [31:24], Q = \main_memory[208] [31:24]).
Adding EN signal on $memory\main_memory[209]$2772 ($dff) from module $paramod$72aa32f6215a5e7f33ea8e69cece12e4d4e95dbe\main_memory (D = $0$memwr$\main_memory$code/main_memory.sv:144$338_DATA[31:0]$356 [7:0], Q = \main_memory[209] [7:0]).
Adding EN signal on $memory\main_memory[209]$2772 ($dff) from module $paramod$72aa32f6215a5e7f33ea8e69cece12e4d4e95dbe\main_memory (D = $0$memwr$\main_memory$code/main_memory.sv:144$339_DATA[31:0]$359 [15:8], Q = \main_memory[209] [15:8]).
Adding EN signal on $memory\main_memory[209]$2772 ($dff) from module $paramod$72aa32f6215a5e7f33ea8e69cece12e4d4e95dbe\main_memory (D = $0$memwr$\main_memory$code/main_memory.sv:144$340_DATA[31:0]$362 [23:16], Q = \main_memory[209] [23:16]).
Adding EN signal on $memory\main_memory[209]$2772 ($dff) from module $paramod$72aa32f6215a5e7f33ea8e69cece12e4d4e95dbe\main_memory (D = $0$memwr$\main_memory$code/main_memory.sv:144$341_DATA[31:0]$365 [31:24], Q = \main_memory[209] [31:24]).
Adding EN signal on $memory\main_memory[210]$2774 ($dff) from module $paramod$72aa32f6215a5e7f33ea8e69cece12e4d4e95dbe\main_memory (D = $0$memwr$\main_memory$code/main_memory.sv:144$338_DATA[31:0]$356 [7:0], Q = \main_memory[210] [7:0]).
Adding EN signal on $memory\main_memory[210]$2774 ($dff) from module $paramod$72aa32f6215a5e7f33ea8e69cece12e4d4e95dbe\main_memory (D = $0$memwr$\main_memory$code/main_memory.sv:144$339_DATA[31:0]$359 [15:8], Q = \main_memory[210] [15:8]).
Adding EN signal on $memory\main_memory[210]$2774 ($dff) from module $paramod$72aa32f6215a5e7f33ea8e69cece12e4d4e95dbe\main_memory (D = $0$memwr$\main_memory$code/main_memory.sv:144$340_DATA[31:0]$362 [23:16], Q = \main_memory[210] [23:16]).
Adding EN signal on $memory\main_memory[210]$2774 ($dff) from module $paramod$72aa32f6215a5e7f33ea8e69cece12e4d4e95dbe\main_memory (D = $0$memwr$\main_memory$code/main_memory.sv:144$341_DATA[31:0]$365 [31:24], Q = \main_memory[210] [31:24]).
Adding EN signal on $memory\main_memory[211]$2776 ($dff) from module $paramod$72aa32f6215a5e7f33ea8e69cece12e4d4e95dbe\main_memory (D = $0$memwr$\main_memory$code/main_memory.sv:144$338_DATA[31:0]$356 [7:0], Q = \main_memory[211] [7:0]).
Adding EN signal on $memory\main_memory[211]$2776 ($dff) from module $paramod$72aa32f6215a5e7f33ea8e69cece12e4d4e95dbe\main_memory (D = $0$memwr$\main_memory$code/main_memory.sv:144$339_DATA[31:0]$359 [15:8], Q = \main_memory[211] [15:8]).
Adding EN signal on $memory\main_memory[211]$2776 ($dff) from module $paramod$72aa32f6215a5e7f33ea8e69cece12e4d4e95dbe\main_memory (D = $0$memwr$\main_memory$code/main_memory.sv:144$340_DATA[31:0]$362 [23:16], Q = \main_memory[211] [23:16]).
Adding EN signal on $memory\main_memory[211]$2776 ($dff) from module $paramod$72aa32f6215a5e7f33ea8e69cece12e4d4e95dbe\main_memory (D = $0$memwr$\main_memory$code/main_memory.sv:144$341_DATA[31:0]$365 [31:24], Q = \main_memory[211] [31:24]).
Adding EN signal on $memory\main_memory[212]$2778 ($dff) from module $paramod$72aa32f6215a5e7f33ea8e69cece12e4d4e95dbe\main_memory (D = $0$memwr$\main_memory$code/main_memory.sv:144$338_DATA[31:0]$356 [7:0], Q = \main_memory[212] [7:0]).
Adding EN signal on $memory\main_memory[212]$2778 ($dff) from module $paramod$72aa32f6215a5e7f33ea8e69cece12e4d4e95dbe\main_memory (D = $0$memwr$\main_memory$code/main_memory.sv:144$339_DATA[31:0]$359 [15:8], Q = \main_memory[212] [15:8]).
Adding EN signal on $memory\main_memory[212]$2778 ($dff) from module $paramod$72aa32f6215a5e7f33ea8e69cece12e4d4e95dbe\main_memory (D = $0$memwr$\main_memory$code/main_memory.sv:144$340_DATA[31:0]$362 [23:16], Q = \main_memory[212] [23:16]).
Adding EN signal on $memory\main_memory[212]$2778 ($dff) from module $paramod$72aa32f6215a5e7f33ea8e69cece12e4d4e95dbe\main_memory (D = $0$memwr$\main_memory$code/main_memory.sv:144$341_DATA[31:0]$365 [31:24], Q = \main_memory[212] [31:24]).
Adding EN signal on $memory\main_memory[213]$2780 ($dff) from module $paramod$72aa32f6215a5e7f33ea8e69cece12e4d4e95dbe\main_memory (D = $0$memwr$\main_memory$code/main_memory.sv:144$338_DATA[31:0]$356 [7:0], Q = \main_memory[213] [7:0]).
Adding EN signal on $memory\main_memory[213]$2780 ($dff) from module $paramod$72aa32f6215a5e7f33ea8e69cece12e4d4e95dbe\main_memory (D = $0$memwr$\main_memory$code/main_memory.sv:144$339_DATA[31:0]$359 [15:8], Q = \main_memory[213] [15:8]).
Adding EN signal on $memory\main_memory[213]$2780 ($dff) from module $paramod$72aa32f6215a5e7f33ea8e69cece12e4d4e95dbe\main_memory (D = $0$memwr$\main_memory$code/main_memory.sv:144$340_DATA[31:0]$362 [23:16], Q = \main_memory[213] [23:16]).
Adding EN signal on $memory\main_memory[213]$2780 ($dff) from module $paramod$72aa32f6215a5e7f33ea8e69cece12e4d4e95dbe\main_memory (D = $0$memwr$\main_memory$code/main_memory.sv:144$341_DATA[31:0]$365 [31:24], Q = \main_memory[213] [31:24]).
Adding EN signal on $memory\main_memory[214]$2782 ($dff) from module $paramod$72aa32f6215a5e7f33ea8e69cece12e4d4e95dbe\main_memory (D = $0$memwr$\main_memory$code/main_memory.sv:144$338_DATA[31:0]$356 [7:0], Q = \main_memory[214] [7:0]).
Adding EN signal on $memory\main_memory[214]$2782 ($dff) from module $paramod$72aa32f6215a5e7f33ea8e69cece12e4d4e95dbe\main_memory (D = $0$memwr$\main_memory$code/main_memory.sv:144$339_DATA[31:0]$359 [15:8], Q = \main_memory[214] [15:8]).
Adding EN signal on $memory\main_memory[214]$2782 ($dff) from module $paramod$72aa32f6215a5e7f33ea8e69cece12e4d4e95dbe\main_memory (D = $0$memwr$\main_memory$code/main_memory.sv:144$340_DATA[31:0]$362 [23:16], Q = \main_memory[214] [23:16]).
Adding EN signal on $memory\main_memory[214]$2782 ($dff) from module $paramod$72aa32f6215a5e7f33ea8e69cece12e4d4e95dbe\main_memory (D = $0$memwr$\main_memory$code/main_memory.sv:144$341_DATA[31:0]$365 [31:24], Q = \main_memory[214] [31:24]).
Adding EN signal on $memory\main_memory[215]$2784 ($dff) from module $paramod$72aa32f6215a5e7f33ea8e69cece12e4d4e95dbe\main_memory (D = $0$memwr$\main_memory$code/main_memory.sv:144$338_DATA[31:0]$356 [7:0], Q = \main_memory[215] [7:0]).
Adding EN signal on $memory\main_memory[215]$2784 ($dff) from module $paramod$72aa32f6215a5e7f33ea8e69cece12e4d4e95dbe\main_memory (D = $0$memwr$\main_memory$code/main_memory.sv:144$339_DATA[31:0]$359 [15:8], Q = \main_memory[215] [15:8]).
Adding EN signal on $memory\main_memory[215]$2784 ($dff) from module $paramod$72aa32f6215a5e7f33ea8e69cece12e4d4e95dbe\main_memory (D = $0$memwr$\main_memory$code/main_memory.sv:144$340_DATA[31:0]$362 [23:16], Q = \main_memory[215] [23:16]).
Adding EN signal on $memory\main_memory[215]$2784 ($dff) from module $paramod$72aa32f6215a5e7f33ea8e69cece12e4d4e95dbe\main_memory (D = $0$memwr$\main_memory$code/main_memory.sv:144$341_DATA[31:0]$365 [31:24], Q = \main_memory[215] [31:24]).
Adding EN signal on $memory\main_memory[216]$2786 ($dff) from module $paramod$72aa32f6215a5e7f33ea8e69cece12e4d4e95dbe\main_memory (D = $0$memwr$\main_memory$code/main_memory.sv:144$338_DATA[31:0]$356 [7:0], Q = \main_memory[216] [7:0]).
Adding EN signal on $memory\main_memory[216]$2786 ($dff) from module $paramod$72aa32f6215a5e7f33ea8e69cece12e4d4e95dbe\main_memory (D = $0$memwr$\main_memory$code/main_memory.sv:144$339_DATA[31:0]$359 [15:8], Q = \main_memory[216] [15:8]).
Adding EN signal on $memory\main_memory[216]$2786 ($dff) from module $paramod$72aa32f6215a5e7f33ea8e69cece12e4d4e95dbe\main_memory (D = $0$memwr$\main_memory$code/main_memory.sv:144$340_DATA[31:0]$362 [23:16], Q = \main_memory[216] [23:16]).
Adding EN signal on $memory\main_memory[216]$2786 ($dff) from module $paramod$72aa32f6215a5e7f33ea8e69cece12e4d4e95dbe\main_memory (D = $0$memwr$\main_memory$code/main_memory.sv:144$341_DATA[31:0]$365 [31:24], Q = \main_memory[216] [31:24]).
Adding EN signal on $memory\main_memory[217]$2788 ($dff) from module $paramod$72aa32f6215a5e7f33ea8e69cece12e4d4e95dbe\main_memory (D = $0$memwr$\main_memory$code/main_memory.sv:144$338_DATA[31:0]$356 [7:0], Q = \main_memory[217] [7:0]).
Adding EN signal on $memory\main_memory[217]$2788 ($dff) from module $paramod$72aa32f6215a5e7f33ea8e69cece12e4d4e95dbe\main_memory (D = $0$memwr$\main_memory$code/main_memory.sv:144$339_DATA[31:0]$359 [15:8], Q = \main_memory[217] [15:8]).
Adding EN signal on $memory\main_memory[217]$2788 ($dff) from module $paramod$72aa32f6215a5e7f33ea8e69cece12e4d4e95dbe\main_memory (D = $0$memwr$\main_memory$code/main_memory.sv:144$340_DATA[31:0]$362 [23:16], Q = \main_memory[217] [23:16]).
Adding EN signal on $memory\main_memory[217]$2788 ($dff) from module $paramod$72aa32f6215a5e7f33ea8e69cece12e4d4e95dbe\main_memory (D = $0$memwr$\main_memory$code/main_memory.sv:144$341_DATA[31:0]$365 [31:24], Q = \main_memory[217] [31:24]).
Adding EN signal on $memory\main_memory[218]$2790 ($dff) from module $paramod$72aa32f6215a5e7f33ea8e69cece12e4d4e95dbe\main_memory (D = $0$memwr$\main_memory$code/main_memory.sv:144$338_DATA[31:0]$356 [7:0], Q = \main_memory[218] [7:0]).
Adding EN signal on $memory\main_memory[218]$2790 ($dff) from module $paramod$72aa32f6215a5e7f33ea8e69cece12e4d4e95dbe\main_memory (D = $0$memwr$\main_memory$code/main_memory.sv:144$339_DATA[31:0]$359 [15:8], Q = \main_memory[218] [15:8]).
Adding EN signal on $memory\main_memory[218]$2790 ($dff) from module $paramod$72aa32f6215a5e7f33ea8e69cece12e4d4e95dbe\main_memory (D = $0$memwr$\main_memory$code/main_memory.sv:144$340_DATA[31:0]$362 [23:16], Q = \main_memory[218] [23:16]).
Adding EN signal on $memory\main_memory[218]$2790 ($dff) from module $paramod$72aa32f6215a5e7f33ea8e69cece12e4d4e95dbe\main_memory (D = $0$memwr$\main_memory$code/main_memory.sv:144$341_DATA[31:0]$365 [31:24], Q = \main_memory[218] [31:24]).
Adding EN signal on $memory\main_memory[219]$2792 ($dff) from module $paramod$72aa32f6215a5e7f33ea8e69cece12e4d4e95dbe\main_memory (D = $0$memwr$\main_memory$code/main_memory.sv:144$338_DATA[31:0]$356 [7:0], Q = \main_memory[219] [7:0]).
Adding EN signal on $memory\main_memory[219]$2792 ($dff) from module $paramod$72aa32f6215a5e7f33ea8e69cece12e4d4e95dbe\main_memory (D = $0$memwr$\main_memory$code/main_memory.sv:144$339_DATA[31:0]$359 [15:8], Q = \main_memory[219] [15:8]).
Adding EN signal on $memory\main_memory[219]$2792 ($dff) from module $paramod$72aa32f6215a5e7f33ea8e69cece12e4d4e95dbe\main_memory (D = $0$memwr$\main_memory$code/main_memory.sv:144$340_DATA[31:0]$362 [23:16], Q = \main_memory[219] [23:16]).
Adding EN signal on $memory\main_memory[219]$2792 ($dff) from module $paramod$72aa32f6215a5e7f33ea8e69cece12e4d4e95dbe\main_memory (D = $0$memwr$\main_memory$code/main_memory.sv:144$341_DATA[31:0]$365 [31:24], Q = \main_memory[219] [31:24]).
Adding EN signal on $memory\main_memory[220]$2794 ($dff) from module $paramod$72aa32f6215a5e7f33ea8e69cece12e4d4e95dbe\main_memory (D = $0$memwr$\main_memory$code/main_memory.sv:144$338_DATA[31:0]$356 [7:0], Q = \main_memory[220] [7:0]).
Adding EN signal on $memory\main_memory[220]$2794 ($dff) from module $paramod$72aa32f6215a5e7f33ea8e69cece12e4d4e95dbe\main_memory (D = $0$memwr$\main_memory$code/main_memory.sv:144$339_DATA[31:0]$359 [15:8], Q = \main_memory[220] [15:8]).
Adding EN signal on $memory\main_memory[220]$2794 ($dff) from module $paramod$72aa32f6215a5e7f33ea8e69cece12e4d4e95dbe\main_memory (D = $0$memwr$\main_memory$code/main_memory.sv:144$340_DATA[31:0]$362 [23:16], Q = \main_memory[220] [23:16]).
Adding EN signal on $memory\main_memory[220]$2794 ($dff) from module $paramod$72aa32f6215a5e7f33ea8e69cece12e4d4e95dbe\main_memory (D = $0$memwr$\main_memory$code/main_memory.sv:144$341_DATA[31:0]$365 [31:24], Q = \main_memory[220] [31:24]).
Adding EN signal on $memory\main_memory[221]$2796 ($dff) from module $paramod$72aa32f6215a5e7f33ea8e69cece12e4d4e95dbe\main_memory (D = $0$memwr$\main_memory$code/main_memory.sv:144$338_DATA[31:0]$356 [7:0], Q = \main_memory[221] [7:0]).
Adding EN signal on $memory\main_memory[221]$2796 ($dff) from module $paramod$72aa32f6215a5e7f33ea8e69cece12e4d4e95dbe\main_memory (D = $0$memwr$\main_memory$code/main_memory.sv:144$339_DATA[31:0]$359 [15:8], Q = \main_memory[221] [15:8]).
Adding EN signal on $memory\main_memory[221]$2796 ($dff) from module $paramod$72aa32f6215a5e7f33ea8e69cece12e4d4e95dbe\main_memory (D = $0$memwr$\main_memory$code/main_memory.sv:144$340_DATA[31:0]$362 [23:16], Q = \main_memory[221] [23:16]).
Adding EN signal on $memory\main_memory[221]$2796 ($dff) from module $paramod$72aa32f6215a5e7f33ea8e69cece12e4d4e95dbe\main_memory (D = $0$memwr$\main_memory$code/main_memory.sv:144$341_DATA[31:0]$365 [31:24], Q = \main_memory[221] [31:24]).
Adding EN signal on $memory\main_memory[222]$2798 ($dff) from module $paramod$72aa32f6215a5e7f33ea8e69cece12e4d4e95dbe\main_memory (D = $0$memwr$\main_memory$code/main_memory.sv:144$338_DATA[31:0]$356 [7:0], Q = \main_memory[222] [7:0]).
Adding EN signal on $memory\main_memory[222]$2798 ($dff) from module $paramod$72aa32f6215a5e7f33ea8e69cece12e4d4e95dbe\main_memory (D = $0$memwr$\main_memory$code/main_memory.sv:144$339_DATA[31:0]$359 [15:8], Q = \main_memory[222] [15:8]).
Adding EN signal on $memory\main_memory[222]$2798 ($dff) from module $paramod$72aa32f6215a5e7f33ea8e69cece12e4d4e95dbe\main_memory (D = $0$memwr$\main_memory$code/main_memory.sv:144$340_DATA[31:0]$362 [23:16], Q = \main_memory[222] [23:16]).
Adding EN signal on $memory\main_memory[222]$2798 ($dff) from module $paramod$72aa32f6215a5e7f33ea8e69cece12e4d4e95dbe\main_memory (D = $0$memwr$\main_memory$code/main_memory.sv:144$341_DATA[31:0]$365 [31:24], Q = \main_memory[222] [31:24]).
Adding EN signal on $memory\main_memory[223]$2800 ($dff) from module $paramod$72aa32f6215a5e7f33ea8e69cece12e4d4e95dbe\main_memory (D = $0$memwr$\main_memory$code/main_memory.sv:144$338_DATA[31:0]$356 [7:0], Q = \main_memory[223] [7:0]).
Adding EN signal on $memory\main_memory[223]$2800 ($dff) from module $paramod$72aa32f6215a5e7f33ea8e69cece12e4d4e95dbe\main_memory (D = $0$memwr$\main_memory$code/main_memory.sv:144$339_DATA[31:0]$359 [15:8], Q = \main_memory[223] [15:8]).
Adding EN signal on $memory\main_memory[223]$2800 ($dff) from module $paramod$72aa32f6215a5e7f33ea8e69cece12e4d4e95dbe\main_memory (D = $0$memwr$\main_memory$code/main_memory.sv:144$340_DATA[31:0]$362 [23:16], Q = \main_memory[223] [23:16]).
Adding EN signal on $memory\main_memory[223]$2800 ($dff) from module $paramod$72aa32f6215a5e7f33ea8e69cece12e4d4e95dbe\main_memory (D = $0$memwr$\main_memory$code/main_memory.sv:144$341_DATA[31:0]$365 [31:24], Q = \main_memory[223] [31:24]).
Adding EN signal on $memory\main_memory[224]$2802 ($dff) from module $paramod$72aa32f6215a5e7f33ea8e69cece12e4d4e95dbe\main_memory (D = $0$memwr$\main_memory$code/main_memory.sv:144$338_DATA[31:0]$356 [7:0], Q = \main_memory[224] [7:0]).
Adding EN signal on $memory\main_memory[224]$2802 ($dff) from module $paramod$72aa32f6215a5e7f33ea8e69cece12e4d4e95dbe\main_memory (D = $0$memwr$\main_memory$code/main_memory.sv:144$339_DATA[31:0]$359 [15:8], Q = \main_memory[224] [15:8]).
Adding EN signal on $memory\main_memory[224]$2802 ($dff) from module $paramod$72aa32f6215a5e7f33ea8e69cece12e4d4e95dbe\main_memory (D = $0$memwr$\main_memory$code/main_memory.sv:144$340_DATA[31:0]$362 [23:16], Q = \main_memory[224] [23:16]).
Adding EN signal on $memory\main_memory[224]$2802 ($dff) from module $paramod$72aa32f6215a5e7f33ea8e69cece12e4d4e95dbe\main_memory (D = $0$memwr$\main_memory$code/main_memory.sv:144$341_DATA[31:0]$365 [31:24], Q = \main_memory[224] [31:24]).
Adding EN signal on $memory\main_memory[225]$2804 ($dff) from module $paramod$72aa32f6215a5e7f33ea8e69cece12e4d4e95dbe\main_memory (D = $0$memwr$\main_memory$code/main_memory.sv:144$338_DATA[31:0]$356 [7:0], Q = \main_memory[225] [7:0]).
Adding EN signal on $memory\main_memory[225]$2804 ($dff) from module $paramod$72aa32f6215a5e7f33ea8e69cece12e4d4e95dbe\main_memory (D = $0$memwr$\main_memory$code/main_memory.sv:144$339_DATA[31:0]$359 [15:8], Q = \main_memory[225] [15:8]).
Adding EN signal on $memory\main_memory[225]$2804 ($dff) from module $paramod$72aa32f6215a5e7f33ea8e69cece12e4d4e95dbe\main_memory (D = $0$memwr$\main_memory$code/main_memory.sv:144$340_DATA[31:0]$362 [23:16], Q = \main_memory[225] [23:16]).
Adding EN signal on $memory\main_memory[225]$2804 ($dff) from module $paramod$72aa32f6215a5e7f33ea8e69cece12e4d4e95dbe\main_memory (D = $0$memwr$\main_memory$code/main_memory.sv:144$341_DATA[31:0]$365 [31:24], Q = \main_memory[225] [31:24]).
Adding EN signal on $memory\main_memory[226]$2806 ($dff) from module $paramod$72aa32f6215a5e7f33ea8e69cece12e4d4e95dbe\main_memory (D = $0$memwr$\main_memory$code/main_memory.sv:144$338_DATA[31:0]$356 [7:0], Q = \main_memory[226] [7:0]).
Adding EN signal on $memory\main_memory[226]$2806 ($dff) from module $paramod$72aa32f6215a5e7f33ea8e69cece12e4d4e95dbe\main_memory (D = $0$memwr$\main_memory$code/main_memory.sv:144$339_DATA[31:0]$359 [15:8], Q = \main_memory[226] [15:8]).
Adding EN signal on $memory\main_memory[226]$2806 ($dff) from module $paramod$72aa32f6215a5e7f33ea8e69cece12e4d4e95dbe\main_memory (D = $0$memwr$\main_memory$code/main_memory.sv:144$340_DATA[31:0]$362 [23:16], Q = \main_memory[226] [23:16]).
Adding EN signal on $memory\main_memory[226]$2806 ($dff) from module $paramod$72aa32f6215a5e7f33ea8e69cece12e4d4e95dbe\main_memory (D = $0$memwr$\main_memory$code/main_memory.sv:144$341_DATA[31:0]$365 [31:24], Q = \main_memory[226] [31:24]).
Adding EN signal on $memory\main_memory[227]$2808 ($dff) from module $paramod$72aa32f6215a5e7f33ea8e69cece12e4d4e95dbe\main_memory (D = $0$memwr$\main_memory$code/main_memory.sv:144$338_DATA[31:0]$356 [7:0], Q = \main_memory[227] [7:0]).
Adding EN signal on $memory\main_memory[227]$2808 ($dff) from module $paramod$72aa32f6215a5e7f33ea8e69cece12e4d4e95dbe\main_memory (D = $0$memwr$\main_memory$code/main_memory.sv:144$339_DATA[31:0]$359 [15:8], Q = \main_memory[227] [15:8]).
Adding EN signal on $memory\main_memory[227]$2808 ($dff) from module $paramod$72aa32f6215a5e7f33ea8e69cece12e4d4e95dbe\main_memory (D = $0$memwr$\main_memory$code/main_memory.sv:144$340_DATA[31:0]$362 [23:16], Q = \main_memory[227] [23:16]).
Adding EN signal on $memory\main_memory[227]$2808 ($dff) from module $paramod$72aa32f6215a5e7f33ea8e69cece12e4d4e95dbe\main_memory (D = $0$memwr$\main_memory$code/main_memory.sv:144$341_DATA[31:0]$365 [31:24], Q = \main_memory[227] [31:24]).
Adding EN signal on $memory\main_memory[228]$2810 ($dff) from module $paramod$72aa32f6215a5e7f33ea8e69cece12e4d4e95dbe\main_memory (D = $0$memwr$\main_memory$code/main_memory.sv:144$338_DATA[31:0]$356 [7:0], Q = \main_memory[228] [7:0]).
Adding EN signal on $memory\main_memory[228]$2810 ($dff) from module $paramod$72aa32f6215a5e7f33ea8e69cece12e4d4e95dbe\main_memory (D = $0$memwr$\main_memory$code/main_memory.sv:144$339_DATA[31:0]$359 [15:8], Q = \main_memory[228] [15:8]).
Adding EN signal on $memory\main_memory[228]$2810 ($dff) from module $paramod$72aa32f6215a5e7f33ea8e69cece12e4d4e95dbe\main_memory (D = $0$memwr$\main_memory$code/main_memory.sv:144$340_DATA[31:0]$362 [23:16], Q = \main_memory[228] [23:16]).
Adding EN signal on $memory\main_memory[228]$2810 ($dff) from module $paramod$72aa32f6215a5e7f33ea8e69cece12e4d4e95dbe\main_memory (D = $0$memwr$\main_memory$code/main_memory.sv:144$341_DATA[31:0]$365 [31:24], Q = \main_memory[228] [31:24]).
Adding EN signal on $memory\main_memory[229]$2812 ($dff) from module $paramod$72aa32f6215a5e7f33ea8e69cece12e4d4e95dbe\main_memory (D = $0$memwr$\main_memory$code/main_memory.sv:144$338_DATA[31:0]$356 [7:0], Q = \main_memory[229] [7:0]).
Adding EN signal on $memory\main_memory[229]$2812 ($dff) from module $paramod$72aa32f6215a5e7f33ea8e69cece12e4d4e95dbe\main_memory (D = $0$memwr$\main_memory$code/main_memory.sv:144$339_DATA[31:0]$359 [15:8], Q = \main_memory[229] [15:8]).
Adding EN signal on $memory\main_memory[229]$2812 ($dff) from module $paramod$72aa32f6215a5e7f33ea8e69cece12e4d4e95dbe\main_memory (D = $0$memwr$\main_memory$code/main_memory.sv:144$340_DATA[31:0]$362 [23:16], Q = \main_memory[229] [23:16]).
Adding EN signal on $memory\main_memory[229]$2812 ($dff) from module $paramod$72aa32f6215a5e7f33ea8e69cece12e4d4e95dbe\main_memory (D = $0$memwr$\main_memory$code/main_memory.sv:144$341_DATA[31:0]$365 [31:24], Q = \main_memory[229] [31:24]).
Adding EN signal on $memory\main_memory[230]$2814 ($dff) from module $paramod$72aa32f6215a5e7f33ea8e69cece12e4d4e95dbe\main_memory (D = $0$memwr$\main_memory$code/main_memory.sv:144$338_DATA[31:0]$356 [7:0], Q = \main_memory[230] [7:0]).
Adding EN signal on $memory\main_memory[230]$2814 ($dff) from module $paramod$72aa32f6215a5e7f33ea8e69cece12e4d4e95dbe\main_memory (D = $0$memwr$\main_memory$code/main_memory.sv:144$339_DATA[31:0]$359 [15:8], Q = \main_memory[230] [15:8]).
Adding EN signal on $memory\main_memory[230]$2814 ($dff) from module $paramod$72aa32f6215a5e7f33ea8e69cece12e4d4e95dbe\main_memory (D = $0$memwr$\main_memory$code/main_memory.sv:144$340_DATA[31:0]$362 [23:16], Q = \main_memory[230] [23:16]).
Adding EN signal on $memory\main_memory[230]$2814 ($dff) from module $paramod$72aa32f6215a5e7f33ea8e69cece12e4d4e95dbe\main_memory (D = $0$memwr$\main_memory$code/main_memory.sv:144$341_DATA[31:0]$365 [31:24], Q = \main_memory[230] [31:24]).
Adding EN signal on $memory\main_memory[231]$2816 ($dff) from module $paramod$72aa32f6215a5e7f33ea8e69cece12e4d4e95dbe\main_memory (D = $0$memwr$\main_memory$code/main_memory.sv:144$338_DATA[31:0]$356 [7:0], Q = \main_memory[231] [7:0]).
Adding EN signal on $memory\main_memory[231]$2816 ($dff) from module $paramod$72aa32f6215a5e7f33ea8e69cece12e4d4e95dbe\main_memory (D = $0$memwr$\main_memory$code/main_memory.sv:144$339_DATA[31:0]$359 [15:8], Q = \main_memory[231] [15:8]).
Adding EN signal on $memory\main_memory[231]$2816 ($dff) from module $paramod$72aa32f6215a5e7f33ea8e69cece12e4d4e95dbe\main_memory (D = $0$memwr$\main_memory$code/main_memory.sv:144$340_DATA[31:0]$362 [23:16], Q = \main_memory[231] [23:16]).
Adding EN signal on $memory\main_memory[231]$2816 ($dff) from module $paramod$72aa32f6215a5e7f33ea8e69cece12e4d4e95dbe\main_memory (D = $0$memwr$\main_memory$code/main_memory.sv:144$341_DATA[31:0]$365 [31:24], Q = \main_memory[231] [31:24]).
Adding EN signal on $memory\main_memory[232]$2818 ($dff) from module $paramod$72aa32f6215a5e7f33ea8e69cece12e4d4e95dbe\main_memory (D = $0$memwr$\main_memory$code/main_memory.sv:144$338_DATA[31:0]$356 [7:0], Q = \main_memory[232] [7:0]).
Adding EN signal on $memory\main_memory[232]$2818 ($dff) from module $paramod$72aa32f6215a5e7f33ea8e69cece12e4d4e95dbe\main_memory (D = $0$memwr$\main_memory$code/main_memory.sv:144$339_DATA[31:0]$359 [15:8], Q = \main_memory[232] [15:8]).
Adding EN signal on $memory\main_memory[232]$2818 ($dff) from module $paramod$72aa32f6215a5e7f33ea8e69cece12e4d4e95dbe\main_memory (D = $0$memwr$\main_memory$code/main_memory.sv:144$340_DATA[31:0]$362 [23:16], Q = \main_memory[232] [23:16]).
Adding EN signal on $memory\main_memory[232]$2818 ($dff) from module $paramod$72aa32f6215a5e7f33ea8e69cece12e4d4e95dbe\main_memory (D = $0$memwr$\main_memory$code/main_memory.sv:144$341_DATA[31:0]$365 [31:24], Q = \main_memory[232] [31:24]).
Adding EN signal on $memory\main_memory[233]$2820 ($dff) from module $paramod$72aa32f6215a5e7f33ea8e69cece12e4d4e95dbe\main_memory (D = $0$memwr$\main_memory$code/main_memory.sv:144$338_DATA[31:0]$356 [7:0], Q = \main_memory[233] [7:0]).
Adding EN signal on $memory\main_memory[233]$2820 ($dff) from module $paramod$72aa32f6215a5e7f33ea8e69cece12e4d4e95dbe\main_memory (D = $0$memwr$\main_memory$code/main_memory.sv:144$339_DATA[31:0]$359 [15:8], Q = \main_memory[233] [15:8]).
Adding EN signal on $memory\main_memory[233]$2820 ($dff) from module $paramod$72aa32f6215a5e7f33ea8e69cece12e4d4e95dbe\main_memory (D = $0$memwr$\main_memory$code/main_memory.sv:144$340_DATA[31:0]$362 [23:16], Q = \main_memory[233] [23:16]).
Adding EN signal on $memory\main_memory[233]$2820 ($dff) from module $paramod$72aa32f6215a5e7f33ea8e69cece12e4d4e95dbe\main_memory (D = $0$memwr$\main_memory$code/main_memory.sv:144$341_DATA[31:0]$365 [31:24], Q = \main_memory[233] [31:24]).
Adding EN signal on $memory\main_memory[234]$2822 ($dff) from module $paramod$72aa32f6215a5e7f33ea8e69cece12e4d4e95dbe\main_memory (D = $0$memwr$\main_memory$code/main_memory.sv:144$338_DATA[31:0]$356 [7:0], Q = \main_memory[234] [7:0]).
Adding EN signal on $memory\main_memory[234]$2822 ($dff) from module $paramod$72aa32f6215a5e7f33ea8e69cece12e4d4e95dbe\main_memory (D = $0$memwr$\main_memory$code/main_memory.sv:144$339_DATA[31:0]$359 [15:8], Q = \main_memory[234] [15:8]).
Adding EN signal on $memory\main_memory[234]$2822 ($dff) from module $paramod$72aa32f6215a5e7f33ea8e69cece12e4d4e95dbe\main_memory (D = $0$memwr$\main_memory$code/main_memory.sv:144$340_DATA[31:0]$362 [23:16], Q = \main_memory[234] [23:16]).
Adding EN signal on $memory\main_memory[234]$2822 ($dff) from module $paramod$72aa32f6215a5e7f33ea8e69cece12e4d4e95dbe\main_memory (D = $0$memwr$\main_memory$code/main_memory.sv:144$341_DATA[31:0]$365 [31:24], Q = \main_memory[234] [31:24]).
Adding EN signal on $memory\main_memory[235]$2824 ($dff) from module $paramod$72aa32f6215a5e7f33ea8e69cece12e4d4e95dbe\main_memory (D = $0$memwr$\main_memory$code/main_memory.sv:144$338_DATA[31:0]$356 [7:0], Q = \main_memory[235] [7:0]).
Adding EN signal on $memory\main_memory[235]$2824 ($dff) from module $paramod$72aa32f6215a5e7f33ea8e69cece12e4d4e95dbe\main_memory (D = $0$memwr$\main_memory$code/main_memory.sv:144$339_DATA[31:0]$359 [15:8], Q = \main_memory[235] [15:8]).
Adding EN signal on $memory\main_memory[235]$2824 ($dff) from module $paramod$72aa32f6215a5e7f33ea8e69cece12e4d4e95dbe\main_memory (D = $0$memwr$\main_memory$code/main_memory.sv:144$340_DATA[31:0]$362 [23:16], Q = \main_memory[235] [23:16]).
Adding EN signal on $memory\main_memory[235]$2824 ($dff) from module $paramod$72aa32f6215a5e7f33ea8e69cece12e4d4e95dbe\main_memory (D = $0$memwr$\main_memory$code/main_memory.sv:144$341_DATA[31:0]$365 [31:24], Q = \main_memory[235] [31:24]).
Adding EN signal on $memory\main_memory[236]$2826 ($dff) from module $paramod$72aa32f6215a5e7f33ea8e69cece12e4d4e95dbe\main_memory (D = $0$memwr$\main_memory$code/main_memory.sv:144$338_DATA[31:0]$356 [7:0], Q = \main_memory[236] [7:0]).
Adding EN signal on $memory\main_memory[236]$2826 ($dff) from module $paramod$72aa32f6215a5e7f33ea8e69cece12e4d4e95dbe\main_memory (D = $0$memwr$\main_memory$code/main_memory.sv:144$339_DATA[31:0]$359 [15:8], Q = \main_memory[236] [15:8]).
Adding EN signal on $memory\main_memory[236]$2826 ($dff) from module $paramod$72aa32f6215a5e7f33ea8e69cece12e4d4e95dbe\main_memory (D = $0$memwr$\main_memory$code/main_memory.sv:144$340_DATA[31:0]$362 [23:16], Q = \main_memory[236] [23:16]).
Adding EN signal on $memory\main_memory[236]$2826 ($dff) from module $paramod$72aa32f6215a5e7f33ea8e69cece12e4d4e95dbe\main_memory (D = $0$memwr$\main_memory$code/main_memory.sv:144$341_DATA[31:0]$365 [31:24], Q = \main_memory[236] [31:24]).
Adding EN signal on $memory\main_memory[237]$2828 ($dff) from module $paramod$72aa32f6215a5e7f33ea8e69cece12e4d4e95dbe\main_memory (D = $0$memwr$\main_memory$code/main_memory.sv:144$338_DATA[31:0]$356 [7:0], Q = \main_memory[237] [7:0]).
Adding EN signal on $memory\main_memory[237]$2828 ($dff) from module $paramod$72aa32f6215a5e7f33ea8e69cece12e4d4e95dbe\main_memory (D = $0$memwr$\main_memory$code/main_memory.sv:144$339_DATA[31:0]$359 [15:8], Q = \main_memory[237] [15:8]).
Adding EN signal on $memory\main_memory[237]$2828 ($dff) from module $paramod$72aa32f6215a5e7f33ea8e69cece12e4d4e95dbe\main_memory (D = $0$memwr$\main_memory$code/main_memory.sv:144$340_DATA[31:0]$362 [23:16], Q = \main_memory[237] [23:16]).
Adding EN signal on $memory\main_memory[237]$2828 ($dff) from module $paramod$72aa32f6215a5e7f33ea8e69cece12e4d4e95dbe\main_memory (D = $0$memwr$\main_memory$code/main_memory.sv:144$341_DATA[31:0]$365 [31:24], Q = \main_memory[237] [31:24]).
Adding EN signal on $memory\main_memory[238]$2830 ($dff) from module $paramod$72aa32f6215a5e7f33ea8e69cece12e4d4e95dbe\main_memory (D = $0$memwr$\main_memory$code/main_memory.sv:144$338_DATA[31:0]$356 [7:0], Q = \main_memory[238] [7:0]).
Adding EN signal on $memory\main_memory[238]$2830 ($dff) from module $paramod$72aa32f6215a5e7f33ea8e69cece12e4d4e95dbe\main_memory (D = $0$memwr$\main_memory$code/main_memory.sv:144$339_DATA[31:0]$359 [15:8], Q = \main_memory[238] [15:8]).
Adding EN signal on $memory\main_memory[238]$2830 ($dff) from module $paramod$72aa32f6215a5e7f33ea8e69cece12e4d4e95dbe\main_memory (D = $0$memwr$\main_memory$code/main_memory.sv:144$340_DATA[31:0]$362 [23:16], Q = \main_memory[238] [23:16]).
Adding EN signal on $memory\main_memory[238]$2830 ($dff) from module $paramod$72aa32f6215a5e7f33ea8e69cece12e4d4e95dbe\main_memory (D = $0$memwr$\main_memory$code/main_memory.sv:144$341_DATA[31:0]$365 [31:24], Q = \main_memory[238] [31:24]).
Adding EN signal on $memory\main_memory[239]$2832 ($dff) from module $paramod$72aa32f6215a5e7f33ea8e69cece12e4d4e95dbe\main_memory (D = $0$memwr$\main_memory$code/main_memory.sv:144$338_DATA[31:0]$356 [7:0], Q = \main_memory[239] [7:0]).
Adding EN signal on $memory\main_memory[239]$2832 ($dff) from module $paramod$72aa32f6215a5e7f33ea8e69cece12e4d4e95dbe\main_memory (D = $0$memwr$\main_memory$code/main_memory.sv:144$339_DATA[31:0]$359 [15:8], Q = \main_memory[239] [15:8]).
Adding EN signal on $memory\main_memory[239]$2832 ($dff) from module $paramod$72aa32f6215a5e7f33ea8e69cece12e4d4e95dbe\main_memory (D = $0$memwr$\main_memory$code/main_memory.sv:144$340_DATA[31:0]$362 [23:16], Q = \main_memory[239] [23:16]).
Adding EN signal on $memory\main_memory[239]$2832 ($dff) from module $paramod$72aa32f6215a5e7f33ea8e69cece12e4d4e95dbe\main_memory (D = $0$memwr$\main_memory$code/main_memory.sv:144$341_DATA[31:0]$365 [31:24], Q = \main_memory[239] [31:24]).
Adding EN signal on $memory\main_memory[240]$2834 ($dff) from module $paramod$72aa32f6215a5e7f33ea8e69cece12e4d4e95dbe\main_memory (D = $0$memwr$\main_memory$code/main_memory.sv:144$338_DATA[31:0]$356 [7:0], Q = \main_memory[240] [7:0]).
Adding EN signal on $memory\main_memory[240]$2834 ($dff) from module $paramod$72aa32f6215a5e7f33ea8e69cece12e4d4e95dbe\main_memory (D = $0$memwr$\main_memory$code/main_memory.sv:144$339_DATA[31:0]$359 [15:8], Q = \main_memory[240] [15:8]).
Adding EN signal on $memory\main_memory[240]$2834 ($dff) from module $paramod$72aa32f6215a5e7f33ea8e69cece12e4d4e95dbe\main_memory (D = $0$memwr$\main_memory$code/main_memory.sv:144$340_DATA[31:0]$362 [23:16], Q = \main_memory[240] [23:16]).
Adding EN signal on $memory\main_memory[240]$2834 ($dff) from module $paramod$72aa32f6215a5e7f33ea8e69cece12e4d4e95dbe\main_memory (D = $0$memwr$\main_memory$code/main_memory.sv:144$341_DATA[31:0]$365 [31:24], Q = \main_memory[240] [31:24]).
Adding EN signal on $memory\main_memory[241]$2836 ($dff) from module $paramod$72aa32f6215a5e7f33ea8e69cece12e4d4e95dbe\main_memory (D = $0$memwr$\main_memory$code/main_memory.sv:144$338_DATA[31:0]$356 [7:0], Q = \main_memory[241] [7:0]).
Adding EN signal on $memory\main_memory[241]$2836 ($dff) from module $paramod$72aa32f6215a5e7f33ea8e69cece12e4d4e95dbe\main_memory (D = $0$memwr$\main_memory$code/main_memory.sv:144$339_DATA[31:0]$359 [15:8], Q = \main_memory[241] [15:8]).
Adding EN signal on $memory\main_memory[241]$2836 ($dff) from module $paramod$72aa32f6215a5e7f33ea8e69cece12e4d4e95dbe\main_memory (D = $0$memwr$\main_memory$code/main_memory.sv:144$340_DATA[31:0]$362 [23:16], Q = \main_memory[241] [23:16]).
Adding EN signal on $memory\main_memory[241]$2836 ($dff) from module $paramod$72aa32f6215a5e7f33ea8e69cece12e4d4e95dbe\main_memory (D = $0$memwr$\main_memory$code/main_memory.sv:144$341_DATA[31:0]$365 [31:24], Q = \main_memory[241] [31:24]).
Adding EN signal on $memory\main_memory[242]$2838 ($dff) from module $paramod$72aa32f6215a5e7f33ea8e69cece12e4d4e95dbe\main_memory (D = $0$memwr$\main_memory$code/main_memory.sv:144$338_DATA[31:0]$356 [7:0], Q = \main_memory[242] [7:0]).
Adding EN signal on $memory\main_memory[242]$2838 ($dff) from module $paramod$72aa32f6215a5e7f33ea8e69cece12e4d4e95dbe\main_memory (D = $0$memwr$\main_memory$code/main_memory.sv:144$339_DATA[31:0]$359 [15:8], Q = \main_memory[242] [15:8]).
Adding EN signal on $memory\main_memory[242]$2838 ($dff) from module $paramod$72aa32f6215a5e7f33ea8e69cece12e4d4e95dbe\main_memory (D = $0$memwr$\main_memory$code/main_memory.sv:144$340_DATA[31:0]$362 [23:16], Q = \main_memory[242] [23:16]).
Adding EN signal on $memory\main_memory[242]$2838 ($dff) from module $paramod$72aa32f6215a5e7f33ea8e69cece12e4d4e95dbe\main_memory (D = $0$memwr$\main_memory$code/main_memory.sv:144$341_DATA[31:0]$365 [31:24], Q = \main_memory[242] [31:24]).
Adding EN signal on $memory\main_memory[243]$2840 ($dff) from module $paramod$72aa32f6215a5e7f33ea8e69cece12e4d4e95dbe\main_memory (D = $0$memwr$\main_memory$code/main_memory.sv:144$338_DATA[31:0]$356 [7:0], Q = \main_memory[243] [7:0]).
Adding EN signal on $memory\main_memory[243]$2840 ($dff) from module $paramod$72aa32f6215a5e7f33ea8e69cece12e4d4e95dbe\main_memory (D = $0$memwr$\main_memory$code/main_memory.sv:144$339_DATA[31:0]$359 [15:8], Q = \main_memory[243] [15:8]).
Adding EN signal on $memory\main_memory[243]$2840 ($dff) from module $paramod$72aa32f6215a5e7f33ea8e69cece12e4d4e95dbe\main_memory (D = $0$memwr$\main_memory$code/main_memory.sv:144$340_DATA[31:0]$362 [23:16], Q = \main_memory[243] [23:16]).
Adding EN signal on $memory\main_memory[243]$2840 ($dff) from module $paramod$72aa32f6215a5e7f33ea8e69cece12e4d4e95dbe\main_memory (D = $0$memwr$\main_memory$code/main_memory.sv:144$341_DATA[31:0]$365 [31:24], Q = \main_memory[243] [31:24]).
Adding EN signal on $memory\main_memory[244]$2842 ($dff) from module $paramod$72aa32f6215a5e7f33ea8e69cece12e4d4e95dbe\main_memory (D = $0$memwr$\main_memory$code/main_memory.sv:144$338_DATA[31:0]$356 [7:0], Q = \main_memory[244] [7:0]).
Adding EN signal on $memory\main_memory[244]$2842 ($dff) from module $paramod$72aa32f6215a5e7f33ea8e69cece12e4d4e95dbe\main_memory (D = $0$memwr$\main_memory$code/main_memory.sv:144$339_DATA[31:0]$359 [15:8], Q = \main_memory[244] [15:8]).
Adding EN signal on $memory\main_memory[244]$2842 ($dff) from module $paramod$72aa32f6215a5e7f33ea8e69cece12e4d4e95dbe\main_memory (D = $0$memwr$\main_memory$code/main_memory.sv:144$340_DATA[31:0]$362 [23:16], Q = \main_memory[244] [23:16]).
Adding EN signal on $memory\main_memory[244]$2842 ($dff) from module $paramod$72aa32f6215a5e7f33ea8e69cece12e4d4e95dbe\main_memory (D = $0$memwr$\main_memory$code/main_memory.sv:144$341_DATA[31:0]$365 [31:24], Q = \main_memory[244] [31:24]).
Adding EN signal on $memory\main_memory[245]$2844 ($dff) from module $paramod$72aa32f6215a5e7f33ea8e69cece12e4d4e95dbe\main_memory (D = $0$memwr$\main_memory$code/main_memory.sv:144$338_DATA[31:0]$356 [7:0], Q = \main_memory[245] [7:0]).
Adding EN signal on $memory\main_memory[245]$2844 ($dff) from module $paramod$72aa32f6215a5e7f33ea8e69cece12e4d4e95dbe\main_memory (D = $0$memwr$\main_memory$code/main_memory.sv:144$339_DATA[31:0]$359 [15:8], Q = \main_memory[245] [15:8]).
Adding EN signal on $memory\main_memory[245]$2844 ($dff) from module $paramod$72aa32f6215a5e7f33ea8e69cece12e4d4e95dbe\main_memory (D = $0$memwr$\main_memory$code/main_memory.sv:144$340_DATA[31:0]$362 [23:16], Q = \main_memory[245] [23:16]).
Adding EN signal on $memory\main_memory[245]$2844 ($dff) from module $paramod$72aa32f6215a5e7f33ea8e69cece12e4d4e95dbe\main_memory (D = $0$memwr$\main_memory$code/main_memory.sv:144$341_DATA[31:0]$365 [31:24], Q = \main_memory[245] [31:24]).
Adding EN signal on $memory\main_memory[246]$2846 ($dff) from module $paramod$72aa32f6215a5e7f33ea8e69cece12e4d4e95dbe\main_memory (D = $0$memwr$\main_memory$code/main_memory.sv:144$338_DATA[31:0]$356 [7:0], Q = \main_memory[246] [7:0]).
Adding EN signal on $memory\main_memory[246]$2846 ($dff) from module $paramod$72aa32f6215a5e7f33ea8e69cece12e4d4e95dbe\main_memory (D = $0$memwr$\main_memory$code/main_memory.sv:144$339_DATA[31:0]$359 [15:8], Q = \main_memory[246] [15:8]).
Adding EN signal on $memory\main_memory[246]$2846 ($dff) from module $paramod$72aa32f6215a5e7f33ea8e69cece12e4d4e95dbe\main_memory (D = $0$memwr$\main_memory$code/main_memory.sv:144$340_DATA[31:0]$362 [23:16], Q = \main_memory[246] [23:16]).
Adding EN signal on $memory\main_memory[246]$2846 ($dff) from module $paramod$72aa32f6215a5e7f33ea8e69cece12e4d4e95dbe\main_memory (D = $0$memwr$\main_memory$code/main_memory.sv:144$341_DATA[31:0]$365 [31:24], Q = \main_memory[246] [31:24]).
Adding EN signal on $memory\main_memory[247]$2848 ($dff) from module $paramod$72aa32f6215a5e7f33ea8e69cece12e4d4e95dbe\main_memory (D = $0$memwr$\main_memory$code/main_memory.sv:144$338_DATA[31:0]$356 [7:0], Q = \main_memory[247] [7:0]).
Adding EN signal on $memory\main_memory[247]$2848 ($dff) from module $paramod$72aa32f6215a5e7f33ea8e69cece12e4d4e95dbe\main_memory (D = $0$memwr$\main_memory$code/main_memory.sv:144$339_DATA[31:0]$359 [15:8], Q = \main_memory[247] [15:8]).
Adding EN signal on $memory\main_memory[247]$2848 ($dff) from module $paramod$72aa32f6215a5e7f33ea8e69cece12e4d4e95dbe\main_memory (D = $0$memwr$\main_memory$code/main_memory.sv:144$340_DATA[31:0]$362 [23:16], Q = \main_memory[247] [23:16]).
Adding EN signal on $memory\main_memory[247]$2848 ($dff) from module $paramod$72aa32f6215a5e7f33ea8e69cece12e4d4e95dbe\main_memory (D = $0$memwr$\main_memory$code/main_memory.sv:144$341_DATA[31:0]$365 [31:24], Q = \main_memory[247] [31:24]).
Adding EN signal on $memory\main_memory[248]$2850 ($dff) from module $paramod$72aa32f6215a5e7f33ea8e69cece12e4d4e95dbe\main_memory (D = $0$memwr$\main_memory$code/main_memory.sv:144$338_DATA[31:0]$356 [7:0], Q = \main_memory[248] [7:0]).
Adding EN signal on $memory\main_memory[248]$2850 ($dff) from module $paramod$72aa32f6215a5e7f33ea8e69cece12e4d4e95dbe\main_memory (D = $0$memwr$\main_memory$code/main_memory.sv:144$339_DATA[31:0]$359 [15:8], Q = \main_memory[248] [15:8]).
Adding EN signal on $memory\main_memory[248]$2850 ($dff) from module $paramod$72aa32f6215a5e7f33ea8e69cece12e4d4e95dbe\main_memory (D = $0$memwr$\main_memory$code/main_memory.sv:144$340_DATA[31:0]$362 [23:16], Q = \main_memory[248] [23:16]).
Adding EN signal on $memory\main_memory[248]$2850 ($dff) from module $paramod$72aa32f6215a5e7f33ea8e69cece12e4d4e95dbe\main_memory (D = $0$memwr$\main_memory$code/main_memory.sv:144$341_DATA[31:0]$365 [31:24], Q = \main_memory[248] [31:24]).
Adding EN signal on $memory\main_memory[249]$2852 ($dff) from module $paramod$72aa32f6215a5e7f33ea8e69cece12e4d4e95dbe\main_memory (D = $0$memwr$\main_memory$code/main_memory.sv:144$338_DATA[31:0]$356 [7:0], Q = \main_memory[249] [7:0]).
Adding EN signal on $memory\main_memory[249]$2852 ($dff) from module $paramod$72aa32f6215a5e7f33ea8e69cece12e4d4e95dbe\main_memory (D = $0$memwr$\main_memory$code/main_memory.sv:144$339_DATA[31:0]$359 [15:8], Q = \main_memory[249] [15:8]).
Adding EN signal on $memory\main_memory[249]$2852 ($dff) from module $paramod$72aa32f6215a5e7f33ea8e69cece12e4d4e95dbe\main_memory (D = $0$memwr$\main_memory$code/main_memory.sv:144$340_DATA[31:0]$362 [23:16], Q = \main_memory[249] [23:16]).
Adding EN signal on $memory\main_memory[249]$2852 ($dff) from module $paramod$72aa32f6215a5e7f33ea8e69cece12e4d4e95dbe\main_memory (D = $0$memwr$\main_memory$code/main_memory.sv:144$341_DATA[31:0]$365 [31:24], Q = \main_memory[249] [31:24]).
Adding EN signal on $memory\main_memory[250]$2854 ($dff) from module $paramod$72aa32f6215a5e7f33ea8e69cece12e4d4e95dbe\main_memory (D = $0$memwr$\main_memory$code/main_memory.sv:144$338_DATA[31:0]$356 [7:0], Q = \main_memory[250] [7:0]).
Adding EN signal on $memory\main_memory[250]$2854 ($dff) from module $paramod$72aa32f6215a5e7f33ea8e69cece12e4d4e95dbe\main_memory (D = $0$memwr$\main_memory$code/main_memory.sv:144$339_DATA[31:0]$359 [15:8], Q = \main_memory[250] [15:8]).
Adding EN signal on $memory\main_memory[250]$2854 ($dff) from module $paramod$72aa32f6215a5e7f33ea8e69cece12e4d4e95dbe\main_memory (D = $0$memwr$\main_memory$code/main_memory.sv:144$340_DATA[31:0]$362 [23:16], Q = \main_memory[250] [23:16]).
Adding EN signal on $memory\main_memory[250]$2854 ($dff) from module $paramod$72aa32f6215a5e7f33ea8e69cece12e4d4e95dbe\main_memory (D = $0$memwr$\main_memory$code/main_memory.sv:144$341_DATA[31:0]$365 [31:24], Q = \main_memory[250] [31:24]).
Adding EN signal on $memory\main_memory[251]$2856 ($dff) from module $paramod$72aa32f6215a5e7f33ea8e69cece12e4d4e95dbe\main_memory (D = $0$memwr$\main_memory$code/main_memory.sv:144$338_DATA[31:0]$356 [7:0], Q = \main_memory[251] [7:0]).
Adding EN signal on $memory\main_memory[251]$2856 ($dff) from module $paramod$72aa32f6215a5e7f33ea8e69cece12e4d4e95dbe\main_memory (D = $0$memwr$\main_memory$code/main_memory.sv:144$339_DATA[31:0]$359 [15:8], Q = \main_memory[251] [15:8]).
Adding EN signal on $memory\main_memory[251]$2856 ($dff) from module $paramod$72aa32f6215a5e7f33ea8e69cece12e4d4e95dbe\main_memory (D = $0$memwr$\main_memory$code/main_memory.sv:144$340_DATA[31:0]$362 [23:16], Q = \main_memory[251] [23:16]).
Adding EN signal on $memory\main_memory[251]$2856 ($dff) from module $paramod$72aa32f6215a5e7f33ea8e69cece12e4d4e95dbe\main_memory (D = $0$memwr$\main_memory$code/main_memory.sv:144$341_DATA[31:0]$365 [31:24], Q = \main_memory[251] [31:24]).
Adding EN signal on $memory\main_memory[252]$2858 ($dff) from module $paramod$72aa32f6215a5e7f33ea8e69cece12e4d4e95dbe\main_memory (D = $0$memwr$\main_memory$code/main_memory.sv:144$338_DATA[31:0]$356 [7:0], Q = \main_memory[252] [7:0]).
Adding EN signal on $memory\main_memory[252]$2858 ($dff) from module $paramod$72aa32f6215a5e7f33ea8e69cece12e4d4e95dbe\main_memory (D = $0$memwr$\main_memory$code/main_memory.sv:144$339_DATA[31:0]$359 [15:8], Q = \main_memory[252] [15:8]).
Adding EN signal on $memory\main_memory[252]$2858 ($dff) from module $paramod$72aa32f6215a5e7f33ea8e69cece12e4d4e95dbe\main_memory (D = $0$memwr$\main_memory$code/main_memory.sv:144$340_DATA[31:0]$362 [23:16], Q = \main_memory[252] [23:16]).
Adding EN signal on $memory\main_memory[252]$2858 ($dff) from module $paramod$72aa32f6215a5e7f33ea8e69cece12e4d4e95dbe\main_memory (D = $0$memwr$\main_memory$code/main_memory.sv:144$341_DATA[31:0]$365 [31:24], Q = \main_memory[252] [31:24]).
Adding EN signal on $memory\main_memory[253]$2860 ($dff) from module $paramod$72aa32f6215a5e7f33ea8e69cece12e4d4e95dbe\main_memory (D = $0$memwr$\main_memory$code/main_memory.sv:144$338_DATA[31:0]$356 [7:0], Q = \main_memory[253] [7:0]).
Adding EN signal on $memory\main_memory[253]$2860 ($dff) from module $paramod$72aa32f6215a5e7f33ea8e69cece12e4d4e95dbe\main_memory (D = $0$memwr$\main_memory$code/main_memory.sv:144$339_DATA[31:0]$359 [15:8], Q = \main_memory[253] [15:8]).
Adding EN signal on $memory\main_memory[253]$2860 ($dff) from module $paramod$72aa32f6215a5e7f33ea8e69cece12e4d4e95dbe\main_memory (D = $0$memwr$\main_memory$code/main_memory.sv:144$340_DATA[31:0]$362 [23:16], Q = \main_memory[253] [23:16]).
Adding EN signal on $memory\main_memory[253]$2860 ($dff) from module $paramod$72aa32f6215a5e7f33ea8e69cece12e4d4e95dbe\main_memory (D = $0$memwr$\main_memory$code/main_memory.sv:144$341_DATA[31:0]$365 [31:24], Q = \main_memory[253] [31:24]).
Adding EN signal on $memory\main_memory[254]$2862 ($dff) from module $paramod$72aa32f6215a5e7f33ea8e69cece12e4d4e95dbe\main_memory (D = $0$memwr$\main_memory$code/main_memory.sv:144$338_DATA[31:0]$356 [7:0], Q = \main_memory[254] [7:0]).
Adding EN signal on $memory\main_memory[254]$2862 ($dff) from module $paramod$72aa32f6215a5e7f33ea8e69cece12e4d4e95dbe\main_memory (D = $0$memwr$\main_memory$code/main_memory.sv:144$339_DATA[31:0]$359 [15:8], Q = \main_memory[254] [15:8]).
Adding EN signal on $memory\main_memory[254]$2862 ($dff) from module $paramod$72aa32f6215a5e7f33ea8e69cece12e4d4e95dbe\main_memory (D = $0$memwr$\main_memory$code/main_memory.sv:144$340_DATA[31:0]$362 [23:16], Q = \main_memory[254] [23:16]).
Adding EN signal on $memory\main_memory[254]$2862 ($dff) from module $paramod$72aa32f6215a5e7f33ea8e69cece12e4d4e95dbe\main_memory (D = $0$memwr$\main_memory$code/main_memory.sv:144$341_DATA[31:0]$365 [31:24], Q = \main_memory[254] [31:24]).
Adding EN signal on $memory\main_memory[255]$2864 ($dff) from module $paramod$72aa32f6215a5e7f33ea8e69cece12e4d4e95dbe\main_memory (D = $0$memwr$\main_memory$code/main_memory.sv:144$338_DATA[31:0]$356 [7:0], Q = \main_memory[255] [7:0]).
Adding EN signal on $memory\main_memory[255]$2864 ($dff) from module $paramod$72aa32f6215a5e7f33ea8e69cece12e4d4e95dbe\main_memory (D = $0$memwr$\main_memory$code/main_memory.sv:144$339_DATA[31:0]$359 [15:8], Q = \main_memory[255] [15:8]).
Adding EN signal on $memory\main_memory[255]$2864 ($dff) from module $paramod$72aa32f6215a5e7f33ea8e69cece12e4d4e95dbe\main_memory (D = $0$memwr$\main_memory$code/main_memory.sv:144$340_DATA[31:0]$362 [23:16], Q = \main_memory[255] [23:16]).
Adding EN signal on $memory\main_memory[255]$2864 ($dff) from module $paramod$72aa32f6215a5e7f33ea8e69cece12e4d4e95dbe\main_memory (D = $0$memwr$\main_memory$code/main_memory.sv:144$341_DATA[31:0]$365 [31:24], Q = \main_memory[255] [31:24]).

yosys> opt_clean

22.14. Executing OPT_CLEAN pass (remove unused cells and wires).
Finding unused cells or wires in module $paramod$c62f8a9f84677eaf1c2389a0b378e75c721b2371\fetch..
Finding unused cells or wires in module \control_pipeline..
Finding unused cells or wires in module \hazard_detection_unit..
Finding unused cells or wires in module \forwarding_unit..
Finding unused cells or wires in module \rv_core..
Finding unused cells or wires in module \stall_flush_logic..
Finding unused cells or wires in module $paramod$92ddabe66900a618ce68df6d5562d493b291abf4\decode..
Finding unused cells or wires in module $paramod\igen\DWIDTH=s32'00000000000000000000000000100000..
Finding unused cells or wires in module $paramod\control\DWIDTH=s32'00000000000000000000000000100000..
Finding unused cells or wires in module $paramod$92ddabe66900a618ce68df6d5562d493b291abf4\alu..
Finding unused cells or wires in module $paramod$601c9edda80f283a73a87bf3095d4d13f490358d\memory..
Finding unused cells or wires in module $paramod$92ddabe66900a618ce68df6d5562d493b291abf4\writeback..
Finding unused cells or wires in module $paramod\register_file\DWIDTH=s32'00000000000000000000000000100000..
Finding unused cells or wires in module $paramod$601c9edda80f283a73a87bf3095d4d13f490358d\memory_controller..
Finding unused cells or wires in module $paramod$72aa32f6215a5e7f33ea8e69cece12e4d4e95dbe\main_memory..
Finding unused cells or wires in module $paramod\branch_control\DWIDTH=s32'00000000000000000000000000100000..
Removed 1024 unused cells and 1024 unused wires.
<suppressed ~1025 debug messages>

yosys> opt_expr

22.15. Executing OPT_EXPR pass (perform const folding).
Optimizing module $paramod$c62f8a9f84677eaf1c2389a0b378e75c721b2371\fetch.
Optimizing module control_pipeline.
Optimizing module hazard_detection_unit.
Optimizing module forwarding_unit.
Optimizing module rv_core.
Optimizing module stall_flush_logic.
Optimizing module $paramod$92ddabe66900a618ce68df6d5562d493b291abf4\decode.
Optimizing module $paramod\igen\DWIDTH=s32'00000000000000000000000000100000.
Optimizing module $paramod\control\DWIDTH=s32'00000000000000000000000000100000.
Optimizing module $paramod$92ddabe66900a618ce68df6d5562d493b291abf4\alu.
Optimizing module $paramod$601c9edda80f283a73a87bf3095d4d13f490358d\memory.
Optimizing module $paramod$92ddabe66900a618ce68df6d5562d493b291abf4\writeback.
Optimizing module $paramod\register_file\DWIDTH=s32'00000000000000000000000000100000.
<suppressed ~32 debug messages>
Optimizing module $paramod$601c9edda80f283a73a87bf3095d4d13f490358d\memory_controller.
Optimizing module $paramod$72aa32f6215a5e7f33ea8e69cece12e4d4e95dbe\main_memory.
Optimizing module $paramod\branch_control\DWIDTH=s32'00000000000000000000000000100000.

22.16. Rerunning OPT passes. (Maybe there is more to do..)

yosys> opt_muxtree

22.17. Executing OPT_MUXTREE pass (detect dead branches in mux trees).
Running muxtree optimizer on module $paramod$c62f8a9f84677eaf1c2389a0b378e75c721b2371\fetch..
  Creating internal representation of mux trees.
  Evaluating internal representation of mux trees.
  Analyzing evaluation results.
Running muxtree optimizer on module \control_pipeline..
  Creating internal representation of mux trees.
  No muxes found in this module.
Running muxtree optimizer on module \hazard_detection_unit..
  Creating internal representation of mux trees.
  No muxes found in this module.
Running muxtree optimizer on module \forwarding_unit..
  Creating internal representation of mux trees.
  Evaluating internal representation of mux trees.
  Analyzing evaluation results.
Running muxtree optimizer on module \rv_core..
  Creating internal representation of mux trees.
  Evaluating internal representation of mux trees.
  Analyzing evaluation results.
Running muxtree optimizer on module \stall_flush_logic..
  Creating internal representation of mux trees.
  No muxes found in this module.
Running muxtree optimizer on module $paramod$92ddabe66900a618ce68df6d5562d493b291abf4\decode..
  Creating internal representation of mux trees.
  Evaluating internal representation of mux trees.
  Analyzing evaluation results.
Running muxtree optimizer on module $paramod\igen\DWIDTH=s32'00000000000000000000000000100000..
  Creating internal representation of mux trees.
  Evaluating internal representation of mux trees.
  Analyzing evaluation results.
Running muxtree optimizer on module $paramod\control\DWIDTH=s32'00000000000000000000000000100000..
  Creating internal representation of mux trees.
  Evaluating internal representation of mux trees.
  Analyzing evaluation results.
Running muxtree optimizer on module $paramod$92ddabe66900a618ce68df6d5562d493b291abf4\alu..
  Creating internal representation of mux trees.
  Evaluating internal representation of mux trees.
  Analyzing evaluation results.
Running muxtree optimizer on module $paramod$601c9edda80f283a73a87bf3095d4d13f490358d\memory..
  Creating internal representation of mux trees.
  No muxes found in this module.
Running muxtree optimizer on module $paramod$92ddabe66900a618ce68df6d5562d493b291abf4\writeback..
  Creating internal representation of mux trees.
  Evaluating internal representation of mux trees.
  Analyzing evaluation results.
Running muxtree optimizer on module $paramod\register_file\DWIDTH=s32'00000000000000000000000000100000..
  Creating internal representation of mux trees.
  Evaluating internal representation of mux trees.
  Analyzing evaluation results.
Running muxtree optimizer on module $paramod$601c9edda80f283a73a87bf3095d4d13f490358d\memory_controller..
  Creating internal representation of mux trees.
  Evaluating internal representation of mux trees.
  Analyzing evaluation results.
Running muxtree optimizer on module $paramod$72aa32f6215a5e7f33ea8e69cece12e4d4e95dbe\main_memory..
  Creating internal representation of mux trees.
  Evaluating internal representation of mux trees.
  Analyzing evaluation results.
Running muxtree optimizer on module $paramod\branch_control\DWIDTH=s32'00000000000000000000000000100000..
  Creating internal representation of mux trees.
  Evaluating internal representation of mux trees.
  Analyzing evaluation results.
Removed 0 multiplexer ports.
<suppressed ~863 debug messages>

yosys> opt_reduce

22.18. Executing OPT_REDUCE pass (consolidate $*mux and $reduce_* inputs).
  Optimizing cells in module $paramod$c62f8a9f84677eaf1c2389a0b378e75c721b2371\fetch.
  Optimizing cells in module \control_pipeline.
  Optimizing cells in module \hazard_detection_unit.
  Optimizing cells in module \forwarding_unit.
  Optimizing cells in module \rv_core.
  Optimizing cells in module \stall_flush_logic.
  Optimizing cells in module $paramod$92ddabe66900a618ce68df6d5562d493b291abf4\decode.
  Optimizing cells in module $paramod\igen\DWIDTH=s32'00000000000000000000000000100000.
  Optimizing cells in module $paramod\control\DWIDTH=s32'00000000000000000000000000100000.
  Optimizing cells in module $paramod$92ddabe66900a618ce68df6d5562d493b291abf4\alu.
  Optimizing cells in module $paramod$601c9edda80f283a73a87bf3095d4d13f490358d\memory.
  Optimizing cells in module $paramod$92ddabe66900a618ce68df6d5562d493b291abf4\writeback.
  Optimizing cells in module $paramod\register_file\DWIDTH=s32'00000000000000000000000000100000.
  Optimizing cells in module $paramod$601c9edda80f283a73a87bf3095d4d13f490358d\memory_controller.
  Optimizing cells in module $paramod$72aa32f6215a5e7f33ea8e69cece12e4d4e95dbe\main_memory.
  Optimizing cells in module $paramod\branch_control\DWIDTH=s32'00000000000000000000000000100000.
Performed a total of 0 changes.

yosys> opt_merge

22.19. Executing OPT_MERGE pass (detect identical cells).
Finding identical cells in module `$paramod$c62f8a9f84677eaf1c2389a0b378e75c721b2371\fetch'.
Computing hashes of 4 cells of `$paramod$c62f8a9f84677eaf1c2389a0b378e75c721b2371\fetch'.
Finding duplicate cells in `$paramod$c62f8a9f84677eaf1c2389a0b378e75c721b2371\fetch'.
Finding identical cells in module `\control_pipeline'.
Computing hashes of 6 cells of `\control_pipeline'.
Finding duplicate cells in `\control_pipeline'.
Finding identical cells in module `\hazard_detection_unit'.
Computing hashes of 6 cells of `\hazard_detection_unit'.
Finding duplicate cells in `\hazard_detection_unit'.
Finding identical cells in module `\forwarding_unit'.
Computing hashes of 16 cells of `\forwarding_unit'.
Finding duplicate cells in `\forwarding_unit'.
Finding identical cells in module `\rv_core'.
Computing hashes of 64 cells of `\rv_core'.
Finding duplicate cells in `\rv_core'.
Finding identical cells in module `\stall_flush_logic'.
Computing hashes of 5 cells of `\stall_flush_logic'.
Finding duplicate cells in `\stall_flush_logic'.
Finding identical cells in module `$paramod$92ddabe66900a618ce68df6d5562d493b291abf4\decode'.
Computing hashes of 19 cells of `$paramod$92ddabe66900a618ce68df6d5562d493b291abf4\decode'.
Finding duplicate cells in `$paramod$92ddabe66900a618ce68df6d5562d493b291abf4\decode'.
Finding identical cells in module `$paramod\igen\DWIDTH=s32'00000000000000000000000000100000'.
Computing hashes of 11 cells of `$paramod\igen\DWIDTH=s32'00000000000000000000000000100000'.
Finding duplicate cells in `$paramod\igen\DWIDTH=s32'00000000000000000000000000100000'.
Finding identical cells in module `$paramod\control\DWIDTH=s32'00000000000000000000000000100000'.
Computing hashes of 35 cells of `$paramod\control\DWIDTH=s32'00000000000000000000000000100000'.
Finding duplicate cells in `$paramod\control\DWIDTH=s32'00000000000000000000000000100000'.
Finding identical cells in module `$paramod$92ddabe66900a618ce68df6d5562d493b291abf4\alu'.
Computing hashes of 41 cells of `$paramod$92ddabe66900a618ce68df6d5562d493b291abf4\alu'.
Finding duplicate cells in `$paramod$92ddabe66900a618ce68df6d5562d493b291abf4\alu'.
Finding identical cells in module `$paramod$601c9edda80f283a73a87bf3095d4d13f490358d\memory'.
Computing hashes of 2 cells of `$paramod$601c9edda80f283a73a87bf3095d4d13f490358d\memory'.
Finding duplicate cells in `$paramod$601c9edda80f283a73a87bf3095d4d13f490358d\memory'.
Finding identical cells in module `$paramod$92ddabe66900a618ce68df6d5562d493b291abf4\writeback'.
Computing hashes of 6 cells of `$paramod$92ddabe66900a618ce68df6d5562d493b291abf4\writeback'.
Finding duplicate cells in `$paramod$92ddabe66900a618ce68df6d5562d493b291abf4\writeback'.
Finding identical cells in module `$paramod\register_file\DWIDTH=s32'00000000000000000000000000100000'.
Computing hashes of 292 cells of `$paramod\register_file\DWIDTH=s32'00000000000000000000000000100000'.
Finding duplicate cells in `$paramod\register_file\DWIDTH=s32'00000000000000000000000000100000'.
Computing hashes of 262 cells of `$paramod\register_file\DWIDTH=s32'00000000000000000000000000100000'.
Finding duplicate cells in `$paramod\register_file\DWIDTH=s32'00000000000000000000000000100000'.
<suppressed ~90 debug messages>
Finding identical cells in module `$paramod$601c9edda80f283a73a87bf3095d4d13f490358d\memory_controller'.
Computing hashes of 17 cells of `$paramod$601c9edda80f283a73a87bf3095d4d13f490358d\memory_controller'.
Finding duplicate cells in `$paramod$601c9edda80f283a73a87bf3095d4d13f490358d\memory_controller'.
Finding identical cells in module `$paramod$72aa32f6215a5e7f33ea8e69cece12e4d4e95dbe\main_memory'.
Computing hashes of 3450 cells of `$paramod$72aa32f6215a5e7f33ea8e69cece12e4d4e95dbe\main_memory'.
Finding duplicate cells in `$paramod$72aa32f6215a5e7f33ea8e69cece12e4d4e95dbe\main_memory'.
Finding identical cells in module `$paramod\branch_control\DWIDTH=s32'00000000000000000000000000100000'.
Computing hashes of 17 cells of `$paramod\branch_control\DWIDTH=s32'00000000000000000000000000100000'.
Finding duplicate cells in `$paramod\branch_control\DWIDTH=s32'00000000000000000000000000100000'.
Removed a total of 30 cells.

yosys> opt_dff

22.20. Executing OPT_DFF pass (perform DFF optimizations).

yosys> opt_clean

22.21. Executing OPT_CLEAN pass (remove unused cells and wires).
Finding unused cells or wires in module $paramod$c62f8a9f84677eaf1c2389a0b378e75c721b2371\fetch..
Finding unused cells or wires in module \control_pipeline..
Finding unused cells or wires in module \hazard_detection_unit..
Finding unused cells or wires in module \forwarding_unit..
Finding unused cells or wires in module \rv_core..
Finding unused cells or wires in module \stall_flush_logic..
Finding unused cells or wires in module $paramod$92ddabe66900a618ce68df6d5562d493b291abf4\decode..
Finding unused cells or wires in module $paramod\igen\DWIDTH=s32'00000000000000000000000000100000..
Finding unused cells or wires in module $paramod\control\DWIDTH=s32'00000000000000000000000000100000..
Finding unused cells or wires in module $paramod$92ddabe66900a618ce68df6d5562d493b291abf4\alu..
Finding unused cells or wires in module $paramod$601c9edda80f283a73a87bf3095d4d13f490358d\memory..
Finding unused cells or wires in module $paramod$92ddabe66900a618ce68df6d5562d493b291abf4\writeback..
Finding unused cells or wires in module $paramod\register_file\DWIDTH=s32'00000000000000000000000000100000..
Finding unused cells or wires in module $paramod$601c9edda80f283a73a87bf3095d4d13f490358d\memory_controller..
Finding unused cells or wires in module $paramod$72aa32f6215a5e7f33ea8e69cece12e4d4e95dbe\main_memory..
Finding unused cells or wires in module $paramod\branch_control\DWIDTH=s32'00000000000000000000000000100000..
Removed 0 unused cells and 30 unused wires.
<suppressed ~1 debug messages>

yosys> opt_expr

22.22. Executing OPT_EXPR pass (perform const folding).
Optimizing module $paramod$c62f8a9f84677eaf1c2389a0b378e75c721b2371\fetch.
Optimizing module control_pipeline.
Optimizing module hazard_detection_unit.
Optimizing module forwarding_unit.
Optimizing module rv_core.
Optimizing module stall_flush_logic.
Optimizing module $paramod$92ddabe66900a618ce68df6d5562d493b291abf4\decode.
Optimizing module $paramod\igen\DWIDTH=s32'00000000000000000000000000100000.
Optimizing module $paramod\control\DWIDTH=s32'00000000000000000000000000100000.
Optimizing module $paramod$92ddabe66900a618ce68df6d5562d493b291abf4\alu.
Optimizing module $paramod$601c9edda80f283a73a87bf3095d4d13f490358d\memory.
Optimizing module $paramod$92ddabe66900a618ce68df6d5562d493b291abf4\writeback.
Optimizing module $paramod\register_file\DWIDTH=s32'00000000000000000000000000100000.
Optimizing module $paramod$601c9edda80f283a73a87bf3095d4d13f490358d\memory_controller.
Optimizing module $paramod$72aa32f6215a5e7f33ea8e69cece12e4d4e95dbe\main_memory.
Optimizing module $paramod\branch_control\DWIDTH=s32'00000000000000000000000000100000.

22.23. Rerunning OPT passes. (Maybe there is more to do..)

yosys> opt_muxtree

22.24. Executing OPT_MUXTREE pass (detect dead branches in mux trees).
Running muxtree optimizer on module $paramod$c62f8a9f84677eaf1c2389a0b378e75c721b2371\fetch..
  Creating internal representation of mux trees.
  Evaluating internal representation of mux trees.
  Analyzing evaluation results.
Running muxtree optimizer on module \control_pipeline..
  Creating internal representation of mux trees.
  No muxes found in this module.
Running muxtree optimizer on module \hazard_detection_unit..
  Creating internal representation of mux trees.
  No muxes found in this module.
Running muxtree optimizer on module \forwarding_unit..
  Creating internal representation of mux trees.
  Evaluating internal representation of mux trees.
  Analyzing evaluation results.
Running muxtree optimizer on module \rv_core..
  Creating internal representation of mux trees.
  Evaluating internal representation of mux trees.
  Analyzing evaluation results.
Running muxtree optimizer on module \stall_flush_logic..
  Creating internal representation of mux trees.
  No muxes found in this module.
Running muxtree optimizer on module $paramod$92ddabe66900a618ce68df6d5562d493b291abf4\decode..
  Creating internal representation of mux trees.
  Evaluating internal representation of mux trees.
  Analyzing evaluation results.
Running muxtree optimizer on module $paramod\igen\DWIDTH=s32'00000000000000000000000000100000..
  Creating internal representation of mux trees.
  Evaluating internal representation of mux trees.
  Analyzing evaluation results.
Running muxtree optimizer on module $paramod\control\DWIDTH=s32'00000000000000000000000000100000..
  Creating internal representation of mux trees.
  Evaluating internal representation of mux trees.
  Analyzing evaluation results.
Running muxtree optimizer on module $paramod$92ddabe66900a618ce68df6d5562d493b291abf4\alu..
  Creating internal representation of mux trees.
  Evaluating internal representation of mux trees.
  Analyzing evaluation results.
Running muxtree optimizer on module $paramod$601c9edda80f283a73a87bf3095d4d13f490358d\memory..
  Creating internal representation of mux trees.
  No muxes found in this module.
Running muxtree optimizer on module $paramod$92ddabe66900a618ce68df6d5562d493b291abf4\writeback..
  Creating internal representation of mux trees.
  Evaluating internal representation of mux trees.
  Analyzing evaluation results.
Running muxtree optimizer on module $paramod\register_file\DWIDTH=s32'00000000000000000000000000100000..
  Creating internal representation of mux trees.
  Evaluating internal representation of mux trees.
  Analyzing evaluation results.
Running muxtree optimizer on module $paramod$601c9edda80f283a73a87bf3095d4d13f490358d\memory_controller..
  Creating internal representation of mux trees.
  Evaluating internal representation of mux trees.
  Analyzing evaluation results.
Running muxtree optimizer on module $paramod$72aa32f6215a5e7f33ea8e69cece12e4d4e95dbe\main_memory..
  Creating internal representation of mux trees.
  Evaluating internal representation of mux trees.
  Analyzing evaluation results.
Running muxtree optimizer on module $paramod\branch_control\DWIDTH=s32'00000000000000000000000000100000..
  Creating internal representation of mux trees.
  Evaluating internal representation of mux trees.
  Analyzing evaluation results.
Removed 0 multiplexer ports.
<suppressed ~865 debug messages>

yosys> opt_reduce

22.25. Executing OPT_REDUCE pass (consolidate $*mux and $reduce_* inputs).
  Optimizing cells in module $paramod$c62f8a9f84677eaf1c2389a0b378e75c721b2371\fetch.
  Optimizing cells in module \control_pipeline.
  Optimizing cells in module \hazard_detection_unit.
  Optimizing cells in module \forwarding_unit.
  Optimizing cells in module \rv_core.
  Optimizing cells in module \stall_flush_logic.
  Optimizing cells in module $paramod$92ddabe66900a618ce68df6d5562d493b291abf4\decode.
  Optimizing cells in module $paramod\igen\DWIDTH=s32'00000000000000000000000000100000.
  Optimizing cells in module $paramod\control\DWIDTH=s32'00000000000000000000000000100000.
  Optimizing cells in module $paramod$92ddabe66900a618ce68df6d5562d493b291abf4\alu.
  Optimizing cells in module $paramod$601c9edda80f283a73a87bf3095d4d13f490358d\memory.
  Optimizing cells in module $paramod$92ddabe66900a618ce68df6d5562d493b291abf4\writeback.
  Optimizing cells in module $paramod\register_file\DWIDTH=s32'00000000000000000000000000100000.
  Optimizing cells in module $paramod$601c9edda80f283a73a87bf3095d4d13f490358d\memory_controller.
  Optimizing cells in module $paramod$72aa32f6215a5e7f33ea8e69cece12e4d4e95dbe\main_memory.
  Optimizing cells in module $paramod\branch_control\DWIDTH=s32'00000000000000000000000000100000.
Performed a total of 0 changes.

yosys> opt_merge

22.26. Executing OPT_MERGE pass (detect identical cells).
Finding identical cells in module `$paramod$c62f8a9f84677eaf1c2389a0b378e75c721b2371\fetch'.
Computing hashes of 4 cells of `$paramod$c62f8a9f84677eaf1c2389a0b378e75c721b2371\fetch'.
Finding duplicate cells in `$paramod$c62f8a9f84677eaf1c2389a0b378e75c721b2371\fetch'.
Finding identical cells in module `\control_pipeline'.
Computing hashes of 6 cells of `\control_pipeline'.
Finding duplicate cells in `\control_pipeline'.
Finding identical cells in module `\hazard_detection_unit'.
Computing hashes of 6 cells of `\hazard_detection_unit'.
Finding duplicate cells in `\hazard_detection_unit'.
Finding identical cells in module `\forwarding_unit'.
Computing hashes of 16 cells of `\forwarding_unit'.
Finding duplicate cells in `\forwarding_unit'.
Finding identical cells in module `\rv_core'.
Computing hashes of 64 cells of `\rv_core'.
Finding duplicate cells in `\rv_core'.
Finding identical cells in module `\stall_flush_logic'.
Computing hashes of 5 cells of `\stall_flush_logic'.
Finding duplicate cells in `\stall_flush_logic'.
Finding identical cells in module `$paramod$92ddabe66900a618ce68df6d5562d493b291abf4\decode'.
Computing hashes of 19 cells of `$paramod$92ddabe66900a618ce68df6d5562d493b291abf4\decode'.
Finding duplicate cells in `$paramod$92ddabe66900a618ce68df6d5562d493b291abf4\decode'.
Finding identical cells in module `$paramod\igen\DWIDTH=s32'00000000000000000000000000100000'.
Computing hashes of 11 cells of `$paramod\igen\DWIDTH=s32'00000000000000000000000000100000'.
Finding duplicate cells in `$paramod\igen\DWIDTH=s32'00000000000000000000000000100000'.
Finding identical cells in module `$paramod\control\DWIDTH=s32'00000000000000000000000000100000'.
Computing hashes of 35 cells of `$paramod\control\DWIDTH=s32'00000000000000000000000000100000'.
Finding duplicate cells in `$paramod\control\DWIDTH=s32'00000000000000000000000000100000'.
Finding identical cells in module `$paramod$92ddabe66900a618ce68df6d5562d493b291abf4\alu'.
Computing hashes of 41 cells of `$paramod$92ddabe66900a618ce68df6d5562d493b291abf4\alu'.
Finding duplicate cells in `$paramod$92ddabe66900a618ce68df6d5562d493b291abf4\alu'.
Finding identical cells in module `$paramod$601c9edda80f283a73a87bf3095d4d13f490358d\memory'.
Computing hashes of 2 cells of `$paramod$601c9edda80f283a73a87bf3095d4d13f490358d\memory'.
Finding duplicate cells in `$paramod$601c9edda80f283a73a87bf3095d4d13f490358d\memory'.
Finding identical cells in module `$paramod$92ddabe66900a618ce68df6d5562d493b291abf4\writeback'.
Computing hashes of 6 cells of `$paramod$92ddabe66900a618ce68df6d5562d493b291abf4\writeback'.
Finding duplicate cells in `$paramod$92ddabe66900a618ce68df6d5562d493b291abf4\writeback'.
Finding identical cells in module `$paramod\register_file\DWIDTH=s32'00000000000000000000000000100000'.
Computing hashes of 262 cells of `$paramod\register_file\DWIDTH=s32'00000000000000000000000000100000'.
Finding duplicate cells in `$paramod\register_file\DWIDTH=s32'00000000000000000000000000100000'.
Finding identical cells in module `$paramod$601c9edda80f283a73a87bf3095d4d13f490358d\memory_controller'.
Computing hashes of 17 cells of `$paramod$601c9edda80f283a73a87bf3095d4d13f490358d\memory_controller'.
Finding duplicate cells in `$paramod$601c9edda80f283a73a87bf3095d4d13f490358d\memory_controller'.
Finding identical cells in module `$paramod$72aa32f6215a5e7f33ea8e69cece12e4d4e95dbe\main_memory'.
Computing hashes of 3450 cells of `$paramod$72aa32f6215a5e7f33ea8e69cece12e4d4e95dbe\main_memory'.
Finding duplicate cells in `$paramod$72aa32f6215a5e7f33ea8e69cece12e4d4e95dbe\main_memory'.
Finding identical cells in module `$paramod\branch_control\DWIDTH=s32'00000000000000000000000000100000'.
Computing hashes of 17 cells of `$paramod\branch_control\DWIDTH=s32'00000000000000000000000000100000'.
Finding duplicate cells in `$paramod\branch_control\DWIDTH=s32'00000000000000000000000000100000'.
Removed a total of 0 cells.

yosys> opt_dff

22.27. Executing OPT_DFF pass (perform DFF optimizations).

yosys> opt_clean

22.28. Executing OPT_CLEAN pass (remove unused cells and wires).
Finding unused cells or wires in module $paramod$c62f8a9f84677eaf1c2389a0b378e75c721b2371\fetch..
Finding unused cells or wires in module \control_pipeline..
Finding unused cells or wires in module \hazard_detection_unit..
Finding unused cells or wires in module \forwarding_unit..
Finding unused cells or wires in module \rv_core..
Finding unused cells or wires in module \stall_flush_logic..
Finding unused cells or wires in module $paramod$92ddabe66900a618ce68df6d5562d493b291abf4\decode..
Finding unused cells or wires in module $paramod\igen\DWIDTH=s32'00000000000000000000000000100000..
Finding unused cells or wires in module $paramod\control\DWIDTH=s32'00000000000000000000000000100000..
Finding unused cells or wires in module $paramod$92ddabe66900a618ce68df6d5562d493b291abf4\alu..
Finding unused cells or wires in module $paramod$601c9edda80f283a73a87bf3095d4d13f490358d\memory..
Finding unused cells or wires in module $paramod$92ddabe66900a618ce68df6d5562d493b291abf4\writeback..
Finding unused cells or wires in module $paramod\register_file\DWIDTH=s32'00000000000000000000000000100000..
Finding unused cells or wires in module $paramod$601c9edda80f283a73a87bf3095d4d13f490358d\memory_controller..
Finding unused cells or wires in module $paramod$72aa32f6215a5e7f33ea8e69cece12e4d4e95dbe\main_memory..
Finding unused cells or wires in module $paramod\branch_control\DWIDTH=s32'00000000000000000000000000100000..

yosys> opt_expr

22.29. Executing OPT_EXPR pass (perform const folding).
Optimizing module $paramod$c62f8a9f84677eaf1c2389a0b378e75c721b2371\fetch.
Optimizing module control_pipeline.
Optimizing module hazard_detection_unit.
Optimizing module forwarding_unit.
Optimizing module rv_core.
Optimizing module stall_flush_logic.
Optimizing module $paramod$92ddabe66900a618ce68df6d5562d493b291abf4\decode.
Optimizing module $paramod\igen\DWIDTH=s32'00000000000000000000000000100000.
Optimizing module $paramod\control\DWIDTH=s32'00000000000000000000000000100000.
Optimizing module $paramod$92ddabe66900a618ce68df6d5562d493b291abf4\alu.
Optimizing module $paramod$601c9edda80f283a73a87bf3095d4d13f490358d\memory.
Optimizing module $paramod$92ddabe66900a618ce68df6d5562d493b291abf4\writeback.
Optimizing module $paramod\register_file\DWIDTH=s32'00000000000000000000000000100000.
Optimizing module $paramod$601c9edda80f283a73a87bf3095d4d13f490358d\memory_controller.
Optimizing module $paramod$72aa32f6215a5e7f33ea8e69cece12e4d4e95dbe\main_memory.
Optimizing module $paramod\branch_control\DWIDTH=s32'00000000000000000000000000100000.

22.30. Finished fast OPT passes. (There is nothing left to do.)

yosys> fsm

23. Executing FSM pass (extract and optimize FSM).

yosys> fsm_detect

23.1. Executing FSM_DETECT pass (finding FSMs in design).

yosys> fsm_extract

23.2. Executing FSM_EXTRACT pass (extracting FSM from design).

yosys> fsm_opt

23.3. Executing FSM_OPT pass (simple optimizations of FSMs).

yosys> opt_clean

23.4. Executing OPT_CLEAN pass (remove unused cells and wires).
Finding unused cells or wires in module $paramod$c62f8a9f84677eaf1c2389a0b378e75c721b2371\fetch..
Finding unused cells or wires in module \control_pipeline..
Finding unused cells or wires in module \hazard_detection_unit..
Finding unused cells or wires in module \forwarding_unit..
Finding unused cells or wires in module \rv_core..
Finding unused cells or wires in module \stall_flush_logic..
Finding unused cells or wires in module $paramod$92ddabe66900a618ce68df6d5562d493b291abf4\decode..
Finding unused cells or wires in module $paramod\igen\DWIDTH=s32'00000000000000000000000000100000..
Finding unused cells or wires in module $paramod\control\DWIDTH=s32'00000000000000000000000000100000..
Finding unused cells or wires in module $paramod$92ddabe66900a618ce68df6d5562d493b291abf4\alu..
Finding unused cells or wires in module $paramod$601c9edda80f283a73a87bf3095d4d13f490358d\memory..
Finding unused cells or wires in module $paramod$92ddabe66900a618ce68df6d5562d493b291abf4\writeback..
Finding unused cells or wires in module $paramod\register_file\DWIDTH=s32'00000000000000000000000000100000..
Finding unused cells or wires in module $paramod$601c9edda80f283a73a87bf3095d4d13f490358d\memory_controller..
Finding unused cells or wires in module $paramod$72aa32f6215a5e7f33ea8e69cece12e4d4e95dbe\main_memory..
Finding unused cells or wires in module $paramod\branch_control\DWIDTH=s32'00000000000000000000000000100000..

yosys> fsm_opt

23.5. Executing FSM_OPT pass (simple optimizations of FSMs).

yosys> fsm_recode

23.6. Executing FSM_RECODE pass (re-assigning FSM state encoding).

yosys> fsm_info

23.7. Executing FSM_INFO pass (dumping all available information on FSM cells).

yosys> fsm_map

23.8. Executing FSM_MAP pass (mapping FSMs to basic logic).

yosys> opt

24. Executing OPT pass (performing simple optimizations).

yosys> opt_expr

24.1. Executing OPT_EXPR pass (perform const folding).
Optimizing module $paramod$c62f8a9f84677eaf1c2389a0b378e75c721b2371\fetch.
Optimizing module control_pipeline.
Optimizing module hazard_detection_unit.
Optimizing module forwarding_unit.
Optimizing module rv_core.
Optimizing module stall_flush_logic.
Optimizing module $paramod$92ddabe66900a618ce68df6d5562d493b291abf4\decode.
Optimizing module $paramod\igen\DWIDTH=s32'00000000000000000000000000100000.
Optimizing module $paramod\control\DWIDTH=s32'00000000000000000000000000100000.
Optimizing module $paramod$92ddabe66900a618ce68df6d5562d493b291abf4\alu.
Optimizing module $paramod$601c9edda80f283a73a87bf3095d4d13f490358d\memory.
Optimizing module $paramod$92ddabe66900a618ce68df6d5562d493b291abf4\writeback.
Optimizing module $paramod\register_file\DWIDTH=s32'00000000000000000000000000100000.
Optimizing module $paramod$601c9edda80f283a73a87bf3095d4d13f490358d\memory_controller.
Optimizing module $paramod$72aa32f6215a5e7f33ea8e69cece12e4d4e95dbe\main_memory.
Optimizing module $paramod\branch_control\DWIDTH=s32'00000000000000000000000000100000.

yosys> opt_merge -nomux

24.2. Executing OPT_MERGE pass (detect identical cells).
Finding identical cells in module `$paramod$c62f8a9f84677eaf1c2389a0b378e75c721b2371\fetch'.
Computing hashes of 4 cells of `$paramod$c62f8a9f84677eaf1c2389a0b378e75c721b2371\fetch'.
Finding duplicate cells in `$paramod$c62f8a9f84677eaf1c2389a0b378e75c721b2371\fetch'.
Finding identical cells in module `\control_pipeline'.
Computing hashes of 6 cells of `\control_pipeline'.
Finding duplicate cells in `\control_pipeline'.
Finding identical cells in module `\hazard_detection_unit'.
Computing hashes of 6 cells of `\hazard_detection_unit'.
Finding duplicate cells in `\hazard_detection_unit'.
Finding identical cells in module `\forwarding_unit'.
Computing hashes of 16 cells of `\forwarding_unit'.
Finding duplicate cells in `\forwarding_unit'.
Finding identical cells in module `\rv_core'.
Computing hashes of 64 cells of `\rv_core'.
Finding duplicate cells in `\rv_core'.
Finding identical cells in module `\stall_flush_logic'.
Computing hashes of 5 cells of `\stall_flush_logic'.
Finding duplicate cells in `\stall_flush_logic'.
Finding identical cells in module `$paramod$92ddabe66900a618ce68df6d5562d493b291abf4\decode'.
Computing hashes of 19 cells of `$paramod$92ddabe66900a618ce68df6d5562d493b291abf4\decode'.
Finding duplicate cells in `$paramod$92ddabe66900a618ce68df6d5562d493b291abf4\decode'.
Finding identical cells in module `$paramod\igen\DWIDTH=s32'00000000000000000000000000100000'.
Computing hashes of 11 cells of `$paramod\igen\DWIDTH=s32'00000000000000000000000000100000'.
Finding duplicate cells in `$paramod\igen\DWIDTH=s32'00000000000000000000000000100000'.
Finding identical cells in module `$paramod\control\DWIDTH=s32'00000000000000000000000000100000'.
Computing hashes of 35 cells of `$paramod\control\DWIDTH=s32'00000000000000000000000000100000'.
Finding duplicate cells in `$paramod\control\DWIDTH=s32'00000000000000000000000000100000'.
Finding identical cells in module `$paramod$92ddabe66900a618ce68df6d5562d493b291abf4\alu'.
Computing hashes of 41 cells of `$paramod$92ddabe66900a618ce68df6d5562d493b291abf4\alu'.
Finding duplicate cells in `$paramod$92ddabe66900a618ce68df6d5562d493b291abf4\alu'.
Finding identical cells in module `$paramod$601c9edda80f283a73a87bf3095d4d13f490358d\memory'.
Computing hashes of 2 cells of `$paramod$601c9edda80f283a73a87bf3095d4d13f490358d\memory'.
Finding duplicate cells in `$paramod$601c9edda80f283a73a87bf3095d4d13f490358d\memory'.
Finding identical cells in module `$paramod$92ddabe66900a618ce68df6d5562d493b291abf4\writeback'.
Computing hashes of 6 cells of `$paramod$92ddabe66900a618ce68df6d5562d493b291abf4\writeback'.
Finding duplicate cells in `$paramod$92ddabe66900a618ce68df6d5562d493b291abf4\writeback'.
Finding identical cells in module `$paramod\register_file\DWIDTH=s32'00000000000000000000000000100000'.
Computing hashes of 262 cells of `$paramod\register_file\DWIDTH=s32'00000000000000000000000000100000'.
Finding duplicate cells in `$paramod\register_file\DWIDTH=s32'00000000000000000000000000100000'.
Finding identical cells in module `$paramod$601c9edda80f283a73a87bf3095d4d13f490358d\memory_controller'.
Computing hashes of 17 cells of `$paramod$601c9edda80f283a73a87bf3095d4d13f490358d\memory_controller'.
Finding duplicate cells in `$paramod$601c9edda80f283a73a87bf3095d4d13f490358d\memory_controller'.
Finding identical cells in module `$paramod$72aa32f6215a5e7f33ea8e69cece12e4d4e95dbe\main_memory'.
Computing hashes of 3450 cells of `$paramod$72aa32f6215a5e7f33ea8e69cece12e4d4e95dbe\main_memory'.
Finding duplicate cells in `$paramod$72aa32f6215a5e7f33ea8e69cece12e4d4e95dbe\main_memory'.
Finding identical cells in module `$paramod\branch_control\DWIDTH=s32'00000000000000000000000000100000'.
Computing hashes of 17 cells of `$paramod\branch_control\DWIDTH=s32'00000000000000000000000000100000'.
Finding duplicate cells in `$paramod\branch_control\DWIDTH=s32'00000000000000000000000000100000'.
Removed a total of 0 cells.

yosys> opt_muxtree

24.3. Executing OPT_MUXTREE pass (detect dead branches in mux trees).
Running muxtree optimizer on module $paramod$c62f8a9f84677eaf1c2389a0b378e75c721b2371\fetch..
  Creating internal representation of mux trees.
  Evaluating internal representation of mux trees.
  Analyzing evaluation results.
Running muxtree optimizer on module \control_pipeline..
  Creating internal representation of mux trees.
  No muxes found in this module.
Running muxtree optimizer on module \hazard_detection_unit..
  Creating internal representation of mux trees.
  No muxes found in this module.
Running muxtree optimizer on module \forwarding_unit..
  Creating internal representation of mux trees.
  Evaluating internal representation of mux trees.
  Analyzing evaluation results.
Running muxtree optimizer on module \rv_core..
  Creating internal representation of mux trees.
  Evaluating internal representation of mux trees.
  Analyzing evaluation results.
Running muxtree optimizer on module \stall_flush_logic..
  Creating internal representation of mux trees.
  No muxes found in this module.
Running muxtree optimizer on module $paramod$92ddabe66900a618ce68df6d5562d493b291abf4\decode..
  Creating internal representation of mux trees.
  Evaluating internal representation of mux trees.
  Analyzing evaluation results.
Running muxtree optimizer on module $paramod\igen\DWIDTH=s32'00000000000000000000000000100000..
  Creating internal representation of mux trees.
  Evaluating internal representation of mux trees.
  Analyzing evaluation results.
Running muxtree optimizer on module $paramod\control\DWIDTH=s32'00000000000000000000000000100000..
  Creating internal representation of mux trees.
  Evaluating internal representation of mux trees.
  Analyzing evaluation results.
Running muxtree optimizer on module $paramod$92ddabe66900a618ce68df6d5562d493b291abf4\alu..
  Creating internal representation of mux trees.
  Evaluating internal representation of mux trees.
  Analyzing evaluation results.
Running muxtree optimizer on module $paramod$601c9edda80f283a73a87bf3095d4d13f490358d\memory..
  Creating internal representation of mux trees.
  No muxes found in this module.
Running muxtree optimizer on module $paramod$92ddabe66900a618ce68df6d5562d493b291abf4\writeback..
  Creating internal representation of mux trees.
  Evaluating internal representation of mux trees.
  Analyzing evaluation results.
Running muxtree optimizer on module $paramod\register_file\DWIDTH=s32'00000000000000000000000000100000..
  Creating internal representation of mux trees.
  Evaluating internal representation of mux trees.
  Analyzing evaluation results.
Running muxtree optimizer on module $paramod$601c9edda80f283a73a87bf3095d4d13f490358d\memory_controller..
  Creating internal representation of mux trees.
  Evaluating internal representation of mux trees.
  Analyzing evaluation results.
Running muxtree optimizer on module $paramod$72aa32f6215a5e7f33ea8e69cece12e4d4e95dbe\main_memory..
  Creating internal representation of mux trees.
  Evaluating internal representation of mux trees.
  Analyzing evaluation results.
Running muxtree optimizer on module $paramod\branch_control\DWIDTH=s32'00000000000000000000000000100000..
  Creating internal representation of mux trees.
  Evaluating internal representation of mux trees.
  Analyzing evaluation results.
Removed 0 multiplexer ports.
<suppressed ~865 debug messages>

yosys> opt_reduce

24.4. Executing OPT_REDUCE pass (consolidate $*mux and $reduce_* inputs).
  Optimizing cells in module $paramod$c62f8a9f84677eaf1c2389a0b378e75c721b2371\fetch.
  Optimizing cells in module \control_pipeline.
  Optimizing cells in module \hazard_detection_unit.
  Optimizing cells in module \forwarding_unit.
  Optimizing cells in module \rv_core.
  Optimizing cells in module \stall_flush_logic.
  Optimizing cells in module $paramod$92ddabe66900a618ce68df6d5562d493b291abf4\decode.
  Optimizing cells in module $paramod\igen\DWIDTH=s32'00000000000000000000000000100000.
  Optimizing cells in module $paramod\control\DWIDTH=s32'00000000000000000000000000100000.
  Optimizing cells in module $paramod$92ddabe66900a618ce68df6d5562d493b291abf4\alu.
  Optimizing cells in module $paramod$601c9edda80f283a73a87bf3095d4d13f490358d\memory.
  Optimizing cells in module $paramod$92ddabe66900a618ce68df6d5562d493b291abf4\writeback.
  Optimizing cells in module $paramod\register_file\DWIDTH=s32'00000000000000000000000000100000.
  Optimizing cells in module $paramod$601c9edda80f283a73a87bf3095d4d13f490358d\memory_controller.
  Optimizing cells in module $paramod$72aa32f6215a5e7f33ea8e69cece12e4d4e95dbe\main_memory.
  Optimizing cells in module $paramod\branch_control\DWIDTH=s32'00000000000000000000000000100000.
Performed a total of 0 changes.

yosys> opt_merge

24.5. Executing OPT_MERGE pass (detect identical cells).
Finding identical cells in module `$paramod$c62f8a9f84677eaf1c2389a0b378e75c721b2371\fetch'.
Computing hashes of 4 cells of `$paramod$c62f8a9f84677eaf1c2389a0b378e75c721b2371\fetch'.
Finding duplicate cells in `$paramod$c62f8a9f84677eaf1c2389a0b378e75c721b2371\fetch'.
Finding identical cells in module `\control_pipeline'.
Computing hashes of 6 cells of `\control_pipeline'.
Finding duplicate cells in `\control_pipeline'.
Finding identical cells in module `\hazard_detection_unit'.
Computing hashes of 6 cells of `\hazard_detection_unit'.
Finding duplicate cells in `\hazard_detection_unit'.
Finding identical cells in module `\forwarding_unit'.
Computing hashes of 16 cells of `\forwarding_unit'.
Finding duplicate cells in `\forwarding_unit'.
Finding identical cells in module `\rv_core'.
Computing hashes of 64 cells of `\rv_core'.
Finding duplicate cells in `\rv_core'.
Finding identical cells in module `\stall_flush_logic'.
Computing hashes of 5 cells of `\stall_flush_logic'.
Finding duplicate cells in `\stall_flush_logic'.
Finding identical cells in module `$paramod$92ddabe66900a618ce68df6d5562d493b291abf4\decode'.
Computing hashes of 19 cells of `$paramod$92ddabe66900a618ce68df6d5562d493b291abf4\decode'.
Finding duplicate cells in `$paramod$92ddabe66900a618ce68df6d5562d493b291abf4\decode'.
Finding identical cells in module `$paramod\igen\DWIDTH=s32'00000000000000000000000000100000'.
Computing hashes of 11 cells of `$paramod\igen\DWIDTH=s32'00000000000000000000000000100000'.
Finding duplicate cells in `$paramod\igen\DWIDTH=s32'00000000000000000000000000100000'.
Finding identical cells in module `$paramod\control\DWIDTH=s32'00000000000000000000000000100000'.
Computing hashes of 35 cells of `$paramod\control\DWIDTH=s32'00000000000000000000000000100000'.
Finding duplicate cells in `$paramod\control\DWIDTH=s32'00000000000000000000000000100000'.
Finding identical cells in module `$paramod$92ddabe66900a618ce68df6d5562d493b291abf4\alu'.
Computing hashes of 41 cells of `$paramod$92ddabe66900a618ce68df6d5562d493b291abf4\alu'.
Finding duplicate cells in `$paramod$92ddabe66900a618ce68df6d5562d493b291abf4\alu'.
Finding identical cells in module `$paramod$601c9edda80f283a73a87bf3095d4d13f490358d\memory'.
Computing hashes of 2 cells of `$paramod$601c9edda80f283a73a87bf3095d4d13f490358d\memory'.
Finding duplicate cells in `$paramod$601c9edda80f283a73a87bf3095d4d13f490358d\memory'.
Finding identical cells in module `$paramod$92ddabe66900a618ce68df6d5562d493b291abf4\writeback'.
Computing hashes of 6 cells of `$paramod$92ddabe66900a618ce68df6d5562d493b291abf4\writeback'.
Finding duplicate cells in `$paramod$92ddabe66900a618ce68df6d5562d493b291abf4\writeback'.
Finding identical cells in module `$paramod\register_file\DWIDTH=s32'00000000000000000000000000100000'.
Computing hashes of 262 cells of `$paramod\register_file\DWIDTH=s32'00000000000000000000000000100000'.
Finding duplicate cells in `$paramod\register_file\DWIDTH=s32'00000000000000000000000000100000'.
Finding identical cells in module `$paramod$601c9edda80f283a73a87bf3095d4d13f490358d\memory_controller'.
Computing hashes of 17 cells of `$paramod$601c9edda80f283a73a87bf3095d4d13f490358d\memory_controller'.
Finding duplicate cells in `$paramod$601c9edda80f283a73a87bf3095d4d13f490358d\memory_controller'.
Finding identical cells in module `$paramod$72aa32f6215a5e7f33ea8e69cece12e4d4e95dbe\main_memory'.
Computing hashes of 3450 cells of `$paramod$72aa32f6215a5e7f33ea8e69cece12e4d4e95dbe\main_memory'.
Finding duplicate cells in `$paramod$72aa32f6215a5e7f33ea8e69cece12e4d4e95dbe\main_memory'.
Finding identical cells in module `$paramod\branch_control\DWIDTH=s32'00000000000000000000000000100000'.
Computing hashes of 17 cells of `$paramod\branch_control\DWIDTH=s32'00000000000000000000000000100000'.
Finding duplicate cells in `$paramod\branch_control\DWIDTH=s32'00000000000000000000000000100000'.
Removed a total of 0 cells.

yosys> opt_dff

24.6. Executing OPT_DFF pass (perform DFF optimizations).

yosys> opt_clean

24.7. Executing OPT_CLEAN pass (remove unused cells and wires).
Finding unused cells or wires in module $paramod$c62f8a9f84677eaf1c2389a0b378e75c721b2371\fetch..
Finding unused cells or wires in module \control_pipeline..
Finding unused cells or wires in module \hazard_detection_unit..
Finding unused cells or wires in module \forwarding_unit..
Finding unused cells or wires in module \rv_core..
Finding unused cells or wires in module \stall_flush_logic..
Finding unused cells or wires in module $paramod$92ddabe66900a618ce68df6d5562d493b291abf4\decode..
Finding unused cells or wires in module $paramod\igen\DWIDTH=s32'00000000000000000000000000100000..
Finding unused cells or wires in module $paramod\control\DWIDTH=s32'00000000000000000000000000100000..
Finding unused cells or wires in module $paramod$92ddabe66900a618ce68df6d5562d493b291abf4\alu..
Finding unused cells or wires in module $paramod$601c9edda80f283a73a87bf3095d4d13f490358d\memory..
Finding unused cells or wires in module $paramod$92ddabe66900a618ce68df6d5562d493b291abf4\writeback..
Finding unused cells or wires in module $paramod\register_file\DWIDTH=s32'00000000000000000000000000100000..
Finding unused cells or wires in module $paramod$601c9edda80f283a73a87bf3095d4d13f490358d\memory_controller..
Finding unused cells or wires in module $paramod$72aa32f6215a5e7f33ea8e69cece12e4d4e95dbe\main_memory..
Finding unused cells or wires in module $paramod\branch_control\DWIDTH=s32'00000000000000000000000000100000..

yosys> opt_expr

24.8. Executing OPT_EXPR pass (perform const folding).
Optimizing module $paramod$c62f8a9f84677eaf1c2389a0b378e75c721b2371\fetch.
Optimizing module control_pipeline.
Optimizing module hazard_detection_unit.
Optimizing module forwarding_unit.
Optimizing module rv_core.
Optimizing module stall_flush_logic.
Optimizing module $paramod$92ddabe66900a618ce68df6d5562d493b291abf4\decode.
Optimizing module $paramod\igen\DWIDTH=s32'00000000000000000000000000100000.
Optimizing module $paramod\control\DWIDTH=s32'00000000000000000000000000100000.
Optimizing module $paramod$92ddabe66900a618ce68df6d5562d493b291abf4\alu.
Optimizing module $paramod$601c9edda80f283a73a87bf3095d4d13f490358d\memory.
Optimizing module $paramod$92ddabe66900a618ce68df6d5562d493b291abf4\writeback.
Optimizing module $paramod\register_file\DWIDTH=s32'00000000000000000000000000100000.
Optimizing module $paramod$601c9edda80f283a73a87bf3095d4d13f490358d\memory_controller.
Optimizing module $paramod$72aa32f6215a5e7f33ea8e69cece12e4d4e95dbe\main_memory.
Optimizing module $paramod\branch_control\DWIDTH=s32'00000000000000000000000000100000.

24.9. Finished fast OPT passes. (There is nothing left to do.)

yosys> techmap

25. Executing TECHMAP pass (map to technology primitives).

25.1. Executing Verilog-2005 frontend: /opt/homebrew/bin/../share/yosys/techmap.v
Parsing Verilog input from `/opt/homebrew/bin/../share/yosys/techmap.v' to AST representation.
Generating RTLIL representation for module `\_90_simplemap_bool_ops'.
Generating RTLIL representation for module `\_90_simplemap_reduce_ops'.
Generating RTLIL representation for module `\_90_simplemap_logic_ops'.
Generating RTLIL representation for module `\_90_simplemap_compare_ops'.
Generating RTLIL representation for module `\_90_simplemap_various'.
Generating RTLIL representation for module `\_90_simplemap_registers'.
Generating RTLIL representation for module `\_90_shift_ops_shr_shl_sshl_sshr'.
Generating RTLIL representation for module `\_90_shift_shiftx'.
Generating RTLIL representation for module `\_90_fa'.
Generating RTLIL representation for module `\_90_lcu_brent_kung'.
Generating RTLIL representation for module `\_90_alu'.
Generating RTLIL representation for module `\_90_macc'.
Generating RTLIL representation for module `\_90_alumacc'.
Generating RTLIL representation for module `$__div_mod_u'.
Generating RTLIL representation for module `$__div_mod_trunc'.
Generating RTLIL representation for module `\_90_div'.
Generating RTLIL representation for module `\_90_mod'.
Generating RTLIL representation for module `$__div_mod_floor'.
Generating RTLIL representation for module `\_90_divfloor'.
Generating RTLIL representation for module `\_90_modfloor'.
Generating RTLIL representation for module `\_90_pow'.
Generating RTLIL representation for module `\_90_demux'.
Generating RTLIL representation for module `\_90_lut'.
Generating RTLIL representation for module `$connect'.
Generating RTLIL representation for module `$input_port'.
Successfully finished Verilog frontend.

25.2. Continuing TECHMAP pass.
Using extmapper simplemap for cells of type $eq.
Using extmapper simplemap for cells of type $mux.
Using extmapper simplemap for cells of type $logic_or.
Running "alumacc" on wrapper $extern:wrap:$lt:Y_WIDTH=1:B_WIDTH=32:A_WIDTH=32:B_SIGNED=0:A_SIGNED=0:394426c56d1a028ba8fdd5469b163e04011def47.
Using template $extern:wrap:$lt:Y_WIDTH=1:B_WIDTH=32:A_WIDTH=32:B_SIGNED=0:A_SIGNED=0:394426c56d1a028ba8fdd5469b163e04011def47 for cells of type $extern:wrap:$lt:Y_WIDTH=1:B_WIDTH=32:A_WIDTH=32:B_SIGNED=0:A_SIGNED=0:394426c56d1a028ba8fdd5469b163e04011def47.
Running "alumacc" on wrapper $extern:wrap:$gt:Y_WIDTH=1:B_WIDTH=1:A_WIDTH=1:B_SIGNED=0:A_SIGNED=0:394426c56d1a028ba8fdd5469b163e04011def47.
Using template $extern:wrap:$gt:Y_WIDTH=1:B_WIDTH=1:A_WIDTH=1:B_SIGNED=0:A_SIGNED=0:394426c56d1a028ba8fdd5469b163e04011def47 for cells of type $extern:wrap:$gt:Y_WIDTH=1:B_WIDTH=1:A_WIDTH=1:B_SIGNED=0:A_SIGNED=0:394426c56d1a028ba8fdd5469b163e04011def47.
Running "alumacc" on wrapper $extern:wrap:$lt:Y_WIDTH=1:B_WIDTH=1:A_WIDTH=1:B_SIGNED=0:A_SIGNED=0:394426c56d1a028ba8fdd5469b163e04011def47.
Using template $extern:wrap:$lt:Y_WIDTH=1:B_WIDTH=1:A_WIDTH=1:B_SIGNED=0:A_SIGNED=0:394426c56d1a028ba8fdd5469b163e04011def47 for cells of type $extern:wrap:$lt:Y_WIDTH=1:B_WIDTH=1:A_WIDTH=1:B_SIGNED=0:A_SIGNED=0:394426c56d1a028ba8fdd5469b163e04011def47.
Running "alumacc" on wrapper $extern:wrap:$lt:Y_WIDTH=1:B_WIDTH=31:A_WIDTH=31:B_SIGNED=0:A_SIGNED=0:394426c56d1a028ba8fdd5469b163e04011def47.
Using template $extern:wrap:$lt:Y_WIDTH=1:B_WIDTH=31:A_WIDTH=31:B_SIGNED=0:A_SIGNED=0:394426c56d1a028ba8fdd5469b163e04011def47 for cells of type $extern:wrap:$lt:Y_WIDTH=1:B_WIDTH=31:A_WIDTH=31:B_SIGNED=0:A_SIGNED=0:394426c56d1a028ba8fdd5469b163e04011def47.
Using extmapper simplemap for cells of type $not.
Using template $paramod$ebf89ea36a793f0f77858f212141d47c833068ad\_90_alu for cells of type $alu.
Using template $paramod$fc972a7a46956c1788f3cb5257b53c8f1df2d0cc\_90_alu for cells of type $alu.
Using extmapper simplemap for cells of type $reduce_and.
Using extmapper simplemap for cells of type $or.
Using template $paramod$fbc7873bff55778c0b3173955b7e4bce1d9d6834\_90_alu for cells of type $alu.
Using extmapper simplemap for cells of type $pos.
Using template $paramod\_90_fa\WIDTH=32'00000000000000000000000000100000 for cells of type $fa.
Using template $paramod\_90_lcu_brent_kung\WIDTH=32'00000000000000000000000000100000 for cells of type $lcu.
Using extmapper simplemap for cells of type $xor.
Using template $paramod\_90_fa\WIDTH=32'00000000000000000000000000000001 for cells of type $fa.
Using template $paramod\_90_lcu_brent_kung\WIDTH=32'00000000000000000000000000000001 for cells of type $lcu.
Using template $paramod\_90_fa\WIDTH=32'00000000000000000000000000011111 for cells of type $fa.
Using template $paramod\_90_lcu_brent_kung\WIDTH=32'00000000000000000000000000011111 for cells of type $lcu.
Using extmapper simplemap for cells of type $and.
Using extmapper simplemap for cells of type $dffe.
Running "alumacc" on wrapper $extern:wrap:$sub:Y_WIDTH=32:B_WIDTH=32:A_WIDTH=32:B_SIGNED=0:A_SIGNED=0:394426c56d1a028ba8fdd5469b163e04011def47.
Using template $extern:wrap:$sub:Y_WIDTH=32:B_WIDTH=32:A_WIDTH=32:B_SIGNED=0:A_SIGNED=0:394426c56d1a028ba8fdd5469b163e04011def47 for cells of type $extern:wrap:$sub:Y_WIDTH=32:B_WIDTH=32:A_WIDTH=32:B_SIGNED=0:A_SIGNED=0:394426c56d1a028ba8fdd5469b163e04011def47.
Running "alumacc" on wrapper $extern:wrap:$ge:Y_WIDTH=1:B_WIDTH=32:A_WIDTH=32:B_SIGNED=0:A_SIGNED=0:394426c56d1a028ba8fdd5469b163e04011def47.
Using template $extern:wrap:$ge:Y_WIDTH=1:B_WIDTH=32:A_WIDTH=32:B_SIGNED=0:A_SIGNED=0:394426c56d1a028ba8fdd5469b163e04011def47 for cells of type $extern:wrap:$ge:Y_WIDTH=1:B_WIDTH=32:A_WIDTH=32:B_SIGNED=0:A_SIGNED=0:394426c56d1a028ba8fdd5469b163e04011def47.
Running "alumacc" on wrapper $extern:wrap:$add:Y_WIDTH=32:B_WIDTH=32:A_WIDTH=32:B_SIGNED=0:A_SIGNED=0:394426c56d1a028ba8fdd5469b163e04011def47.
Using template $extern:wrap:$add:Y_WIDTH=32:B_WIDTH=32:A_WIDTH=32:B_SIGNED=0:A_SIGNED=0:394426c56d1a028ba8fdd5469b163e04011def47 for cells of type $extern:wrap:$add:Y_WIDTH=32:B_WIDTH=32:A_WIDTH=32:B_SIGNED=0:A_SIGNED=0:394426c56d1a028ba8fdd5469b163e04011def47.
Using extmapper simplemap for cells of type $logic_and.
Using extmapper simplemap for cells of type $reduce_or.
Using template $paramod$constmap:11c7bc42352b2b52c89fac963a80f29dfbe0bb99$paramod$56955d0f36f77738c952d3505dc563df3ee11b94\_90_shift_ops_shr_shl_sshl_sshr for cells of type $shr.
Using template $paramod$constmap:02d92f7c41c6e05350e231b014ff179d9e1ab4ef$paramod$7b0bb309dce042ecaf2e0bfa495da988fc49fdf1\_90_shift_ops_shr_shl_sshl_sshr for cells of type $shl.
Analyzing pattern of constant bits for this cell:
  Constant input on bit 0 of port A: 1'1
  Constant input on bit 1 of port A: 1'1
  Constant input on bit 2 of port A: 1'0
  Constant input on bit 3 of port A: 1'0
Creating constmapped module `$paramod$constmap:a70fc161ad3817f1ae49001a731d605160006f52$paramod$7b0bb309dce042ecaf2e0bfa495da988fc49fdf1\_90_shift_ops_shr_shl_sshl_sshr'.

yosys [$paramod$constmap:a70fc161ad3817f1ae49001a731d605160006f52$paramod$7b0bb309dce042ecaf2e0bfaopt_muxtree

25.51. Executing OPT_MUXTREE pass (detect dead branches in mux trees).
Running muxtree optimizer on module $paramod$constmap:a70fc161ad3817f1ae49001a731d605160006f52$paramod$7b0bb309dce042ecaf2e0bfa495da988fc49fdf1\_90_shift_ops_shr_shl_sshl_sshr..
  Creating internal representation of mux trees.
  No muxes found in this module.
Removed 0 multiplexer ports.
<suppressed ~6142 debug messages>

yosys [$paramod$constmap:a70fc161ad3817f1ae49001a731d605160006f52$paramod$7b0bb309dce042ecaf2e0bfaopt_expr -mux_undef -mux_bool -fine

25.52. Executing OPT_EXPR pass (perform const folding).
Optimizing module $paramod$constmap:a70fc161ad3817f1ae49001a731d605160006f52$paramod$7b0bb309dce042ecaf2e0bfa495da988fc49fdf1\_90_shift_ops_shr_shl_sshl_sshr.
<suppressed ~12 debug messages>

yosys [$paramod$constmap:a70fc161ad3817f1ae49001a731d605160006f52$paramod$7b0bb309dce042ecaf2e0bfaclean -purge
Removed 0 unused cells and 7 unused wires.
Using template $paramod$constmap:a70fc161ad3817f1ae49001a731d605160006f52$paramod$7b0bb309dce042ecaf2e0bfa495da988fc49fdf1\_90_shift_ops_shr_shl_sshl_sshr for cells of type $shl.
Analyzing pattern of constant bits for this cell:
  Constant input on bit 0 of port A: 1'1
  Constant input on bit 1 of port A: 1'1
  Constant input on bit 2 of port A: 1'1
  Constant input on bit 3 of port A: 1'1
Creating constmapped module `$paramod$constmap:cca41504c7973cbcc79a9ecef8432c8e2bffff36$paramod$7b0bb309dce042ecaf2e0bfa495da988fc49fdf1\_90_shift_ops_shr_shl_sshl_sshr'.

yosys [$paramod$constmap:cca41504c7973cbcc79a9ecef8432c8e2bffff36$paramod$7b0bb309dce042ecaf2e0bfaopt_muxtree

25.53. Executing OPT_MUXTREE pass (detect dead branches in mux trees).
Running muxtree optimizer on module $paramod$constmap:cca41504c7973cbcc79a9ecef8432c8e2bffff36$paramod$7b0bb309dce042ecaf2e0bfa495da988fc49fdf1\_90_shift_ops_shr_shl_sshl_sshr..
  Creating internal representation of mux trees.
  No muxes found in this module.
Removed 0 multiplexer ports.
<suppressed ~1 debug messages>

yosys [$paramod$constmap:cca41504c7973cbcc79a9ecef8432c8e2bffff36$paramod$7b0bb309dce042ecaf2e0bfaopt_expr -mux_undef -mux_bool -fine

25.54. Executing OPT_EXPR pass (perform const folding).
Optimizing module $paramod$constmap:cca41504c7973cbcc79a9ecef8432c8e2bffff36$paramod$7b0bb309dce042ecaf2e0bfa495da988fc49fdf1\_90_shift_ops_shr_shl_sshl_sshr.
<suppressed ~12 debug messages>

yosys [$paramod$constmap:cca41504c7973cbcc79a9ecef8432c8e2bffff36$paramod$7b0bb309dce042ecaf2e0bfaclean -purge
Removed 0 unused cells and 7 unused wires.
Using template $paramod$constmap:cca41504c7973cbcc79a9ecef8432c8e2bffff36$paramod$7b0bb309dce042ecaf2e0bfa495da988fc49fdf1\_90_shift_ops_shr_shl_sshl_sshr for cells of type $shl.
Using extmapper simplemap for cells of type $pmux.
Using extmapper simplemap for cells of type $logic_not.
Using extmapper simplemap for cells of type $reduce_bool.
Using template $paramod$constmap:6111415c3ecfd9bb520e2072bfee38e7d8bfb139$paramod$335cfd09f1afa8139c4aafcbbe5f361887b79c5e\_90_shift_ops_shr_shl_sshl_sshr for cells of type $shl.
Using template $paramod$constmap:6111415c3ecfd9bb520e2072bfee38e7d8bfb139$paramod$feecc7a0dbd012970970f2858f15e786e251f677\_90_shift_ops_shr_shl_sshl_sshr for cells of type $shr.
Using template $paramod$constmap:6111415c3ecfd9bb520e2072bfee38e7d8bfb139$paramod$e765c459d3029c22a22a27989e94858fd9ebfa9c\_90_shift_ops_shr_shl_sshl_sshr for cells of type $sshr.
Running "alumacc" on wrapper $extern:wrap:$lt:Y_WIDTH=1:B_WIDTH=32:A_WIDTH=32:B_SIGNED=1:A_SIGNED=1:394426c56d1a028ba8fdd5469b163e04011def47.
Using template $extern:wrap:$lt:Y_WIDTH=1:B_WIDTH=32:A_WIDTH=32:B_SIGNED=1:A_SIGNED=1:394426c56d1a028ba8fdd5469b163e04011def47 for cells of type $extern:wrap:$lt:Y_WIDTH=1:B_WIDTH=32:A_WIDTH=32:B_SIGNED=1:A_SIGNED=1:394426c56d1a028ba8fdd5469b163e04011def47.
Using template $paramod$2653f68ddb8eab7b1907b4a20767b72a824a7a36\_90_alu for cells of type $alu.
Using extmapper simplemap for cells of type $ne.
Using extmapper simplemap for cells of type $sdffe.
No more expansions possible.
<suppressed ~3082 debug messages>

yosys> opt

26. Executing OPT pass (performing simple optimizations).

yosys> opt_expr

26.1. Executing OPT_EXPR pass (perform const folding).
Optimizing module $paramod$c62f8a9f84677eaf1c2389a0b378e75c721b2371\fetch.
<suppressed ~317 debug messages>
Optimizing module control_pipeline.
Optimizing module hazard_detection_unit.
Optimizing module forwarding_unit.
<suppressed ~6 debug messages>
Optimizing module rv_core.
<suppressed ~8 debug messages>
Optimizing module stall_flush_logic.
Optimizing module $paramod$92ddabe66900a618ce68df6d5562d493b291abf4\decode.
<suppressed ~56 debug messages>
Optimizing module $paramod\igen\DWIDTH=s32'00000000000000000000000000100000.
<suppressed ~84 debug messages>
Optimizing module $paramod\control\DWIDTH=s32'00000000000000000000000000100000.
<suppressed ~227 debug messages>
Optimizing module $paramod$92ddabe66900a618ce68df6d5562d493b291abf4\alu.
<suppressed ~1037 debug messages>
Optimizing module $paramod$601c9edda80f283a73a87bf3095d4d13f490358d\memory.
Optimizing module $paramod$92ddabe66900a618ce68df6d5562d493b291abf4\writeback.
<suppressed ~321 debug messages>
Optimizing module $paramod\register_file\DWIDTH=s32'00000000000000000000000000100000.
<suppressed ~2 debug messages>
Optimizing module $paramod$601c9edda80f283a73a87bf3095d4d13f490358d\memory_controller.
<suppressed ~336 debug messages>
Optimizing module $paramod$72aa32f6215a5e7f33ea8e69cece12e4d4e95dbe\main_memory.
<suppressed ~1142 debug messages>
Optimizing module $paramod\branch_control\DWIDTH=s32'00000000000000000000000000100000.
<suppressed ~292 debug messages>

yosys> opt_merge -nomux

26.2. Executing OPT_MERGE pass (detect identical cells).
Finding identical cells in module `$paramod$c62f8a9f84677eaf1c2389a0b378e75c721b2371\fetch'.
Computing hashes of 179 cells of `$paramod$c62f8a9f84677eaf1c2389a0b378e75c721b2371\fetch'.
Finding duplicate cells in `$paramod$c62f8a9f84677eaf1c2389a0b378e75c721b2371\fetch'.
Finding identical cells in module `\control_pipeline'.
Computing hashes of 42 cells of `\control_pipeline'.
Finding duplicate cells in `\control_pipeline'.
Finding identical cells in module `\hazard_detection_unit'.
Computing hashes of 27 cells of `\hazard_detection_unit'.
Finding duplicate cells in `\hazard_detection_unit'.
Finding identical cells in module `\forwarding_unit'.
Computing hashes of 56 cells of `\forwarding_unit'.
Finding duplicate cells in `\forwarding_unit'.
Finding identical cells in module `\rv_core'.
Computing hashes of 1064 cells of `\rv_core'.
Finding duplicate cells in `\rv_core'.
Finding identical cells in module `\stall_flush_logic'.
Computing hashes of 5 cells of `\stall_flush_logic'.
Finding duplicate cells in `\stall_flush_logic'.
Finding identical cells in module `$paramod$92ddabe66900a618ce68df6d5562d493b291abf4\decode'.
Computing hashes of 105 cells of `$paramod$92ddabe66900a618ce68df6d5562d493b291abf4\decode'.
Finding duplicate cells in `$paramod$92ddabe66900a618ce68df6d5562d493b291abf4\decode'.
Computing hashes of 77 cells of `$paramod$92ddabe66900a618ce68df6d5562d493b291abf4\decode'.
Finding duplicate cells in `$paramod$92ddabe66900a618ce68df6d5562d493b291abf4\decode'.
Computing hashes of 66 cells of `$paramod$92ddabe66900a618ce68df6d5562d493b291abf4\decode'.
Finding duplicate cells in `$paramod$92ddabe66900a618ce68df6d5562d493b291abf4\decode'.
Computing hashes of 57 cells of `$paramod$92ddabe66900a618ce68df6d5562d493b291abf4\decode'.
Finding duplicate cells in `$paramod$92ddabe66900a618ce68df6d5562d493b291abf4\decode'.
Computing hashes of 55 cells of `$paramod$92ddabe66900a618ce68df6d5562d493b291abf4\decode'.
Finding duplicate cells in `$paramod$92ddabe66900a618ce68df6d5562d493b291abf4\decode'.
<suppressed ~150 debug messages>
Finding identical cells in module `$paramod\igen\DWIDTH=s32'00000000000000000000000000100000'.
Computing hashes of 387 cells of `$paramod\igen\DWIDTH=s32'00000000000000000000000000100000'.
Finding duplicate cells in `$paramod\igen\DWIDTH=s32'00000000000000000000000000100000'.
Computing hashes of 289 cells of `$paramod\igen\DWIDTH=s32'00000000000000000000000000100000'.
Finding duplicate cells in `$paramod\igen\DWIDTH=s32'00000000000000000000000000100000'.
Computing hashes of 257 cells of `$paramod\igen\DWIDTH=s32'00000000000000000000000000100000'.
Finding duplicate cells in `$paramod\igen\DWIDTH=s32'00000000000000000000000000100000'.
Computing hashes of 249 cells of `$paramod\igen\DWIDTH=s32'00000000000000000000000000100000'.
Finding duplicate cells in `$paramod\igen\DWIDTH=s32'00000000000000000000000000100000'.
<suppressed ~414 debug messages>
Finding identical cells in module `$paramod\control\DWIDTH=s32'00000000000000000000000000100000'.
Computing hashes of 231 cells of `$paramod\control\DWIDTH=s32'00000000000000000000000000100000'.
Finding duplicate cells in `$paramod\control\DWIDTH=s32'00000000000000000000000000100000'.
Computing hashes of 168 cells of `$paramod\control\DWIDTH=s32'00000000000000000000000000100000'.
Finding duplicate cells in `$paramod\control\DWIDTH=s32'00000000000000000000000000100000'.
Computing hashes of 145 cells of `$paramod\control\DWIDTH=s32'00000000000000000000000000100000'.
Finding duplicate cells in `$paramod\control\DWIDTH=s32'00000000000000000000000000100000'.
Computing hashes of 133 cells of `$paramod\control\DWIDTH=s32'00000000000000000000000000100000'.
Finding duplicate cells in `$paramod\control\DWIDTH=s32'00000000000000000000000000100000'.
Computing hashes of 130 cells of `$paramod\control\DWIDTH=s32'00000000000000000000000000100000'.
Finding duplicate cells in `$paramod\control\DWIDTH=s32'00000000000000000000000000100000'.
<suppressed ~303 debug messages>
Finding identical cells in module `$paramod$92ddabe66900a618ce68df6d5562d493b291abf4\alu'.
Computing hashes of 2596 cells of `$paramod$92ddabe66900a618ce68df6d5562d493b291abf4\alu'.
Finding duplicate cells in `$paramod$92ddabe66900a618ce68df6d5562d493b291abf4\alu'.
Computing hashes of 2377 cells of `$paramod$92ddabe66900a618ce68df6d5562d493b291abf4\alu'.
Finding duplicate cells in `$paramod$92ddabe66900a618ce68df6d5562d493b291abf4\alu'.
Computing hashes of 2209 cells of `$paramod$92ddabe66900a618ce68df6d5562d493b291abf4\alu'.
Finding duplicate cells in `$paramod$92ddabe66900a618ce68df6d5562d493b291abf4\alu'.
Computing hashes of 2119 cells of `$paramod$92ddabe66900a618ce68df6d5562d493b291abf4\alu'.
Finding duplicate cells in `$paramod$92ddabe66900a618ce68df6d5562d493b291abf4\alu'.
Computing hashes of 2054 cells of `$paramod$92ddabe66900a618ce68df6d5562d493b291abf4\alu'.
Finding duplicate cells in `$paramod$92ddabe66900a618ce68df6d5562d493b291abf4\alu'.
Computing hashes of 2031 cells of `$paramod$92ddabe66900a618ce68df6d5562d493b291abf4\alu'.
Finding duplicate cells in `$paramod$92ddabe66900a618ce68df6d5562d493b291abf4\alu'.
Computing hashes of 2009 cells of `$paramod$92ddabe66900a618ce68df6d5562d493b291abf4\alu'.
Finding duplicate cells in `$paramod$92ddabe66900a618ce68df6d5562d493b291abf4\alu'.
Computing hashes of 1999 cells of `$paramod$92ddabe66900a618ce68df6d5562d493b291abf4\alu'.
Finding duplicate cells in `$paramod$92ddabe66900a618ce68df6d5562d493b291abf4\alu'.
Computing hashes of 1983 cells of `$paramod$92ddabe66900a618ce68df6d5562d493b291abf4\alu'.
Finding duplicate cells in `$paramod$92ddabe66900a618ce68df6d5562d493b291abf4\alu'.
Computing hashes of 1975 cells of `$paramod$92ddabe66900a618ce68df6d5562d493b291abf4\alu'.
Finding duplicate cells in `$paramod$92ddabe66900a618ce68df6d5562d493b291abf4\alu'.
Computing hashes of 1957 cells of `$paramod$92ddabe66900a618ce68df6d5562d493b291abf4\alu'.
Finding duplicate cells in `$paramod$92ddabe66900a618ce68df6d5562d493b291abf4\alu'.
Computing hashes of 1947 cells of `$paramod$92ddabe66900a618ce68df6d5562d493b291abf4\alu'.
Finding duplicate cells in `$paramod$92ddabe66900a618ce68df6d5562d493b291abf4\alu'.
Computing hashes of 1921 cells of `$paramod$92ddabe66900a618ce68df6d5562d493b291abf4\alu'.
Finding duplicate cells in `$paramod$92ddabe66900a618ce68df6d5562d493b291abf4\alu'.
Computing hashes of 1905 cells of `$paramod$92ddabe66900a618ce68df6d5562d493b291abf4\alu'.
Finding duplicate cells in `$paramod$92ddabe66900a618ce68df6d5562d493b291abf4\alu'.
Computing hashes of 1877 cells of `$paramod$92ddabe66900a618ce68df6d5562d493b291abf4\alu'.
Finding duplicate cells in `$paramod$92ddabe66900a618ce68df6d5562d493b291abf4\alu'.
Computing hashes of 1863 cells of `$paramod$92ddabe66900a618ce68df6d5562d493b291abf4\alu'.
Finding duplicate cells in `$paramod$92ddabe66900a618ce68df6d5562d493b291abf4\alu'.
Computing hashes of 1841 cells of `$paramod$92ddabe66900a618ce68df6d5562d493b291abf4\alu'.
Finding duplicate cells in `$paramod$92ddabe66900a618ce68df6d5562d493b291abf4\alu'.
Computing hashes of 1833 cells of `$paramod$92ddabe66900a618ce68df6d5562d493b291abf4\alu'.
Finding duplicate cells in `$paramod$92ddabe66900a618ce68df6d5562d493b291abf4\alu'.
Computing hashes of 1823 cells of `$paramod$92ddabe66900a618ce68df6d5562d493b291abf4\alu'.
Finding duplicate cells in `$paramod$92ddabe66900a618ce68df6d5562d493b291abf4\alu'.
Computing hashes of 1821 cells of `$paramod$92ddabe66900a618ce68df6d5562d493b291abf4\alu'.
Finding duplicate cells in `$paramod$92ddabe66900a618ce68df6d5562d493b291abf4\alu'.
Computing hashes of 1819 cells of `$paramod$92ddabe66900a618ce68df6d5562d493b291abf4\alu'.
Finding duplicate cells in `$paramod$92ddabe66900a618ce68df6d5562d493b291abf4\alu'.
<suppressed ~2331 debug messages>
Finding identical cells in module `$paramod$601c9edda80f283a73a87bf3095d4d13f490358d\memory'.
Computing hashes of 2 cells of `$paramod$601c9edda80f283a73a87bf3095d4d13f490358d\memory'.
Finding duplicate cells in `$paramod$601c9edda80f283a73a87bf3095d4d13f490358d\memory'.
Finding identical cells in module `$paramod$92ddabe66900a618ce68df6d5562d493b291abf4\writeback'.
Computing hashes of 356 cells of `$paramod$92ddabe66900a618ce68df6d5562d493b291abf4\writeback'.
Finding duplicate cells in `$paramod$92ddabe66900a618ce68df6d5562d493b291abf4\writeback'.
Computing hashes of 354 cells of `$paramod$92ddabe66900a618ce68df6d5562d493b291abf4\writeback'.
Finding duplicate cells in `$paramod$92ddabe66900a618ce68df6d5562d493b291abf4\writeback'.
<suppressed ~6 debug messages>
Finding identical cells in module `$paramod\register_file\DWIDTH=s32'00000000000000000000000000100000'.
Computing hashes of 4301 cells of `$paramod\register_file\DWIDTH=s32'00000000000000000000000000100000'.
Finding duplicate cells in `$paramod\register_file\DWIDTH=s32'00000000000000000000000000100000'.
Computing hashes of 4239 cells of `$paramod\register_file\DWIDTH=s32'00000000000000000000000000100000'.
Finding duplicate cells in `$paramod\register_file\DWIDTH=s32'00000000000000000000000000100000'.
<suppressed ~186 debug messages>
Finding identical cells in module `$paramod$601c9edda80f283a73a87bf3095d4d13f490358d\memory_controller'.
Computing hashes of 786 cells of `$paramod$601c9edda80f283a73a87bf3095d4d13f490358d\memory_controller'.
Finding duplicate cells in `$paramod$601c9edda80f283a73a87bf3095d4d13f490358d\memory_controller'.
Computing hashes of 697 cells of `$paramod$601c9edda80f283a73a87bf3095d4d13f490358d\memory_controller'.
Finding duplicate cells in `$paramod$601c9edda80f283a73a87bf3095d4d13f490358d\memory_controller'.
Computing hashes of 678 cells of `$paramod$601c9edda80f283a73a87bf3095d4d13f490358d\memory_controller'.
Finding duplicate cells in `$paramod$601c9edda80f283a73a87bf3095d4d13f490358d\memory_controller'.
<suppressed ~324 debug messages>
Finding identical cells in module `$paramod$72aa32f6215a5e7f33ea8e69cece12e4d4e95dbe\main_memory'.
Computing hashes of 27423 cells of `$paramod$72aa32f6215a5e7f33ea8e69cece12e4d4e95dbe\main_memory'.
Finding duplicate cells in `$paramod$72aa32f6215a5e7f33ea8e69cece12e4d4e95dbe\main_memory'.
Computing hashes of 27329 cells of `$paramod$72aa32f6215a5e7f33ea8e69cece12e4d4e95dbe\main_memory'.
Finding duplicate cells in `$paramod$72aa32f6215a5e7f33ea8e69cece12e4d4e95dbe\main_memory'.
Computing hashes of 27248 cells of `$paramod$72aa32f6215a5e7f33ea8e69cece12e4d4e95dbe\main_memory'.
Finding duplicate cells in `$paramod$72aa32f6215a5e7f33ea8e69cece12e4d4e95dbe\main_memory'.
Computing hashes of 27223 cells of `$paramod$72aa32f6215a5e7f33ea8e69cece12e4d4e95dbe\main_memory'.
Finding duplicate cells in `$paramod$72aa32f6215a5e7f33ea8e69cece12e4d4e95dbe\main_memory'.
Computing hashes of 27211 cells of `$paramod$72aa32f6215a5e7f33ea8e69cece12e4d4e95dbe\main_memory'.
Finding duplicate cells in `$paramod$72aa32f6215a5e7f33ea8e69cece12e4d4e95dbe\main_memory'.
Computing hashes of 27199 cells of `$paramod$72aa32f6215a5e7f33ea8e69cece12e4d4e95dbe\main_memory'.
Finding duplicate cells in `$paramod$72aa32f6215a5e7f33ea8e69cece12e4d4e95dbe\main_memory'.
Computing hashes of 27193 cells of `$paramod$72aa32f6215a5e7f33ea8e69cece12e4d4e95dbe\main_memory'.
Finding duplicate cells in `$paramod$72aa32f6215a5e7f33ea8e69cece12e4d4e95dbe\main_memory'.
Computing hashes of 27183 cells of `$paramod$72aa32f6215a5e7f33ea8e69cece12e4d4e95dbe\main_memory'.
Finding duplicate cells in `$paramod$72aa32f6215a5e7f33ea8e69cece12e4d4e95dbe\main_memory'.
Computing hashes of 27177 cells of `$paramod$72aa32f6215a5e7f33ea8e69cece12e4d4e95dbe\main_memory'.
Finding duplicate cells in `$paramod$72aa32f6215a5e7f33ea8e69cece12e4d4e95dbe\main_memory'.
Computing hashes of 27163 cells of `$paramod$72aa32f6215a5e7f33ea8e69cece12e4d4e95dbe\main_memory'.
Finding duplicate cells in `$paramod$72aa32f6215a5e7f33ea8e69cece12e4d4e95dbe\main_memory'.
Computing hashes of 27155 cells of `$paramod$72aa32f6215a5e7f33ea8e69cece12e4d4e95dbe\main_memory'.
Finding duplicate cells in `$paramod$72aa32f6215a5e7f33ea8e69cece12e4d4e95dbe\main_memory'.
Computing hashes of 27141 cells of `$paramod$72aa32f6215a5e7f33ea8e69cece12e4d4e95dbe\main_memory'.
Finding duplicate cells in `$paramod$72aa32f6215a5e7f33ea8e69cece12e4d4e95dbe\main_memory'.
Computing hashes of 27134 cells of `$paramod$72aa32f6215a5e7f33ea8e69cece12e4d4e95dbe\main_memory'.
Finding duplicate cells in `$paramod$72aa32f6215a5e7f33ea8e69cece12e4d4e95dbe\main_memory'.
Computing hashes of 27124 cells of `$paramod$72aa32f6215a5e7f33ea8e69cece12e4d4e95dbe\main_memory'.
Finding duplicate cells in `$paramod$72aa32f6215a5e7f33ea8e69cece12e4d4e95dbe\main_memory'.
Computing hashes of 27120 cells of `$paramod$72aa32f6215a5e7f33ea8e69cece12e4d4e95dbe\main_memory'.
Finding duplicate cells in `$paramod$72aa32f6215a5e7f33ea8e69cece12e4d4e95dbe\main_memory'.
Computing hashes of 27115 cells of `$paramod$72aa32f6215a5e7f33ea8e69cece12e4d4e95dbe\main_memory'.
Finding duplicate cells in `$paramod$72aa32f6215a5e7f33ea8e69cece12e4d4e95dbe\main_memory'.
Computing hashes of 27114 cells of `$paramod$72aa32f6215a5e7f33ea8e69cece12e4d4e95dbe\main_memory'.
Finding duplicate cells in `$paramod$72aa32f6215a5e7f33ea8e69cece12e4d4e95dbe\main_memory'.
Computing hashes of 27113 cells of `$paramod$72aa32f6215a5e7f33ea8e69cece12e4d4e95dbe\main_memory'.
Finding duplicate cells in `$paramod$72aa32f6215a5e7f33ea8e69cece12e4d4e95dbe\main_memory'.
<suppressed ~930 debug messages>
Finding identical cells in module `$paramod\branch_control\DWIDTH=s32'00000000000000000000000000100000'.
Computing hashes of 631 cells of `$paramod\branch_control\DWIDTH=s32'00000000000000000000000000100000'.
Finding duplicate cells in `$paramod\branch_control\DWIDTH=s32'00000000000000000000000000100000'.
Computing hashes of 593 cells of `$paramod\branch_control\DWIDTH=s32'00000000000000000000000000100000'.
Finding duplicate cells in `$paramod\branch_control\DWIDTH=s32'00000000000000000000000000100000'.
Computing hashes of 527 cells of `$paramod\branch_control\DWIDTH=s32'00000000000000000000000000100000'.
Finding duplicate cells in `$paramod\branch_control\DWIDTH=s32'00000000000000000000000000100000'.
Computing hashes of 495 cells of `$paramod\branch_control\DWIDTH=s32'00000000000000000000000000100000'.
Finding duplicate cells in `$paramod\branch_control\DWIDTH=s32'00000000000000000000000000100000'.
Computing hashes of 472 cells of `$paramod\branch_control\DWIDTH=s32'00000000000000000000000000100000'.
Finding duplicate cells in `$paramod\branch_control\DWIDTH=s32'00000000000000000000000000100000'.
Computing hashes of 463 cells of `$paramod\branch_control\DWIDTH=s32'00000000000000000000000000100000'.
Finding duplicate cells in `$paramod\branch_control\DWIDTH=s32'00000000000000000000000000100000'.
Computing hashes of 454 cells of `$paramod\branch_control\DWIDTH=s32'00000000000000000000000000100000'.
Finding duplicate cells in `$paramod\branch_control\DWIDTH=s32'00000000000000000000000000100000'.
Computing hashes of 450 cells of `$paramod\branch_control\DWIDTH=s32'00000000000000000000000000100000'.
Finding duplicate cells in `$paramod\branch_control\DWIDTH=s32'00000000000000000000000000100000'.
Computing hashes of 443 cells of `$paramod\branch_control\DWIDTH=s32'00000000000000000000000000100000'.
Finding duplicate cells in `$paramod\branch_control\DWIDTH=s32'00000000000000000000000000100000'.
Computing hashes of 440 cells of `$paramod\branch_control\DWIDTH=s32'00000000000000000000000000100000'.
Finding duplicate cells in `$paramod\branch_control\DWIDTH=s32'00000000000000000000000000100000'.
Computing hashes of 432 cells of `$paramod\branch_control\DWIDTH=s32'00000000000000000000000000100000'.
Finding duplicate cells in `$paramod\branch_control\DWIDTH=s32'00000000000000000000000000100000'.
Computing hashes of 427 cells of `$paramod\branch_control\DWIDTH=s32'00000000000000000000000000100000'.
Finding duplicate cells in `$paramod\branch_control\DWIDTH=s32'00000000000000000000000000100000'.
Computing hashes of 415 cells of `$paramod\branch_control\DWIDTH=s32'00000000000000000000000000100000'.
Finding duplicate cells in `$paramod\branch_control\DWIDTH=s32'00000000000000000000000000100000'.
Computing hashes of 408 cells of `$paramod\branch_control\DWIDTH=s32'00000000000000000000000000100000'.
Finding duplicate cells in `$paramod\branch_control\DWIDTH=s32'00000000000000000000000000100000'.
Computing hashes of 394 cells of `$paramod\branch_control\DWIDTH=s32'00000000000000000000000000100000'.
Finding duplicate cells in `$paramod\branch_control\DWIDTH=s32'00000000000000000000000000100000'.
Computing hashes of 387 cells of `$paramod\branch_control\DWIDTH=s32'00000000000000000000000000100000'.
Finding duplicate cells in `$paramod\branch_control\DWIDTH=s32'00000000000000000000000000100000'.
Computing hashes of 376 cells of `$paramod\branch_control\DWIDTH=s32'00000000000000000000000000100000'.
Finding duplicate cells in `$paramod\branch_control\DWIDTH=s32'00000000000000000000000000100000'.
Computing hashes of 372 cells of `$paramod\branch_control\DWIDTH=s32'00000000000000000000000000100000'.
Finding duplicate cells in `$paramod\branch_control\DWIDTH=s32'00000000000000000000000000100000'.
Computing hashes of 367 cells of `$paramod\branch_control\DWIDTH=s32'00000000000000000000000000100000'.
Finding duplicate cells in `$paramod\branch_control\DWIDTH=s32'00000000000000000000000000100000'.
Computing hashes of 366 cells of `$paramod\branch_control\DWIDTH=s32'00000000000000000000000000100000'.
Finding duplicate cells in `$paramod\branch_control\DWIDTH=s32'00000000000000000000000000100000'.
<suppressed ~795 debug messages>
Removed a total of 1813 cells.

yosys> opt_muxtree

26.3. Executing OPT_MUXTREE pass (detect dead branches in mux trees).
Running muxtree optimizer on module $paramod$c62f8a9f84677eaf1c2389a0b378e75c721b2371\fetch..
  Creating internal representation of mux trees.
  No muxes found in this module.
Running muxtree optimizer on module \control_pipeline..
  Creating internal representation of mux trees.
  No muxes found in this module.
Running muxtree optimizer on module \hazard_detection_unit..
  Creating internal representation of mux trees.
  No muxes found in this module.
Running muxtree optimizer on module \forwarding_unit..
  Creating internal representation of mux trees.
  No muxes found in this module.
Running muxtree optimizer on module \rv_core..
  Creating internal representation of mux trees.
  No muxes found in this module.
Running muxtree optimizer on module \stall_flush_logic..
  Creating internal representation of mux trees.
  No muxes found in this module.
Running muxtree optimizer on module $paramod$92ddabe66900a618ce68df6d5562d493b291abf4\decode..
  Creating internal representation of mux trees.
  No muxes found in this module.
Running muxtree optimizer on module $paramod\igen\DWIDTH=s32'00000000000000000000000000100000..
  Creating internal representation of mux trees.
  No muxes found in this module.
Running muxtree optimizer on module $paramod\control\DWIDTH=s32'00000000000000000000000000100000..
  Creating internal representation of mux trees.
  No muxes found in this module.
Running muxtree optimizer on module $paramod$92ddabe66900a618ce68df6d5562d493b291abf4\alu..
  Creating internal representation of mux trees.
  No muxes found in this module.
Running muxtree optimizer on module $paramod$601c9edda80f283a73a87bf3095d4d13f490358d\memory..
  Creating internal representation of mux trees.
  No muxes found in this module.
Running muxtree optimizer on module $paramod$92ddabe66900a618ce68df6d5562d493b291abf4\writeback..
  Creating internal representation of mux trees.
  No muxes found in this module.
Running muxtree optimizer on module $paramod\register_file\DWIDTH=s32'00000000000000000000000000100000..
  Creating internal representation of mux trees.
  No muxes found in this module.
Running muxtree optimizer on module $paramod$601c9edda80f283a73a87bf3095d4d13f490358d\memory_controller..
  Creating internal representation of mux trees.
  No muxes found in this module.
Running muxtree optimizer on module $paramod$72aa32f6215a5e7f33ea8e69cece12e4d4e95dbe\main_memory..
  Creating internal representation of mux trees.
  No muxes found in this module.
Running muxtree optimizer on module $paramod\branch_control\DWIDTH=s32'00000000000000000000000000100000..
  Creating internal representation of mux trees.
  No muxes found in this module.
Removed 0 multiplexer ports.

yosys> opt_reduce

26.4. Executing OPT_REDUCE pass (consolidate $*mux and $reduce_* inputs).
  Optimizing cells in module $paramod$c62f8a9f84677eaf1c2389a0b378e75c721b2371\fetch.
  Optimizing cells in module \control_pipeline.
  Optimizing cells in module \hazard_detection_unit.
  Optimizing cells in module \forwarding_unit.
  Optimizing cells in module \rv_core.
  Optimizing cells in module \stall_flush_logic.
  Optimizing cells in module $paramod$92ddabe66900a618ce68df6d5562d493b291abf4\decode.
  Optimizing cells in module $paramod\igen\DWIDTH=s32'00000000000000000000000000100000.
  Optimizing cells in module $paramod\control\DWIDTH=s32'00000000000000000000000000100000.
  Optimizing cells in module $paramod$92ddabe66900a618ce68df6d5562d493b291abf4\alu.
  Optimizing cells in module $paramod$601c9edda80f283a73a87bf3095d4d13f490358d\memory.
  Optimizing cells in module $paramod$92ddabe66900a618ce68df6d5562d493b291abf4\writeback.
  Optimizing cells in module $paramod\register_file\DWIDTH=s32'00000000000000000000000000100000.
  Optimizing cells in module $paramod$601c9edda80f283a73a87bf3095d4d13f490358d\memory_controller.
  Optimizing cells in module $paramod$72aa32f6215a5e7f33ea8e69cece12e4d4e95dbe\main_memory.
  Optimizing cells in module $paramod\branch_control\DWIDTH=s32'00000000000000000000000000100000.
Performed a total of 0 changes.

yosys> opt_merge

26.5. Executing OPT_MERGE pass (detect identical cells).
Finding identical cells in module `$paramod$c62f8a9f84677eaf1c2389a0b378e75c721b2371\fetch'.
Computing hashes of 179 cells of `$paramod$c62f8a9f84677eaf1c2389a0b378e75c721b2371\fetch'.
Finding duplicate cells in `$paramod$c62f8a9f84677eaf1c2389a0b378e75c721b2371\fetch'.
Finding identical cells in module `\control_pipeline'.
Computing hashes of 42 cells of `\control_pipeline'.
Finding duplicate cells in `\control_pipeline'.
Finding identical cells in module `\hazard_detection_unit'.
Computing hashes of 27 cells of `\hazard_detection_unit'.
Finding duplicate cells in `\hazard_detection_unit'.
Finding identical cells in module `\forwarding_unit'.
Computing hashes of 56 cells of `\forwarding_unit'.
Finding duplicate cells in `\forwarding_unit'.
Finding identical cells in module `\rv_core'.
Computing hashes of 1064 cells of `\rv_core'.
Finding duplicate cells in `\rv_core'.
Finding identical cells in module `\stall_flush_logic'.
Computing hashes of 5 cells of `\stall_flush_logic'.
Finding duplicate cells in `\stall_flush_logic'.
Finding identical cells in module `$paramod$92ddabe66900a618ce68df6d5562d493b291abf4\decode'.
Computing hashes of 55 cells of `$paramod$92ddabe66900a618ce68df6d5562d493b291abf4\decode'.
Finding duplicate cells in `$paramod$92ddabe66900a618ce68df6d5562d493b291abf4\decode'.
Finding identical cells in module `$paramod\igen\DWIDTH=s32'00000000000000000000000000100000'.
Computing hashes of 249 cells of `$paramod\igen\DWIDTH=s32'00000000000000000000000000100000'.
Finding duplicate cells in `$paramod\igen\DWIDTH=s32'00000000000000000000000000100000'.
Finding identical cells in module `$paramod\control\DWIDTH=s32'00000000000000000000000000100000'.
Computing hashes of 130 cells of `$paramod\control\DWIDTH=s32'00000000000000000000000000100000'.
Finding duplicate cells in `$paramod\control\DWIDTH=s32'00000000000000000000000000100000'.
Finding identical cells in module `$paramod$92ddabe66900a618ce68df6d5562d493b291abf4\alu'.
Computing hashes of 1819 cells of `$paramod$92ddabe66900a618ce68df6d5562d493b291abf4\alu'.
Finding duplicate cells in `$paramod$92ddabe66900a618ce68df6d5562d493b291abf4\alu'.
Finding identical cells in module `$paramod$601c9edda80f283a73a87bf3095d4d13f490358d\memory'.
Computing hashes of 2 cells of `$paramod$601c9edda80f283a73a87bf3095d4d13f490358d\memory'.
Finding duplicate cells in `$paramod$601c9edda80f283a73a87bf3095d4d13f490358d\memory'.
Finding identical cells in module `$paramod$92ddabe66900a618ce68df6d5562d493b291abf4\writeback'.
Computing hashes of 354 cells of `$paramod$92ddabe66900a618ce68df6d5562d493b291abf4\writeback'.
Finding duplicate cells in `$paramod$92ddabe66900a618ce68df6d5562d493b291abf4\writeback'.
Finding identical cells in module `$paramod\register_file\DWIDTH=s32'00000000000000000000000000100000'.
Computing hashes of 4239 cells of `$paramod\register_file\DWIDTH=s32'00000000000000000000000000100000'.
Finding duplicate cells in `$paramod\register_file\DWIDTH=s32'00000000000000000000000000100000'.
Finding identical cells in module `$paramod$601c9edda80f283a73a87bf3095d4d13f490358d\memory_controller'.
Computing hashes of 678 cells of `$paramod$601c9edda80f283a73a87bf3095d4d13f490358d\memory_controller'.
Finding duplicate cells in `$paramod$601c9edda80f283a73a87bf3095d4d13f490358d\memory_controller'.
Finding identical cells in module `$paramod$72aa32f6215a5e7f33ea8e69cece12e4d4e95dbe\main_memory'.
Computing hashes of 27113 cells of `$paramod$72aa32f6215a5e7f33ea8e69cece12e4d4e95dbe\main_memory'.
Finding duplicate cells in `$paramod$72aa32f6215a5e7f33ea8e69cece12e4d4e95dbe\main_memory'.
Finding identical cells in module `$paramod\branch_control\DWIDTH=s32'00000000000000000000000000100000'.
Computing hashes of 366 cells of `$paramod\branch_control\DWIDTH=s32'00000000000000000000000000100000'.
Finding duplicate cells in `$paramod\branch_control\DWIDTH=s32'00000000000000000000000000100000'.
Removed a total of 0 cells.

yosys> opt_dff

26.6. Executing OPT_DFF pass (perform DFF optimizations).

yosys> opt_clean

26.7. Executing OPT_CLEAN pass (remove unused cells and wires).
Finding unused cells or wires in module $paramod$c62f8a9f84677eaf1c2389a0b378e75c721b2371\fetch..
Finding unused cells or wires in module \control_pipeline..
Finding unused cells or wires in module \hazard_detection_unit..
Finding unused cells or wires in module \forwarding_unit..
Finding unused cells or wires in module \rv_core..
Finding unused cells or wires in module \stall_flush_logic..
Finding unused cells or wires in module $paramod$92ddabe66900a618ce68df6d5562d493b291abf4\decode..
Finding unused cells or wires in module $paramod\igen\DWIDTH=s32'00000000000000000000000000100000..
Finding unused cells or wires in module $paramod\control\DWIDTH=s32'00000000000000000000000000100000..
Finding unused cells or wires in module $paramod$92ddabe66900a618ce68df6d5562d493b291abf4\alu..
Finding unused cells or wires in module $paramod$601c9edda80f283a73a87bf3095d4d13f490358d\memory..
Finding unused cells or wires in module $paramod$92ddabe66900a618ce68df6d5562d493b291abf4\writeback..
Finding unused cells or wires in module $paramod\register_file\DWIDTH=s32'00000000000000000000000000100000..
Finding unused cells or wires in module $paramod$601c9edda80f283a73a87bf3095d4d13f490358d\memory_controller..
Finding unused cells or wires in module $paramod$72aa32f6215a5e7f33ea8e69cece12e4d4e95dbe\main_memory..
Finding unused cells or wires in module $paramod\branch_control\DWIDTH=s32'00000000000000000000000000100000..
Removed 382 unused cells and 2510 unused wires.
<suppressed ~396 debug messages>

yosys> opt_expr

26.8. Executing OPT_EXPR pass (perform const folding).
Optimizing module $paramod$c62f8a9f84677eaf1c2389a0b378e75c721b2371\fetch.
Optimizing module control_pipeline.
Optimizing module hazard_detection_unit.
Optimizing module forwarding_unit.
Optimizing module rv_core.
Optimizing module stall_flush_logic.
Optimizing module $paramod$92ddabe66900a618ce68df6d5562d493b291abf4\decode.
Optimizing module $paramod\igen\DWIDTH=s32'00000000000000000000000000100000.
Optimizing module $paramod\control\DWIDTH=s32'00000000000000000000000000100000.
Optimizing module $paramod$92ddabe66900a618ce68df6d5562d493b291abf4\alu.
Optimizing module $paramod$601c9edda80f283a73a87bf3095d4d13f490358d\memory.
Optimizing module $paramod$92ddabe66900a618ce68df6d5562d493b291abf4\writeback.
Optimizing module $paramod\register_file\DWIDTH=s32'00000000000000000000000000100000.
Optimizing module $paramod$601c9edda80f283a73a87bf3095d4d13f490358d\memory_controller.
Optimizing module $paramod$72aa32f6215a5e7f33ea8e69cece12e4d4e95dbe\main_memory.
Optimizing module $paramod\branch_control\DWIDTH=s32'00000000000000000000000000100000.

26.9. Rerunning OPT passes. (Maybe there is more to do..)

yosys> opt_muxtree

26.10. Executing OPT_MUXTREE pass (detect dead branches in mux trees).
Running muxtree optimizer on module $paramod$c62f8a9f84677eaf1c2389a0b378e75c721b2371\fetch..
  Creating internal representation of mux trees.
  No muxes found in this module.
Running muxtree optimizer on module \control_pipeline..
  Creating internal representation of mux trees.
  No muxes found in this module.
Running muxtree optimizer on module \hazard_detection_unit..
  Creating internal representation of mux trees.
  No muxes found in this module.
Running muxtree optimizer on module \forwarding_unit..
  Creating internal representation of mux trees.
  No muxes found in this module.
Running muxtree optimizer on module \rv_core..
  Creating internal representation of mux trees.
  No muxes found in this module.
Running muxtree optimizer on module \stall_flush_logic..
  Creating internal representation of mux trees.
  No muxes found in this module.
Running muxtree optimizer on module $paramod$92ddabe66900a618ce68df6d5562d493b291abf4\decode..
  Creating internal representation of mux trees.
  No muxes found in this module.
Running muxtree optimizer on module $paramod\igen\DWIDTH=s32'00000000000000000000000000100000..
  Creating internal representation of mux trees.
  No muxes found in this module.
Running muxtree optimizer on module $paramod\control\DWIDTH=s32'00000000000000000000000000100000..
  Creating internal representation of mux trees.
  No muxes found in this module.
Running muxtree optimizer on module $paramod$92ddabe66900a618ce68df6d5562d493b291abf4\alu..
  Creating internal representation of mux trees.
  No muxes found in this module.
Running muxtree optimizer on module $paramod$601c9edda80f283a73a87bf3095d4d13f490358d\memory..
  Creating internal representation of mux trees.
  No muxes found in this module.
Running muxtree optimizer on module $paramod$92ddabe66900a618ce68df6d5562d493b291abf4\writeback..
  Creating internal representation of mux trees.
  No muxes found in this module.
Running muxtree optimizer on module $paramod\register_file\DWIDTH=s32'00000000000000000000000000100000..
  Creating internal representation of mux trees.
  No muxes found in this module.
Running muxtree optimizer on module $paramod$601c9edda80f283a73a87bf3095d4d13f490358d\memory_controller..
  Creating internal representation of mux trees.
  No muxes found in this module.
Running muxtree optimizer on module $paramod$72aa32f6215a5e7f33ea8e69cece12e4d4e95dbe\main_memory..
  Creating internal representation of mux trees.
  No muxes found in this module.
Running muxtree optimizer on module $paramod\branch_control\DWIDTH=s32'00000000000000000000000000100000..
  Creating internal representation of mux trees.
  No muxes found in this module.
Removed 0 multiplexer ports.

yosys> opt_reduce

26.11. Executing OPT_REDUCE pass (consolidate $*mux and $reduce_* inputs).
  Optimizing cells in module $paramod$c62f8a9f84677eaf1c2389a0b378e75c721b2371\fetch.
  Optimizing cells in module \control_pipeline.
  Optimizing cells in module \hazard_detection_unit.
  Optimizing cells in module \forwarding_unit.
  Optimizing cells in module \rv_core.
  Optimizing cells in module \stall_flush_logic.
  Optimizing cells in module $paramod$92ddabe66900a618ce68df6d5562d493b291abf4\decode.
  Optimizing cells in module $paramod\igen\DWIDTH=s32'00000000000000000000000000100000.
  Optimizing cells in module $paramod\control\DWIDTH=s32'00000000000000000000000000100000.
  Optimizing cells in module $paramod$92ddabe66900a618ce68df6d5562d493b291abf4\alu.
  Optimizing cells in module $paramod$601c9edda80f283a73a87bf3095d4d13f490358d\memory.
  Optimizing cells in module $paramod$92ddabe66900a618ce68df6d5562d493b291abf4\writeback.
  Optimizing cells in module $paramod\register_file\DWIDTH=s32'00000000000000000000000000100000.
  Optimizing cells in module $paramod$601c9edda80f283a73a87bf3095d4d13f490358d\memory_controller.
  Optimizing cells in module $paramod$72aa32f6215a5e7f33ea8e69cece12e4d4e95dbe\main_memory.
  Optimizing cells in module $paramod\branch_control\DWIDTH=s32'00000000000000000000000000100000.
Performed a total of 0 changes.

yosys> opt_merge

26.12. Executing OPT_MERGE pass (detect identical cells).
Finding identical cells in module `$paramod$c62f8a9f84677eaf1c2389a0b378e75c721b2371\fetch'.
Computing hashes of 173 cells of `$paramod$c62f8a9f84677eaf1c2389a0b378e75c721b2371\fetch'.
Finding duplicate cells in `$paramod$c62f8a9f84677eaf1c2389a0b378e75c721b2371\fetch'.
Finding identical cells in module `\control_pipeline'.
Computing hashes of 24 cells of `\control_pipeline'.
Finding duplicate cells in `\control_pipeline'.
Finding identical cells in module `\hazard_detection_unit'.
Computing hashes of 27 cells of `\hazard_detection_unit'.
Finding duplicate cells in `\hazard_detection_unit'.
Finding identical cells in module `\forwarding_unit'.
Computing hashes of 56 cells of `\forwarding_unit'.
Finding duplicate cells in `\forwarding_unit'.
Finding identical cells in module `\rv_core'.
Computing hashes of 1020 cells of `\rv_core'.
Finding duplicate cells in `\rv_core'.
Finding identical cells in module `\stall_flush_logic'.
Computing hashes of 5 cells of `\stall_flush_logic'.
Finding duplicate cells in `\stall_flush_logic'.
Finding identical cells in module `$paramod$92ddabe66900a618ce68df6d5562d493b291abf4\decode'.
Computing hashes of 55 cells of `$paramod$92ddabe66900a618ce68df6d5562d493b291abf4\decode'.
Finding duplicate cells in `$paramod$92ddabe66900a618ce68df6d5562d493b291abf4\decode'.
Finding identical cells in module `$paramod\igen\DWIDTH=s32'00000000000000000000000000100000'.
Computing hashes of 249 cells of `$paramod\igen\DWIDTH=s32'00000000000000000000000000100000'.
Finding duplicate cells in `$paramod\igen\DWIDTH=s32'00000000000000000000000000100000'.
Finding identical cells in module `$paramod\control\DWIDTH=s32'00000000000000000000000000100000'.
Computing hashes of 130 cells of `$paramod\control\DWIDTH=s32'00000000000000000000000000100000'.
Finding duplicate cells in `$paramod\control\DWIDTH=s32'00000000000000000000000000100000'.
Finding identical cells in module `$paramod$92ddabe66900a618ce68df6d5562d493b291abf4\alu'.
Computing hashes of 1756 cells of `$paramod$92ddabe66900a618ce68df6d5562d493b291abf4\alu'.
Finding duplicate cells in `$paramod$92ddabe66900a618ce68df6d5562d493b291abf4\alu'.
Finding identical cells in module `$paramod$601c9edda80f283a73a87bf3095d4d13f490358d\memory'.
Computing hashes of 2 cells of `$paramod$601c9edda80f283a73a87bf3095d4d13f490358d\memory'.
Finding duplicate cells in `$paramod$601c9edda80f283a73a87bf3095d4d13f490358d\memory'.
Finding identical cells in module `$paramod$92ddabe66900a618ce68df6d5562d493b291abf4\writeback'.
Computing hashes of 348 cells of `$paramod$92ddabe66900a618ce68df6d5562d493b291abf4\writeback'.
Finding duplicate cells in `$paramod$92ddabe66900a618ce68df6d5562d493b291abf4\writeback'.
Finding identical cells in module `$paramod\register_file\DWIDTH=s32'00000000000000000000000000100000'.
Computing hashes of 4239 cells of `$paramod\register_file\DWIDTH=s32'00000000000000000000000000100000'.
Finding duplicate cells in `$paramod\register_file\DWIDTH=s32'00000000000000000000000000100000'.
Finding identical cells in module `$paramod$601c9edda80f283a73a87bf3095d4d13f490358d\memory_controller'.
Computing hashes of 664 cells of `$paramod$601c9edda80f283a73a87bf3095d4d13f490358d\memory_controller'.
Finding duplicate cells in `$paramod$601c9edda80f283a73a87bf3095d4d13f490358d\memory_controller'.
Finding identical cells in module `$paramod$72aa32f6215a5e7f33ea8e69cece12e4d4e95dbe\main_memory'.
Computing hashes of 26961 cells of `$paramod$72aa32f6215a5e7f33ea8e69cece12e4d4e95dbe\main_memory'.
Finding duplicate cells in `$paramod$72aa32f6215a5e7f33ea8e69cece12e4d4e95dbe\main_memory'.
Finding identical cells in module `$paramod\branch_control\DWIDTH=s32'00000000000000000000000000100000'.
Computing hashes of 287 cells of `$paramod\branch_control\DWIDTH=s32'00000000000000000000000000100000'.
Finding duplicate cells in `$paramod\branch_control\DWIDTH=s32'00000000000000000000000000100000'.
Removed a total of 0 cells.

yosys> opt_dff

26.13. Executing OPT_DFF pass (perform DFF optimizations).

yosys> opt_clean

26.14. Executing OPT_CLEAN pass (remove unused cells and wires).
Finding unused cells or wires in module $paramod$c62f8a9f84677eaf1c2389a0b378e75c721b2371\fetch..
Finding unused cells or wires in module \control_pipeline..
Finding unused cells or wires in module \hazard_detection_unit..
Finding unused cells or wires in module \forwarding_unit..
Finding unused cells or wires in module \rv_core..
Finding unused cells or wires in module \stall_flush_logic..
Finding unused cells or wires in module $paramod$92ddabe66900a618ce68df6d5562d493b291abf4\decode..
Finding unused cells or wires in module $paramod\igen\DWIDTH=s32'00000000000000000000000000100000..
Finding unused cells or wires in module $paramod\control\DWIDTH=s32'00000000000000000000000000100000..
Finding unused cells or wires in module $paramod$92ddabe66900a618ce68df6d5562d493b291abf4\alu..
Finding unused cells or wires in module $paramod$601c9edda80f283a73a87bf3095d4d13f490358d\memory..
Finding unused cells or wires in module $paramod$92ddabe66900a618ce68df6d5562d493b291abf4\writeback..
Finding unused cells or wires in module $paramod\register_file\DWIDTH=s32'00000000000000000000000000100000..
Finding unused cells or wires in module $paramod$601c9edda80f283a73a87bf3095d4d13f490358d\memory_controller..
Finding unused cells or wires in module $paramod$72aa32f6215a5e7f33ea8e69cece12e4d4e95dbe\main_memory..
Finding unused cells or wires in module $paramod\branch_control\DWIDTH=s32'00000000000000000000000000100000..

yosys> opt_expr

26.15. Executing OPT_EXPR pass (perform const folding).
Optimizing module $paramod$c62f8a9f84677eaf1c2389a0b378e75c721b2371\fetch.
Optimizing module control_pipeline.
Optimizing module hazard_detection_unit.
Optimizing module forwarding_unit.
Optimizing module rv_core.
Optimizing module stall_flush_logic.
Optimizing module $paramod$92ddabe66900a618ce68df6d5562d493b291abf4\decode.
Optimizing module $paramod\igen\DWIDTH=s32'00000000000000000000000000100000.
Optimizing module $paramod\control\DWIDTH=s32'00000000000000000000000000100000.
Optimizing module $paramod$92ddabe66900a618ce68df6d5562d493b291abf4\alu.
Optimizing module $paramod$601c9edda80f283a73a87bf3095d4d13f490358d\memory.
Optimizing module $paramod$92ddabe66900a618ce68df6d5562d493b291abf4\writeback.
Optimizing module $paramod\register_file\DWIDTH=s32'00000000000000000000000000100000.
Optimizing module $paramod$601c9edda80f283a73a87bf3095d4d13f490358d\memory_controller.
Optimizing module $paramod$72aa32f6215a5e7f33ea8e69cece12e4d4e95dbe\main_memory.
Optimizing module $paramod\branch_control\DWIDTH=s32'00000000000000000000000000100000.

26.16. Finished fast OPT passes. (There is nothing left to do.)

yosys> flatten

27. Executing FLATTEN pass (flatten design).
Deleting now unused module $paramod$c62f8a9f84677eaf1c2389a0b378e75c721b2371\fetch.
Deleting now unused module control_pipeline.
Deleting now unused module hazard_detection_unit.
Deleting now unused module forwarding_unit.
Deleting now unused module stall_flush_logic.
Deleting now unused module $paramod$92ddabe66900a618ce68df6d5562d493b291abf4\decode.
Deleting now unused module $paramod\igen\DWIDTH=s32'00000000000000000000000000100000.
Deleting now unused module $paramod\control\DWIDTH=s32'00000000000000000000000000100000.
Deleting now unused module $paramod$92ddabe66900a618ce68df6d5562d493b291abf4\alu.
Deleting now unused module $paramod$601c9edda80f283a73a87bf3095d4d13f490358d\memory.
Deleting now unused module $paramod$92ddabe66900a618ce68df6d5562d493b291abf4\writeback.
Deleting now unused module $paramod\register_file\DWIDTH=s32'00000000000000000000000000100000.
Deleting now unused module $paramod$601c9edda80f283a73a87bf3095d4d13f490358d\memory_controller.
Deleting now unused module $paramod$72aa32f6215a5e7f33ea8e69cece12e4d4e95dbe\main_memory.
Deleting now unused module $paramod\branch_control\DWIDTH=s32'00000000000000000000000000100000.
<suppressed ~16 debug messages>

yosys> opt

28. Executing OPT pass (performing simple optimizations).

yosys> opt_expr

28.1. Executing OPT_EXPR pass (perform const folding).
Optimizing module rv_core.
<suppressed ~100 debug messages>

yosys> opt_merge -nomux

28.2. Executing OPT_MERGE pass (detect identical cells).
Finding identical cells in module `\rv_core'.
Computing hashes of 36244 cells of `\rv_core'.
Finding duplicate cells in `\rv_core'.
Computing hashes of 36147 cells of `\rv_core'.
Finding duplicate cells in `\rv_core'.
Computing hashes of 36062 cells of `\rv_core'.
Finding duplicate cells in `\rv_core'.
Computing hashes of 36012 cells of `\rv_core'.
Finding duplicate cells in `\rv_core'.
Computing hashes of 35970 cells of `\rv_core'.
Finding duplicate cells in `\rv_core'.
Computing hashes of 35945 cells of `\rv_core'.
Finding duplicate cells in `\rv_core'.
Computing hashes of 35935 cells of `\rv_core'.
Finding duplicate cells in `\rv_core'.
Computing hashes of 35931 cells of `\rv_core'.
Finding duplicate cells in `\rv_core'.
Computing hashes of 35927 cells of `\rv_core'.
Finding duplicate cells in `\rv_core'.
Computing hashes of 35925 cells of `\rv_core'.
Finding duplicate cells in `\rv_core'.
Computing hashes of 35923 cells of `\rv_core'.
Finding duplicate cells in `\rv_core'.
Computing hashes of 35922 cells of `\rv_core'.
Finding duplicate cells in `\rv_core'.
Computing hashes of 35920 cells of `\rv_core'.
Finding duplicate cells in `\rv_core'.
Computing hashes of 35918 cells of `\rv_core'.
Finding duplicate cells in `\rv_core'.
Computing hashes of 35916 cells of `\rv_core'.
Finding duplicate cells in `\rv_core'.
Computing hashes of 35915 cells of `\rv_core'.
Finding duplicate cells in `\rv_core'.
Computing hashes of 35914 cells of `\rv_core'.
Finding duplicate cells in `\rv_core'.
Computing hashes of 35913 cells of `\rv_core'.
Finding duplicate cells in `\rv_core'.
Computing hashes of 35912 cells of `\rv_core'.
Finding duplicate cells in `\rv_core'.
Computing hashes of 35911 cells of `\rv_core'.
Finding duplicate cells in `\rv_core'.
<suppressed ~999 debug messages>
Removed a total of 333 cells.

yosys> opt_muxtree

28.3. Executing OPT_MUXTREE pass (detect dead branches in mux trees).
Running muxtree optimizer on module \rv_core..
  Creating internal representation of mux trees.
  No muxes found in this module.
Removed 0 multiplexer ports.

yosys> opt_reduce

28.4. Executing OPT_REDUCE pass (consolidate $*mux and $reduce_* inputs).
  Optimizing cells in module \rv_core.
Performed a total of 0 changes.

yosys> opt_merge

28.5. Executing OPT_MERGE pass (detect identical cells).
Finding identical cells in module `\rv_core'.
Computing hashes of 35911 cells of `\rv_core'.
Finding duplicate cells in `\rv_core'.
Removed a total of 0 cells.

yosys> opt_dff

28.6. Executing OPT_DFF pass (perform DFF optimizations).
Removing always-active EN on $auto$ff.cc:337:slice$55784 ($_SDFFE_PP0P_) from module rv_core.
Removing always-active EN on $auto$ff.cc:337:slice$55747 ($_SDFFE_PP0P_) from module rv_core.
Removing always-active EN on $auto$ff.cc:337:slice$55644 ($_SDFFE_PP0P_) from module rv_core.
Removing always-active EN on $auto$ff.cc:337:slice$55676 ($_SDFFE_PP0P_) from module rv_core.
Removing always-active EN on $auto$ff.cc:337:slice$55708 ($_SDFFE_PP0P_) from module rv_core.
Removing always-active EN on $auto$ff.cc:337:slice$55740 ($_SDFFE_PP0P_) from module rv_core.
Removing always-active EN on $auto$ff.cc:337:slice$55275 ($_SDFFE_PP0P_) from module rv_core.
Removing always-active EN on $auto$ff.cc:337:slice$55307 ($_SDFFE_PP0P_) from module rv_core.
Removing always-active EN on $auto$ff.cc:337:slice$55339 ($_SDFFE_PP0P_) from module rv_core.
Removing always-active EN on $auto$ff.cc:337:slice$55371 ($_SDFFE_PP0P_) from module rv_core.
Removing always-active EN on $auto$ff.cc:337:slice$55403 ($_SDFFE_PP0P_) from module rv_core.
Removing always-active EN on $auto$ff.cc:337:slice$55435 ($_SDFFE_PP0P_) from module rv_core.
Removing always-active EN on $auto$ff.cc:337:slice$55440 ($_SDFFE_PP0P_) from module rv_core.
Removing always-active EN on $auto$ff.cc:337:slice$55445 ($_SDFFE_PP0P_) from module rv_core.
Removing always-active EN on $auto$ff.cc:337:slice$55477 ($_SDFFE_PP0P_) from module rv_core.
Removing always-active EN on $auto$ff.cc:337:slice$55509 ($_SDFFE_PP0P_) from module rv_core.
Removing always-active EN on $auto$ff.cc:337:slice$55541 ($_SDFFE_PP0P_) from module rv_core.
Removing always-active EN on $auto$ff.cc:337:slice$55605 ($_SDFFE_PP0P_) from module rv_core.
Removing always-active EN on $auto$ff.cc:337:slice$55612 ($_SDFFE_PP0P_) from module rv_core.
Removing always-active EN on $auto$ff.cc:337:slice$55271 ($_SDFFE_PP0P_) from module rv_core.
Removing always-active EN on $auto$ff.cc:337:slice$55272 ($_SDFFE_PP0P_) from module rv_core.
Removing always-active EN on $auto$ff.cc:337:slice$55273 ($_SDFFE_PP0P_) from module rv_core.
Removing always-active EN on $auto$ff.cc:337:slice$55274 ($_SDFFE_PP0P_) from module rv_core.
Removing always-active EN on $auto$ff.cc:337:slice$55276 ($_SDFFE_PP0P_) from module rv_core.
Removing always-active EN on $auto$ff.cc:337:slice$55277 ($_SDFFE_PP0P_) from module rv_core.
Removing always-active EN on $auto$ff.cc:337:slice$55278 ($_SDFFE_PP0P_) from module rv_core.
Removing always-active EN on $auto$ff.cc:337:slice$55279 ($_SDFFE_PP0P_) from module rv_core.
Removing always-active EN on $auto$ff.cc:337:slice$55280 ($_SDFFE_PP0P_) from module rv_core.
Removing always-active EN on $auto$ff.cc:337:slice$55281 ($_SDFFE_PP0P_) from module rv_core.
Removing always-active EN on $auto$ff.cc:337:slice$55282 ($_SDFFE_PP0P_) from module rv_core.
Removing always-active EN on $auto$ff.cc:337:slice$55283 ($_SDFFE_PP0P_) from module rv_core.
Removing always-active EN on $auto$ff.cc:337:slice$55284 ($_SDFFE_PP0P_) from module rv_core.
Removing always-active EN on $auto$ff.cc:337:slice$55285 ($_SDFFE_PP0P_) from module rv_core.
Removing always-active EN on $auto$ff.cc:337:slice$55286 ($_SDFFE_PP0P_) from module rv_core.
Removing always-active EN on $auto$ff.cc:337:slice$55287 ($_SDFFE_PP0P_) from module rv_core.
Removing always-active EN on $auto$ff.cc:337:slice$55288 ($_SDFFE_PP0P_) from module rv_core.
Removing always-active EN on $auto$ff.cc:337:slice$55289 ($_SDFFE_PP0P_) from module rv_core.
Removing always-active EN on $auto$ff.cc:337:slice$55290 ($_SDFFE_PP0P_) from module rv_core.
Removing always-active EN on $auto$ff.cc:337:slice$55291 ($_SDFFE_PP0P_) from module rv_core.
Removing always-active EN on $auto$ff.cc:337:slice$55292 ($_SDFFE_PP0P_) from module rv_core.
Removing always-active EN on $auto$ff.cc:337:slice$55293 ($_SDFFE_PP0P_) from module rv_core.
Removing always-active EN on $auto$ff.cc:337:slice$55294 ($_SDFFE_PP0P_) from module rv_core.
Removing always-active EN on $auto$ff.cc:337:slice$55295 ($_SDFFE_PP0P_) from module rv_core.
Removing always-active EN on $auto$ff.cc:337:slice$55296 ($_SDFFE_PP0P_) from module rv_core.
Removing always-active EN on $auto$ff.cc:337:slice$55297 ($_SDFFE_PP0P_) from module rv_core.
Removing always-active EN on $auto$ff.cc:337:slice$55298 ($_SDFFE_PP0P_) from module rv_core.
Removing always-active EN on $auto$ff.cc:337:slice$55299 ($_SDFFE_PP0P_) from module rv_core.
Removing always-active EN on $auto$ff.cc:337:slice$55300 ($_SDFFE_PP0P_) from module rv_core.
Removing always-active EN on $auto$ff.cc:337:slice$55301 ($_SDFFE_PP0P_) from module rv_core.
Removing always-active EN on $auto$ff.cc:337:slice$55302 ($_SDFFE_PP0P_) from module rv_core.
Removing always-active EN on $auto$ff.cc:337:slice$55303 ($_SDFFE_PP0P_) from module rv_core.
Removing always-active EN on $auto$ff.cc:337:slice$55304 ($_SDFFE_PP0P_) from module rv_core.
Removing always-active EN on $auto$ff.cc:337:slice$55305 ($_SDFFE_PP0P_) from module rv_core.
Removing always-active EN on $auto$ff.cc:337:slice$55306 ($_SDFFE_PP0P_) from module rv_core.
Removing always-active EN on $auto$ff.cc:337:slice$55308 ($_SDFFE_PP0P_) from module rv_core.
Removing always-active EN on $auto$ff.cc:337:slice$55309 ($_SDFFE_PP0P_) from module rv_core.
Removing always-active EN on $auto$ff.cc:337:slice$55310 ($_SDFFE_PP0P_) from module rv_core.
Removing always-active EN on $auto$ff.cc:337:slice$55311 ($_SDFFE_PP0P_) from module rv_core.
Removing always-active EN on $auto$ff.cc:337:slice$55312 ($_SDFFE_PP0P_) from module rv_core.
Removing always-active EN on $auto$ff.cc:337:slice$55313 ($_SDFFE_PP0P_) from module rv_core.
Removing always-active EN on $auto$ff.cc:337:slice$55314 ($_SDFFE_PP0P_) from module rv_core.
Removing always-active EN on $auto$ff.cc:337:slice$55315 ($_SDFFE_PP0P_) from module rv_core.
Removing always-active EN on $auto$ff.cc:337:slice$55316 ($_SDFFE_PP0P_) from module rv_core.
Removing always-active EN on $auto$ff.cc:337:slice$55317 ($_SDFFE_PP0P_) from module rv_core.
Removing always-active EN on $auto$ff.cc:337:slice$55318 ($_SDFFE_PP0P_) from module rv_core.
Removing always-active EN on $auto$ff.cc:337:slice$55319 ($_SDFFE_PP0P_) from module rv_core.
Removing always-active EN on $auto$ff.cc:337:slice$55320 ($_SDFFE_PP0P_) from module rv_core.
Removing always-active EN on $auto$ff.cc:337:slice$55321 ($_SDFFE_PP0P_) from module rv_core.
Removing always-active EN on $auto$ff.cc:337:slice$55322 ($_SDFFE_PP0P_) from module rv_core.
Removing always-active EN on $auto$ff.cc:337:slice$55323 ($_SDFFE_PP0P_) from module rv_core.
Removing always-active EN on $auto$ff.cc:337:slice$55324 ($_SDFFE_PP0P_) from module rv_core.
Removing always-active EN on $auto$ff.cc:337:slice$55325 ($_SDFFE_PP0P_) from module rv_core.
Removing always-active EN on $auto$ff.cc:337:slice$55326 ($_SDFFE_PP0P_) from module rv_core.
Removing always-active EN on $auto$ff.cc:337:slice$55327 ($_SDFFE_PP0P_) from module rv_core.
Removing always-active EN on $auto$ff.cc:337:slice$55328 ($_SDFFE_PP0P_) from module rv_core.
Removing always-active EN on $auto$ff.cc:337:slice$55329 ($_SDFFE_PP0P_) from module rv_core.
Removing always-active EN on $auto$ff.cc:337:slice$55330 ($_SDFFE_PP0P_) from module rv_core.
Removing always-active EN on $auto$ff.cc:337:slice$55331 ($_SDFFE_PP0P_) from module rv_core.
Removing always-active EN on $auto$ff.cc:337:slice$55332 ($_SDFFE_PP0P_) from module rv_core.
Removing always-active EN on $auto$ff.cc:337:slice$55333 ($_SDFFE_PP0P_) from module rv_core.
Removing always-active EN on $auto$ff.cc:337:slice$55334 ($_SDFFE_PP0P_) from module rv_core.
Removing always-active EN on $auto$ff.cc:337:slice$55335 ($_SDFFE_PP0P_) from module rv_core.
Removing always-active EN on $auto$ff.cc:337:slice$55336 ($_SDFFE_PP0P_) from module rv_core.
Removing always-active EN on $auto$ff.cc:337:slice$55337 ($_SDFFE_PP0P_) from module rv_core.
Removing always-active EN on $auto$ff.cc:337:slice$55338 ($_SDFFE_PP0P_) from module rv_core.
Removing always-active EN on $auto$ff.cc:337:slice$55340 ($_SDFFE_PP0P_) from module rv_core.
Removing always-active EN on $auto$ff.cc:337:slice$55341 ($_SDFFE_PP0P_) from module rv_core.
Removing always-active EN on $auto$ff.cc:337:slice$55342 ($_SDFFE_PP0P_) from module rv_core.
Removing always-active EN on $auto$ff.cc:337:slice$55343 ($_SDFFE_PP0P_) from module rv_core.
Removing always-active EN on $auto$ff.cc:337:slice$55344 ($_SDFFE_PP0P_) from module rv_core.
Removing always-active EN on $auto$ff.cc:337:slice$55345 ($_SDFFE_PP0P_) from module rv_core.
Removing always-active EN on $auto$ff.cc:337:slice$55346 ($_SDFFE_PP0P_) from module rv_core.
Removing always-active EN on $auto$ff.cc:337:slice$55347 ($_SDFFE_PP0P_) from module rv_core.
Removing always-active EN on $auto$ff.cc:337:slice$55348 ($_SDFFE_PP0P_) from module rv_core.
Removing always-active EN on $auto$ff.cc:337:slice$55349 ($_SDFFE_PP0P_) from module rv_core.
Removing always-active EN on $auto$ff.cc:337:slice$55350 ($_SDFFE_PP0P_) from module rv_core.
Removing always-active EN on $auto$ff.cc:337:slice$55351 ($_SDFFE_PP0P_) from module rv_core.
Removing always-active EN on $auto$ff.cc:337:slice$55352 ($_SDFFE_PP0P_) from module rv_core.
Removing always-active EN on $auto$ff.cc:337:slice$55353 ($_SDFFE_PP0P_) from module rv_core.
Removing always-active EN on $auto$ff.cc:337:slice$55354 ($_SDFFE_PP0P_) from module rv_core.
Removing always-active EN on $auto$ff.cc:337:slice$55355 ($_SDFFE_PP0P_) from module rv_core.
Removing always-active EN on $auto$ff.cc:337:slice$55356 ($_SDFFE_PP0P_) from module rv_core.
Removing always-active EN on $auto$ff.cc:337:slice$55357 ($_SDFFE_PP0P_) from module rv_core.
Removing always-active EN on $auto$ff.cc:337:slice$55358 ($_SDFFE_PP0P_) from module rv_core.
Removing always-active EN on $auto$ff.cc:337:slice$55359 ($_SDFFE_PP0P_) from module rv_core.
Removing always-active EN on $auto$ff.cc:337:slice$55360 ($_SDFFE_PP0P_) from module rv_core.
Removing always-active EN on $auto$ff.cc:337:slice$55361 ($_SDFFE_PP0P_) from module rv_core.
Removing always-active EN on $auto$ff.cc:337:slice$55362 ($_SDFFE_PP0P_) from module rv_core.
Removing always-active EN on $auto$ff.cc:337:slice$55363 ($_SDFFE_PP0P_) from module rv_core.
Removing always-active EN on $auto$ff.cc:337:slice$55364 ($_SDFFE_PP0P_) from module rv_core.
Removing always-active EN on $auto$ff.cc:337:slice$55365 ($_SDFFE_PP0P_) from module rv_core.
Removing always-active EN on $auto$ff.cc:337:slice$55366 ($_SDFFE_PP0P_) from module rv_core.
Removing always-active EN on $auto$ff.cc:337:slice$55367 ($_SDFFE_PP0P_) from module rv_core.
Removing always-active EN on $auto$ff.cc:337:slice$55368 ($_SDFFE_PP0P_) from module rv_core.
Removing always-active EN on $auto$ff.cc:337:slice$55369 ($_SDFFE_PP0P_) from module rv_core.
Removing always-active EN on $auto$ff.cc:337:slice$55370 ($_SDFFE_PP0P_) from module rv_core.
Removing always-active EN on $auto$ff.cc:337:slice$55372 ($_SDFFE_PP1P_) from module rv_core.
Removing always-active EN on $auto$ff.cc:337:slice$55373 ($_SDFFE_PP1P_) from module rv_core.
Removing always-active EN on $auto$ff.cc:337:slice$55374 ($_SDFFE_PP0P_) from module rv_core.
Removing always-active EN on $auto$ff.cc:337:slice$55375 ($_SDFFE_PP0P_) from module rv_core.
Removing always-active EN on $auto$ff.cc:337:slice$55376 ($_SDFFE_PP1P_) from module rv_core.
Removing always-active EN on $auto$ff.cc:337:slice$55377 ($_SDFFE_PP0P_) from module rv_core.
Removing always-active EN on $auto$ff.cc:337:slice$55378 ($_SDFFE_PP0P_) from module rv_core.
Removing always-active EN on $auto$ff.cc:337:slice$55384 ($_SDFFE_PP0P_) from module rv_core.
Removing always-active EN on $auto$ff.cc:337:slice$55385 ($_SDFFE_PP0P_) from module rv_core.
Removing always-active EN on $auto$ff.cc:337:slice$55386 ($_SDFFE_PP0P_) from module rv_core.
Removing always-active EN on $auto$ff.cc:337:slice$55397 ($_SDFFE_PP0P_) from module rv_core.
Removing always-active EN on $auto$ff.cc:337:slice$55398 ($_SDFFE_PP0P_) from module rv_core.
Removing always-active EN on $auto$ff.cc:337:slice$55399 ($_SDFFE_PP0P_) from module rv_core.
Removing always-active EN on $auto$ff.cc:337:slice$55400 ($_SDFFE_PP0P_) from module rv_core.
Removing always-active EN on $auto$ff.cc:337:slice$55401 ($_SDFFE_PP0P_) from module rv_core.
Removing always-active EN on $auto$ff.cc:337:slice$55402 ($_SDFFE_PP0P_) from module rv_core.
Removing always-active EN on $auto$ff.cc:337:slice$55404 ($_SDFFE_PP0P_) from module rv_core.
Removing always-active EN on $auto$ff.cc:337:slice$55405 ($_SDFFE_PP0P_) from module rv_core.
Removing always-active EN on $auto$ff.cc:337:slice$55406 ($_SDFFE_PP0P_) from module rv_core.
Removing always-active EN on $auto$ff.cc:337:slice$55407 ($_SDFFE_PP0P_) from module rv_core.
Removing always-active EN on $auto$ff.cc:337:slice$55408 ($_SDFFE_PP0P_) from module rv_core.
Removing always-active EN on $auto$ff.cc:337:slice$55409 ($_SDFFE_PP0P_) from module rv_core.
Removing always-active EN on $auto$ff.cc:337:slice$55410 ($_SDFFE_PP0P_) from module rv_core.
Removing always-active EN on $auto$ff.cc:337:slice$55411 ($_SDFFE_PP0P_) from module rv_core.
Removing always-active EN on $auto$ff.cc:337:slice$55412 ($_SDFFE_PP0P_) from module rv_core.
Removing always-active EN on $auto$ff.cc:337:slice$55413 ($_SDFFE_PP0P_) from module rv_core.
Removing always-active EN on $auto$ff.cc:337:slice$55414 ($_SDFFE_PP0P_) from module rv_core.
Removing always-active EN on $auto$ff.cc:337:slice$55415 ($_SDFFE_PP0P_) from module rv_core.
Removing always-active EN on $auto$ff.cc:337:slice$55416 ($_SDFFE_PP0P_) from module rv_core.
Removing always-active EN on $auto$ff.cc:337:slice$55417 ($_SDFFE_PP0P_) from module rv_core.
Removing always-active EN on $auto$ff.cc:337:slice$55418 ($_SDFFE_PP0P_) from module rv_core.
Removing always-active EN on $auto$ff.cc:337:slice$55419 ($_SDFFE_PP0P_) from module rv_core.
Removing always-active EN on $auto$ff.cc:337:slice$55420 ($_SDFFE_PP0P_) from module rv_core.
Removing always-active EN on $auto$ff.cc:337:slice$55421 ($_SDFFE_PP0P_) from module rv_core.
Removing always-active EN on $auto$ff.cc:337:slice$55422 ($_SDFFE_PP0P_) from module rv_core.
Removing always-active EN on $auto$ff.cc:337:slice$55423 ($_SDFFE_PP0P_) from module rv_core.
Removing always-active EN on $auto$ff.cc:337:slice$55424 ($_SDFFE_PP0P_) from module rv_core.
Removing always-active EN on $auto$ff.cc:337:slice$55425 ($_SDFFE_PP0P_) from module rv_core.
Removing always-active EN on $auto$ff.cc:337:slice$55426 ($_SDFFE_PP0P_) from module rv_core.
Removing always-active EN on $auto$ff.cc:337:slice$55427 ($_SDFFE_PP0P_) from module rv_core.
Removing always-active EN on $auto$ff.cc:337:slice$55428 ($_SDFFE_PP0P_) from module rv_core.
Removing always-active EN on $auto$ff.cc:337:slice$55429 ($_SDFFE_PP0P_) from module rv_core.
Removing always-active EN on $auto$ff.cc:337:slice$55430 ($_SDFFE_PP0P_) from module rv_core.
Removing always-active EN on $auto$ff.cc:337:slice$55431 ($_SDFFE_PP0P_) from module rv_core.
Removing always-active EN on $auto$ff.cc:337:slice$55432 ($_SDFFE_PP0P_) from module rv_core.
Removing always-active EN on $auto$ff.cc:337:slice$55433 ($_SDFFE_PP0P_) from module rv_core.
Removing always-active EN on $auto$ff.cc:337:slice$55434 ($_SDFFE_PP0P_) from module rv_core.
Removing always-active EN on $auto$ff.cc:337:slice$55436 ($_SDFFE_PP0P_) from module rv_core.
Removing always-active EN on $auto$ff.cc:337:slice$55437 ($_SDFFE_PP0P_) from module rv_core.
Removing always-active EN on $auto$ff.cc:337:slice$55438 ($_SDFFE_PP0P_) from module rv_core.
Removing always-active EN on $auto$ff.cc:337:slice$55439 ($_SDFFE_PP0P_) from module rv_core.
Removing always-active EN on $auto$ff.cc:337:slice$55441 ($_SDFFE_PP0P_) from module rv_core.
Removing always-active EN on $auto$ff.cc:337:slice$55442 ($_SDFFE_PP0P_) from module rv_core.
Removing always-active EN on $auto$ff.cc:337:slice$55443 ($_SDFFE_PP0P_) from module rv_core.
Removing always-active EN on $auto$ff.cc:337:slice$55444 ($_SDFFE_PP0P_) from module rv_core.
Removing always-active EN on $auto$ff.cc:337:slice$55446 ($_SDFFE_PP0P_) from module rv_core.
Removing always-active EN on $auto$ff.cc:337:slice$55447 ($_SDFFE_PP0P_) from module rv_core.
Removing always-active EN on $auto$ff.cc:337:slice$55448 ($_SDFFE_PP0P_) from module rv_core.
Removing always-active EN on $auto$ff.cc:337:slice$55449 ($_SDFFE_PP0P_) from module rv_core.
Removing always-active EN on $auto$ff.cc:337:slice$55450 ($_SDFFE_PP0P_) from module rv_core.
Removing always-active EN on $auto$ff.cc:337:slice$55451 ($_SDFFE_PP0P_) from module rv_core.
Removing always-active EN on $auto$ff.cc:337:slice$55452 ($_SDFFE_PP0P_) from module rv_core.
Removing always-active EN on $auto$ff.cc:337:slice$55453 ($_SDFFE_PP0P_) from module rv_core.
Removing always-active EN on $auto$ff.cc:337:slice$55454 ($_SDFFE_PP0P_) from module rv_core.
Removing always-active EN on $auto$ff.cc:337:slice$55455 ($_SDFFE_PP0P_) from module rv_core.
Removing always-active EN on $auto$ff.cc:337:slice$55456 ($_SDFFE_PP0P_) from module rv_core.
Removing always-active EN on $auto$ff.cc:337:slice$55457 ($_SDFFE_PP0P_) from module rv_core.
Removing always-active EN on $auto$ff.cc:337:slice$55458 ($_SDFFE_PP0P_) from module rv_core.
Removing always-active EN on $auto$ff.cc:337:slice$55459 ($_SDFFE_PP0P_) from module rv_core.
Removing always-active EN on $auto$ff.cc:337:slice$55460 ($_SDFFE_PP0P_) from module rv_core.
Removing always-active EN on $auto$ff.cc:337:slice$55461 ($_SDFFE_PP0P_) from module rv_core.
Removing always-active EN on $auto$ff.cc:337:slice$55462 ($_SDFFE_PP0P_) from module rv_core.
Removing always-active EN on $auto$ff.cc:337:slice$55463 ($_SDFFE_PP0P_) from module rv_core.
Removing always-active EN on $auto$ff.cc:337:slice$55464 ($_SDFFE_PP0P_) from module rv_core.
Removing always-active EN on $auto$ff.cc:337:slice$55465 ($_SDFFE_PP0P_) from module rv_core.
Removing always-active EN on $auto$ff.cc:337:slice$55466 ($_SDFFE_PP0P_) from module rv_core.
Removing always-active EN on $auto$ff.cc:337:slice$55467 ($_SDFFE_PP0P_) from module rv_core.
Removing always-active EN on $auto$ff.cc:337:slice$55468 ($_SDFFE_PP0P_) from module rv_core.
Removing always-active EN on $auto$ff.cc:337:slice$55469 ($_SDFFE_PP0P_) from module rv_core.
Removing always-active EN on $auto$ff.cc:337:slice$55470 ($_SDFFE_PP0P_) from module rv_core.
Removing always-active EN on $auto$ff.cc:337:slice$55471 ($_SDFFE_PP0P_) from module rv_core.
Removing always-active EN on $auto$ff.cc:337:slice$55472 ($_SDFFE_PP0P_) from module rv_core.
Removing always-active EN on $auto$ff.cc:337:slice$55473 ($_SDFFE_PP0P_) from module rv_core.
Removing always-active EN on $auto$ff.cc:337:slice$55474 ($_SDFFE_PP0P_) from module rv_core.
Removing always-active EN on $auto$ff.cc:337:slice$55475 ($_SDFFE_PP0P_) from module rv_core.
Removing always-active EN on $auto$ff.cc:337:slice$55476 ($_SDFFE_PP0P_) from module rv_core.
Removing always-active EN on $auto$ff.cc:337:slice$55478 ($_SDFFE_PP0P_) from module rv_core.
Removing always-active EN on $auto$ff.cc:337:slice$55479 ($_SDFFE_PP0P_) from module rv_core.
Removing always-active EN on $auto$ff.cc:337:slice$55480 ($_SDFFE_PP0P_) from module rv_core.
Removing always-active EN on $auto$ff.cc:337:slice$55481 ($_SDFFE_PP0P_) from module rv_core.
Removing always-active EN on $auto$ff.cc:337:slice$55482 ($_SDFFE_PP0P_) from module rv_core.
Removing always-active EN on $auto$ff.cc:337:slice$55483 ($_SDFFE_PP0P_) from module rv_core.
Removing always-active EN on $auto$ff.cc:337:slice$55484 ($_SDFFE_PP0P_) from module rv_core.
Removing always-active EN on $auto$ff.cc:337:slice$55485 ($_SDFFE_PP0P_) from module rv_core.
Removing always-active EN on $auto$ff.cc:337:slice$55486 ($_SDFFE_PP0P_) from module rv_core.
Removing always-active EN on $auto$ff.cc:337:slice$55487 ($_SDFFE_PP0P_) from module rv_core.
Removing always-active EN on $auto$ff.cc:337:slice$55488 ($_SDFFE_PP0P_) from module rv_core.
Removing always-active EN on $auto$ff.cc:337:slice$55489 ($_SDFFE_PP0P_) from module rv_core.
Removing always-active EN on $auto$ff.cc:337:slice$55490 ($_SDFFE_PP0P_) from module rv_core.
Removing always-active EN on $auto$ff.cc:337:slice$55491 ($_SDFFE_PP0P_) from module rv_core.
Removing always-active EN on $auto$ff.cc:337:slice$55492 ($_SDFFE_PP0P_) from module rv_core.
Removing always-active EN on $auto$ff.cc:337:slice$55493 ($_SDFFE_PP0P_) from module rv_core.
Removing always-active EN on $auto$ff.cc:337:slice$55494 ($_SDFFE_PP0P_) from module rv_core.
Removing always-active EN on $auto$ff.cc:337:slice$55495 ($_SDFFE_PP0P_) from module rv_core.
Removing always-active EN on $auto$ff.cc:337:slice$55496 ($_SDFFE_PP0P_) from module rv_core.
Removing always-active EN on $auto$ff.cc:337:slice$55497 ($_SDFFE_PP0P_) from module rv_core.
Removing always-active EN on $auto$ff.cc:337:slice$55498 ($_SDFFE_PP0P_) from module rv_core.
Removing always-active EN on $auto$ff.cc:337:slice$55499 ($_SDFFE_PP0P_) from module rv_core.
Removing always-active EN on $auto$ff.cc:337:slice$55500 ($_SDFFE_PP0P_) from module rv_core.
Removing always-active EN on $auto$ff.cc:337:slice$55501 ($_SDFFE_PP0P_) from module rv_core.
Removing always-active EN on $auto$ff.cc:337:slice$55502 ($_SDFFE_PP0P_) from module rv_core.
Removing always-active EN on $auto$ff.cc:337:slice$55503 ($_SDFFE_PP0P_) from module rv_core.
Removing always-active EN on $auto$ff.cc:337:slice$55504 ($_SDFFE_PP0P_) from module rv_core.
Removing always-active EN on $auto$ff.cc:337:slice$55505 ($_SDFFE_PP0P_) from module rv_core.
Removing always-active EN on $auto$ff.cc:337:slice$55506 ($_SDFFE_PP0P_) from module rv_core.
Removing always-active EN on $auto$ff.cc:337:slice$55507 ($_SDFFE_PP0P_) from module rv_core.
Removing always-active EN on $auto$ff.cc:337:slice$55508 ($_SDFFE_PP0P_) from module rv_core.
Removing always-active EN on $auto$ff.cc:337:slice$55510 ($_SDFFE_PP0P_) from module rv_core.
Removing always-active EN on $auto$ff.cc:337:slice$55511 ($_SDFFE_PP0P_) from module rv_core.
Removing always-active EN on $auto$ff.cc:337:slice$55512 ($_SDFFE_PP0P_) from module rv_core.
Removing always-active EN on $auto$ff.cc:337:slice$55513 ($_SDFFE_PP0P_) from module rv_core.
Removing always-active EN on $auto$ff.cc:337:slice$55514 ($_SDFFE_PP0P_) from module rv_core.
Removing always-active EN on $auto$ff.cc:337:slice$55515 ($_SDFFE_PP0P_) from module rv_core.
Removing always-active EN on $auto$ff.cc:337:slice$55516 ($_SDFFE_PP0P_) from module rv_core.
Removing always-active EN on $auto$ff.cc:337:slice$55517 ($_SDFFE_PP0P_) from module rv_core.
Removing always-active EN on $auto$ff.cc:337:slice$55518 ($_SDFFE_PP0P_) from module rv_core.
Removing always-active EN on $auto$ff.cc:337:slice$55519 ($_SDFFE_PP0P_) from module rv_core.
Removing always-active EN on $auto$ff.cc:337:slice$55520 ($_SDFFE_PP0P_) from module rv_core.
Removing always-active EN on $auto$ff.cc:337:slice$55521 ($_SDFFE_PP0P_) from module rv_core.
Removing always-active EN on $auto$ff.cc:337:slice$55522 ($_SDFFE_PP0P_) from module rv_core.
Removing always-active EN on $auto$ff.cc:337:slice$55523 ($_SDFFE_PP0P_) from module rv_core.
Removing always-active EN on $auto$ff.cc:337:slice$55524 ($_SDFFE_PP0P_) from module rv_core.
Removing always-active EN on $auto$ff.cc:337:slice$55525 ($_SDFFE_PP0P_) from module rv_core.
Removing always-active EN on $auto$ff.cc:337:slice$55526 ($_SDFFE_PP0P_) from module rv_core.
Removing always-active EN on $auto$ff.cc:337:slice$55527 ($_SDFFE_PP0P_) from module rv_core.
Removing always-active EN on $auto$ff.cc:337:slice$55528 ($_SDFFE_PP0P_) from module rv_core.
Removing always-active EN on $auto$ff.cc:337:slice$55529 ($_SDFFE_PP0P_) from module rv_core.
Removing always-active EN on $auto$ff.cc:337:slice$55530 ($_SDFFE_PP0P_) from module rv_core.
Removing always-active EN on $auto$ff.cc:337:slice$55531 ($_SDFFE_PP0P_) from module rv_core.
Removing always-active EN on $auto$ff.cc:337:slice$55532 ($_SDFFE_PP0P_) from module rv_core.
Removing always-active EN on $auto$ff.cc:337:slice$55533 ($_SDFFE_PP0P_) from module rv_core.
Removing always-active EN on $auto$ff.cc:337:slice$55534 ($_SDFFE_PP0P_) from module rv_core.
Removing always-active EN on $auto$ff.cc:337:slice$55535 ($_SDFFE_PP0P_) from module rv_core.
Removing always-active EN on $auto$ff.cc:337:slice$55536 ($_SDFFE_PP0P_) from module rv_core.
Removing always-active EN on $auto$ff.cc:337:slice$55537 ($_SDFFE_PP0P_) from module rv_core.
Removing always-active EN on $auto$ff.cc:337:slice$55538 ($_SDFFE_PP0P_) from module rv_core.
Removing always-active EN on $auto$ff.cc:337:slice$55539 ($_SDFFE_PP0P_) from module rv_core.
Removing always-active EN on $auto$ff.cc:337:slice$55540 ($_SDFFE_PP0P_) from module rv_core.
Removing always-active EN on $auto$ff.cc:337:slice$55554 ($_SDFFE_PP0P_) from module rv_core.
Removing always-active EN on $auto$ff.cc:337:slice$55555 ($_SDFFE_PP0P_) from module rv_core.
Removing always-active EN on $auto$ff.cc:337:slice$55556 ($_SDFFE_PP0P_) from module rv_core.
Removing always-active EN on $auto$ff.cc:337:slice$55574 ($_SDFFE_PP0P_) from module rv_core.
Removing always-active EN on $auto$ff.cc:337:slice$55575 ($_SDFFE_PP0P_) from module rv_core.
Removing always-active EN on $auto$ff.cc:337:slice$55576 ($_SDFFE_PP0P_) from module rv_core.
Removing always-active EN on $auto$ff.cc:337:slice$55577 ($_SDFFE_PP0P_) from module rv_core.
Removing always-active EN on $auto$ff.cc:337:slice$55578 ($_SDFFE_PP0P_) from module rv_core.
Removing always-active EN on $auto$ff.cc:337:slice$55579 ($_SDFFE_PP0P_) from module rv_core.
Removing always-active EN on $auto$ff.cc:337:slice$55580 ($_SDFFE_PP0P_) from module rv_core.
Removing always-active EN on $auto$ff.cc:337:slice$55581 ($_SDFFE_PP0P_) from module rv_core.
Removing always-active EN on $auto$ff.cc:337:slice$55582 ($_SDFFE_PP0P_) from module rv_core.
Removing always-active EN on $auto$ff.cc:337:slice$55583 ($_SDFFE_PP0P_) from module rv_core.
Removing always-active EN on $auto$ff.cc:337:slice$55584 ($_SDFFE_PP0P_) from module rv_core.
Removing always-active EN on $auto$ff.cc:337:slice$55585 ($_SDFFE_PP0P_) from module rv_core.
Removing always-active EN on $auto$ff.cc:337:slice$55586 ($_SDFFE_PP0P_) from module rv_core.
Removing always-active EN on $auto$ff.cc:337:slice$55587 ($_SDFFE_PP0P_) from module rv_core.
Removing always-active EN on $auto$ff.cc:337:slice$55588 ($_SDFFE_PP0P_) from module rv_core.
Removing always-active EN on $auto$ff.cc:337:slice$55589 ($_SDFFE_PP0P_) from module rv_core.
Removing always-active EN on $auto$ff.cc:337:slice$55590 ($_SDFFE_PP0P_) from module rv_core.
Removing always-active EN on $auto$ff.cc:337:slice$55591 ($_SDFFE_PP0P_) from module rv_core.
Removing always-active EN on $auto$ff.cc:337:slice$55592 ($_SDFFE_PP0P_) from module rv_core.
Removing always-active EN on $auto$ff.cc:337:slice$55593 ($_SDFFE_PP0P_) from module rv_core.
Removing always-active EN on $auto$ff.cc:337:slice$55594 ($_SDFFE_PP0P_) from module rv_core.
Removing always-active EN on $auto$ff.cc:337:slice$55595 ($_SDFFE_PP0P_) from module rv_core.
Removing always-active EN on $auto$ff.cc:337:slice$55596 ($_SDFFE_PP0P_) from module rv_core.
Removing always-active EN on $auto$ff.cc:337:slice$55597 ($_SDFFE_PP0P_) from module rv_core.
Removing always-active EN on $auto$ff.cc:337:slice$55598 ($_SDFFE_PP0P_) from module rv_core.
Removing always-active EN on $auto$ff.cc:337:slice$55599 ($_SDFFE_PP0P_) from module rv_core.
Removing always-active EN on $auto$ff.cc:337:slice$55600 ($_SDFFE_PP0P_) from module rv_core.
Removing always-active EN on $auto$ff.cc:337:slice$55601 ($_SDFFE_PP0P_) from module rv_core.
Removing always-active EN on $auto$ff.cc:337:slice$55602 ($_SDFFE_PP0P_) from module rv_core.
Removing always-active EN on $auto$ff.cc:337:slice$55603 ($_SDFFE_PP0P_) from module rv_core.
Removing always-active EN on $auto$ff.cc:337:slice$55604 ($_SDFFE_PP0P_) from module rv_core.
Removing always-active EN on $auto$ff.cc:337:slice$55608 ($_SDFFE_PP0P_) from module rv_core.
Removing always-active EN on $auto$ff.cc:337:slice$55609 ($_SDFFE_PP0P_) from module rv_core.
Removing always-active EN on $auto$ff.cc:337:slice$55610 ($_SDFFE_PP0P_) from module rv_core.
Removing always-active EN on $auto$ff.cc:337:slice$55611 ($_SDFFE_PP0P_) from module rv_core.
Removing always-active EN on $auto$ff.cc:337:slice$55613 ($_SDFFE_PP0P_) from module rv_core.
Removing always-active EN on $auto$ff.cc:337:slice$55614 ($_SDFFE_PP0P_) from module rv_core.
Removing always-active EN on $auto$ff.cc:337:slice$55615 ($_SDFFE_PP0P_) from module rv_core.
Removing always-active EN on $auto$ff.cc:337:slice$55616 ($_SDFFE_PP0P_) from module rv_core.
Removing always-active EN on $auto$ff.cc:337:slice$55617 ($_SDFFE_PP0P_) from module rv_core.
Removing always-active EN on $auto$ff.cc:337:slice$55618 ($_SDFFE_PP0P_) from module rv_core.
Removing always-active EN on $auto$ff.cc:337:slice$55619 ($_SDFFE_PP0P_) from module rv_core.
Removing always-active EN on $auto$ff.cc:337:slice$55620 ($_SDFFE_PP0P_) from module rv_core.
Removing always-active EN on $auto$ff.cc:337:slice$55621 ($_SDFFE_PP0P_) from module rv_core.
Removing always-active EN on $auto$ff.cc:337:slice$55622 ($_SDFFE_PP0P_) from module rv_core.
Removing always-active EN on $auto$ff.cc:337:slice$55623 ($_SDFFE_PP0P_) from module rv_core.
Removing always-active EN on $auto$ff.cc:337:slice$55624 ($_SDFFE_PP0P_) from module rv_core.
Removing always-active EN on $auto$ff.cc:337:slice$55625 ($_SDFFE_PP0P_) from module rv_core.
Removing always-active EN on $auto$ff.cc:337:slice$55626 ($_SDFFE_PP0P_) from module rv_core.
Removing always-active EN on $auto$ff.cc:337:slice$55627 ($_SDFFE_PP0P_) from module rv_core.
Removing always-active EN on $auto$ff.cc:337:slice$55628 ($_SDFFE_PP0P_) from module rv_core.
Removing always-active EN on $auto$ff.cc:337:slice$55629 ($_SDFFE_PP0P_) from module rv_core.
Removing always-active EN on $auto$ff.cc:337:slice$55630 ($_SDFFE_PP0P_) from module rv_core.
Removing always-active EN on $auto$ff.cc:337:slice$55631 ($_SDFFE_PP0P_) from module rv_core.
Removing always-active EN on $auto$ff.cc:337:slice$55632 ($_SDFFE_PP0P_) from module rv_core.
Removing always-active EN on $auto$ff.cc:337:slice$55633 ($_SDFFE_PP0P_) from module rv_core.
Removing always-active EN on $auto$ff.cc:337:slice$55634 ($_SDFFE_PP0P_) from module rv_core.
Removing always-active EN on $auto$ff.cc:337:slice$55635 ($_SDFFE_PP0P_) from module rv_core.
Removing always-active EN on $auto$ff.cc:337:slice$55636 ($_SDFFE_PP0P_) from module rv_core.
Removing always-active EN on $auto$ff.cc:337:slice$55637 ($_SDFFE_PP0P_) from module rv_core.
Removing always-active EN on $auto$ff.cc:337:slice$55638 ($_SDFFE_PP0P_) from module rv_core.
Removing always-active EN on $auto$ff.cc:337:slice$55639 ($_SDFFE_PP0P_) from module rv_core.
Removing always-active EN on $auto$ff.cc:337:slice$55640 ($_SDFFE_PP0P_) from module rv_core.
Removing always-active EN on $auto$ff.cc:337:slice$55641 ($_SDFFE_PP0P_) from module rv_core.
Removing always-active EN on $auto$ff.cc:337:slice$55642 ($_SDFFE_PP0P_) from module rv_core.
Removing always-active EN on $auto$ff.cc:337:slice$55643 ($_SDFFE_PP0P_) from module rv_core.
Removing always-active EN on $auto$ff.cc:337:slice$55645 ($_SDFFE_PP0P_) from module rv_core.
Removing always-active EN on $auto$ff.cc:337:slice$55646 ($_SDFFE_PP0P_) from module rv_core.
Removing always-active EN on $auto$ff.cc:337:slice$55647 ($_SDFFE_PP0P_) from module rv_core.
Removing always-active EN on $auto$ff.cc:337:slice$55648 ($_SDFFE_PP0P_) from module rv_core.
Removing always-active EN on $auto$ff.cc:337:slice$55649 ($_SDFFE_PP0P_) from module rv_core.
Removing always-active EN on $auto$ff.cc:337:slice$55650 ($_SDFFE_PP0P_) from module rv_core.
Removing always-active EN on $auto$ff.cc:337:slice$55651 ($_SDFFE_PP0P_) from module rv_core.
Removing always-active EN on $auto$ff.cc:337:slice$55652 ($_SDFFE_PP0P_) from module rv_core.
Removing always-active EN on $auto$ff.cc:337:slice$55653 ($_SDFFE_PP0P_) from module rv_core.
Removing always-active EN on $auto$ff.cc:337:slice$55654 ($_SDFFE_PP0P_) from module rv_core.
Removing always-active EN on $auto$ff.cc:337:slice$55655 ($_SDFFE_PP0P_) from module rv_core.
Removing always-active EN on $auto$ff.cc:337:slice$55656 ($_SDFFE_PP0P_) from module rv_core.
Removing always-active EN on $auto$ff.cc:337:slice$55657 ($_SDFFE_PP0P_) from module rv_core.
Removing always-active EN on $auto$ff.cc:337:slice$55658 ($_SDFFE_PP0P_) from module rv_core.
Removing always-active EN on $auto$ff.cc:337:slice$55659 ($_SDFFE_PP0P_) from module rv_core.
Removing always-active EN on $auto$ff.cc:337:slice$55660 ($_SDFFE_PP0P_) from module rv_core.
Removing always-active EN on $auto$ff.cc:337:slice$55661 ($_SDFFE_PP0P_) from module rv_core.
Removing always-active EN on $auto$ff.cc:337:slice$55662 ($_SDFFE_PP0P_) from module rv_core.
Removing always-active EN on $auto$ff.cc:337:slice$55663 ($_SDFFE_PP0P_) from module rv_core.
Removing always-active EN on $auto$ff.cc:337:slice$55664 ($_SDFFE_PP0P_) from module rv_core.
Removing always-active EN on $auto$ff.cc:337:slice$55665 ($_SDFFE_PP0P_) from module rv_core.
Removing always-active EN on $auto$ff.cc:337:slice$55666 ($_SDFFE_PP0P_) from module rv_core.
Removing always-active EN on $auto$ff.cc:337:slice$55667 ($_SDFFE_PP0P_) from module rv_core.
Removing always-active EN on $auto$ff.cc:337:slice$55668 ($_SDFFE_PP0P_) from module rv_core.
Removing always-active EN on $auto$ff.cc:337:slice$55669 ($_SDFFE_PP0P_) from module rv_core.
Removing always-active EN on $auto$ff.cc:337:slice$55670 ($_SDFFE_PP0P_) from module rv_core.
Removing always-active EN on $auto$ff.cc:337:slice$55671 ($_SDFFE_PP0P_) from module rv_core.
Removing always-active EN on $auto$ff.cc:337:slice$55672 ($_SDFFE_PP0P_) from module rv_core.
Removing always-active EN on $auto$ff.cc:337:slice$55673 ($_SDFFE_PP0P_) from module rv_core.
Removing always-active EN on $auto$ff.cc:337:slice$55674 ($_SDFFE_PP0P_) from module rv_core.
Removing always-active EN on $auto$ff.cc:337:slice$55675 ($_SDFFE_PP0P_) from module rv_core.
Removing always-active EN on $auto$ff.cc:337:slice$55677 ($_SDFFE_PP0P_) from module rv_core.
Removing always-active EN on $auto$ff.cc:337:slice$55678 ($_SDFFE_PP0P_) from module rv_core.
Removing always-active EN on $auto$ff.cc:337:slice$55679 ($_SDFFE_PP0P_) from module rv_core.
Removing always-active EN on $auto$ff.cc:337:slice$55680 ($_SDFFE_PP0P_) from module rv_core.
Removing always-active EN on $auto$ff.cc:337:slice$55681 ($_SDFFE_PP0P_) from module rv_core.
Removing always-active EN on $auto$ff.cc:337:slice$55682 ($_SDFFE_PP0P_) from module rv_core.
Removing always-active EN on $auto$ff.cc:337:slice$55683 ($_SDFFE_PP0P_) from module rv_core.
Removing always-active EN on $auto$ff.cc:337:slice$55684 ($_SDFFE_PP0P_) from module rv_core.
Removing always-active EN on $auto$ff.cc:337:slice$55685 ($_SDFFE_PP0P_) from module rv_core.
Removing always-active EN on $auto$ff.cc:337:slice$55686 ($_SDFFE_PP0P_) from module rv_core.
Removing always-active EN on $auto$ff.cc:337:slice$55687 ($_SDFFE_PP0P_) from module rv_core.
Removing always-active EN on $auto$ff.cc:337:slice$55688 ($_SDFFE_PP0P_) from module rv_core.
Removing always-active EN on $auto$ff.cc:337:slice$55689 ($_SDFFE_PP0P_) from module rv_core.
Removing always-active EN on $auto$ff.cc:337:slice$55690 ($_SDFFE_PP0P_) from module rv_core.
Removing always-active EN on $auto$ff.cc:337:slice$55691 ($_SDFFE_PP0P_) from module rv_core.
Removing always-active EN on $auto$ff.cc:337:slice$55692 ($_SDFFE_PP0P_) from module rv_core.
Removing always-active EN on $auto$ff.cc:337:slice$55693 ($_SDFFE_PP0P_) from module rv_core.
Removing always-active EN on $auto$ff.cc:337:slice$55694 ($_SDFFE_PP0P_) from module rv_core.
Removing always-active EN on $auto$ff.cc:337:slice$55695 ($_SDFFE_PP0P_) from module rv_core.
Removing always-active EN on $auto$ff.cc:337:slice$55696 ($_SDFFE_PP0P_) from module rv_core.
Removing always-active EN on $auto$ff.cc:337:slice$55697 ($_SDFFE_PP0P_) from module rv_core.
Removing always-active EN on $auto$ff.cc:337:slice$55698 ($_SDFFE_PP0P_) from module rv_core.
Removing always-active EN on $auto$ff.cc:337:slice$55699 ($_SDFFE_PP0P_) from module rv_core.
Removing always-active EN on $auto$ff.cc:337:slice$55700 ($_SDFFE_PP0P_) from module rv_core.
Removing always-active EN on $auto$ff.cc:337:slice$55701 ($_SDFFE_PP0P_) from module rv_core.
Removing always-active EN on $auto$ff.cc:337:slice$55702 ($_SDFFE_PP0P_) from module rv_core.
Removing always-active EN on $auto$ff.cc:337:slice$55703 ($_SDFFE_PP0P_) from module rv_core.
Removing always-active EN on $auto$ff.cc:337:slice$55704 ($_SDFFE_PP0P_) from module rv_core.
Removing always-active EN on $auto$ff.cc:337:slice$55705 ($_SDFFE_PP0P_) from module rv_core.
Removing always-active EN on $auto$ff.cc:337:slice$55706 ($_SDFFE_PP0P_) from module rv_core.
Removing always-active EN on $auto$ff.cc:337:slice$55707 ($_SDFFE_PP0P_) from module rv_core.
Removing always-active EN on $auto$ff.cc:337:slice$55709 ($_SDFFE_PP0P_) from module rv_core.
Removing always-active EN on $auto$ff.cc:337:slice$55710 ($_SDFFE_PP0P_) from module rv_core.
Removing always-active EN on $auto$ff.cc:337:slice$55711 ($_SDFFE_PP0P_) from module rv_core.
Removing always-active EN on $auto$ff.cc:337:slice$55712 ($_SDFFE_PP0P_) from module rv_core.
Removing always-active EN on $auto$ff.cc:337:slice$55713 ($_SDFFE_PP0P_) from module rv_core.
Removing always-active EN on $auto$ff.cc:337:slice$55714 ($_SDFFE_PP0P_) from module rv_core.
Removing always-active EN on $auto$ff.cc:337:slice$55715 ($_SDFFE_PP0P_) from module rv_core.
Removing always-active EN on $auto$ff.cc:337:slice$55716 ($_SDFFE_PP0P_) from module rv_core.
Removing always-active EN on $auto$ff.cc:337:slice$55717 ($_SDFFE_PP0P_) from module rv_core.
Removing always-active EN on $auto$ff.cc:337:slice$55718 ($_SDFFE_PP0P_) from module rv_core.
Removing always-active EN on $auto$ff.cc:337:slice$55719 ($_SDFFE_PP0P_) from module rv_core.
Removing always-active EN on $auto$ff.cc:337:slice$55720 ($_SDFFE_PP0P_) from module rv_core.
Removing always-active EN on $auto$ff.cc:337:slice$55721 ($_SDFFE_PP0P_) from module rv_core.
Removing always-active EN on $auto$ff.cc:337:slice$55722 ($_SDFFE_PP0P_) from module rv_core.
Removing always-active EN on $auto$ff.cc:337:slice$55723 ($_SDFFE_PP0P_) from module rv_core.
Removing always-active EN on $auto$ff.cc:337:slice$55724 ($_SDFFE_PP0P_) from module rv_core.
Removing always-active EN on $auto$ff.cc:337:slice$55725 ($_SDFFE_PP0P_) from module rv_core.
Removing always-active EN on $auto$ff.cc:337:slice$55726 ($_SDFFE_PP0P_) from module rv_core.
Removing always-active EN on $auto$ff.cc:337:slice$55727 ($_SDFFE_PP0P_) from module rv_core.
Removing always-active EN on $auto$ff.cc:337:slice$55728 ($_SDFFE_PP0P_) from module rv_core.
Removing always-active EN on $auto$ff.cc:337:slice$55729 ($_SDFFE_PP0P_) from module rv_core.
Removing always-active EN on $auto$ff.cc:337:slice$55730 ($_SDFFE_PP0P_) from module rv_core.
Removing always-active EN on $auto$ff.cc:337:slice$55731 ($_SDFFE_PP0P_) from module rv_core.
Removing always-active EN on $auto$ff.cc:337:slice$55732 ($_SDFFE_PP0P_) from module rv_core.
Removing always-active EN on $auto$ff.cc:337:slice$55733 ($_SDFFE_PP0P_) from module rv_core.
Removing always-active EN on $auto$ff.cc:337:slice$55734 ($_SDFFE_PP0P_) from module rv_core.
Removing always-active EN on $auto$ff.cc:337:slice$55735 ($_SDFFE_PP0P_) from module rv_core.
Removing always-active EN on $auto$ff.cc:337:slice$55736 ($_SDFFE_PP0P_) from module rv_core.
Removing always-active EN on $auto$ff.cc:337:slice$55737 ($_SDFFE_PP0P_) from module rv_core.
Removing always-active EN on $auto$ff.cc:337:slice$55738 ($_SDFFE_PP0P_) from module rv_core.
Removing always-active EN on $auto$ff.cc:337:slice$55739 ($_SDFFE_PP0P_) from module rv_core.
Removing always-active EN on $auto$ff.cc:337:slice$55743 ($_SDFFE_PP0P_) from module rv_core.
Removing always-active EN on $auto$ff.cc:337:slice$55744 ($_SDFFE_PP0P_) from module rv_core.
Removing always-active EN on $auto$ff.cc:337:slice$55745 ($_SDFFE_PP0P_) from module rv_core.
Removing always-active EN on $auto$ff.cc:337:slice$55746 ($_SDFFE_PP0P_) from module rv_core.
Removing always-active EN on $auto$ff.cc:337:slice$55780 ($_SDFFE_PP0P_) from module rv_core.
Removing always-active EN on $auto$ff.cc:337:slice$55781 ($_SDFFE_PP0P_) from module rv_core.
Removing always-active EN on $auto$ff.cc:337:slice$55782 ($_SDFFE_PP0P_) from module rv_core.
Removing always-active EN on $auto$ff.cc:337:slice$55783 ($_SDFFE_PP0P_) from module rv_core.
Removing always-active EN on $flatten\control_pipe.$auto$ff.cc:337:slice$56739 ($_SDFFE_PP0P_) from module rv_core.
Removing always-active EN on $flatten\control_pipe.$auto$ff.cc:337:slice$56756 ($_SDFFE_PP0P_) from module rv_core.
Removing always-active EN on $flatten\control_pipe.$auto$ff.cc:337:slice$56755 ($_SDFFE_PP0P_) from module rv_core.
Removing always-active EN on $flatten\control_pipe.$auto$ff.cc:337:slice$56736 ($_SDFFE_PP0P_) from module rv_core.
Removing always-active EN on $flatten\control_pipe.$auto$ff.cc:337:slice$56754 ($_SDFFE_PP0P_) from module rv_core.
Removing always-active EN on $flatten\control_pipe.$auto$ff.cc:337:slice$56751 ($_SDFFE_PP0P_) from module rv_core.
Removing always-active EN on $flatten\control_pipe.$auto$ff.cc:337:slice$56750 ($_SDFFE_PP0P_) from module rv_core.
Removing always-active EN on $flatten\control_pipe.$auto$ff.cc:337:slice$56749 ($_SDFFE_PP0P_) from module rv_core.
Removing always-active EN on $flatten\control_pipe.$auto$ff.cc:337:slice$56727 ($_SDFFE_PP0P_) from module rv_core.
Removing always-active EN on $flatten\control_pipe.$auto$ff.cc:337:slice$56726 ($_SDFFE_PP0P_) from module rv_core.
Removing always-active EN on $flatten\control_pipe.$auto$ff.cc:337:slice$56759 ($_SDFFE_PP0P_) from module rv_core.
Removing always-active EN on $flatten\control_pipe.$auto$ff.cc:337:slice$56758 ($_SDFFE_PP0P_) from module rv_core.
Removing always-active EN on $flatten\control_pipe.$auto$ff.cc:337:slice$56757 ($_SDFFE_PP0P_) from module rv_core.
Removing always-active EN on $flatten\control_pipe.$auto$ff.cc:337:slice$56742 ($_SDFFE_PP0P_) from module rv_core.
Removing always-active EN on $flatten\control_pipe.$auto$ff.cc:337:slice$56721 ($_SDFFE_PP0P_) from module rv_core.
Removing always-active EN on $flatten\control_pipe.$auto$ff.cc:337:slice$56741 ($_SDFFE_PP0P_) from module rv_core.
Removing always-active EN on $flatten\control_pipe.$auto$ff.cc:337:slice$56740 ($_SDFFE_PP0P_) from module rv_core.
Removing always-active EN on $flatten\control_pipe.$auto$ff.cc:337:slice$56761 ($_SDFFE_PP0P_) from module rv_core.
Removing always-active EN on $flatten\control_pipe.$auto$ff.cc:337:slice$56760 ($_SDFFE_PP0P_) from module rv_core.
Removing always-active EN on $flatten\control_pipe.$auto$ff.cc:337:slice$56752 ($_SDFFE_PP0P_) from module rv_core.

yosys> opt_clean

28.7. Executing OPT_CLEAN pass (remove unused cells and wires).
Finding unused cells or wires in module \rv_core..
Removed 7 unused cells and 257 unused wires.
<suppressed ~12 debug messages>

yosys> opt_expr

28.8. Executing OPT_EXPR pass (perform const folding).
Optimizing module rv_core.

28.9. Rerunning OPT passes. (Maybe there is more to do..)

yosys> opt_muxtree

28.10. Executing OPT_MUXTREE pass (detect dead branches in mux trees).
Running muxtree optimizer on module \rv_core..
  Creating internal representation of mux trees.
  No muxes found in this module.
Removed 0 multiplexer ports.

yosys> opt_reduce

28.11. Executing OPT_REDUCE pass (consolidate $*mux and $reduce_* inputs).
  Optimizing cells in module \rv_core.
Performed a total of 0 changes.

yosys> opt_merge

28.12. Executing OPT_MERGE pass (detect identical cells).
Finding identical cells in module `\rv_core'.
Computing hashes of 35904 cells of `\rv_core'.
Finding duplicate cells in `\rv_core'.
Removed a total of 0 cells.

yosys> opt_dff

28.13. Executing OPT_DFF pass (perform DFF optimizations).
Adding SRST signal on $auto$ff.cc:337:slice$55747 ($_SDFF_PP0_) from module rv_core (D = \if_id_insn [11], Q = \id_ex_rd [4], rval = 1'0).
Adding SRST signal on $auto$ff.cc:337:slice$55676 ($_SDFF_PP0_) from module rv_core (D = $flatten\memory1.\mem_con.$3\rdata_o[31:0] [31], Q = \mem_wb_load_data [31], rval = 1'0).
Adding SRST signal on $auto$ff.cc:337:slice$55307 ($_SDFF_PP0_) from module rv_core (D = $flatten\igen1.$auto$simplemap.cc:189:logic_reduce$54910, Q = \id_ex_imm [31], rval = 1'0).
Adding SRST signal on $auto$ff.cc:337:slice$55276 ($_SDFF_PP0_) from module rv_core (D = $flatten\igen1.$auto$simplemap.cc:189:logic_reduce$54352, Q = \id_ex_imm [0], rval = 1'0).
Adding SRST signal on $auto$ff.cc:337:slice$55277 ($_SDFF_PP0_) from module rv_core (D = $flatten\igen1.$auto$simplemap.cc:189:logic_reduce$54370, Q = \id_ex_imm [1], rval = 1'0).
Adding SRST signal on $auto$ff.cc:337:slice$55278 ($_SDFF_PP0_) from module rv_core (D = $flatten\igen1.$auto$simplemap.cc:189:logic_reduce$54388, Q = \id_ex_imm [2], rval = 1'0).
Adding SRST signal on $auto$ff.cc:337:slice$55279 ($_SDFF_PP0_) from module rv_core (D = $flatten\igen1.$auto$simplemap.cc:189:logic_reduce$54406, Q = \id_ex_imm [3], rval = 1'0).
Adding SRST signal on $auto$ff.cc:337:slice$55280 ($_SDFF_PP0_) from module rv_core (D = $flatten\igen1.$auto$simplemap.cc:189:logic_reduce$54424, Q = \id_ex_imm [4], rval = 1'0).
Adding SRST signal on $auto$ff.cc:337:slice$55281 ($_SDFF_PP0_) from module rv_core (D = $flatten\igen1.$auto$simplemap.cc:189:logic_reduce$54442, Q = \id_ex_imm [5], rval = 1'0).
Adding SRST signal on $auto$ff.cc:337:slice$55282 ($_SDFF_PP0_) from module rv_core (D = $flatten\igen1.$auto$simplemap.cc:189:logic_reduce$54460, Q = \id_ex_imm [6], rval = 1'0).
Adding SRST signal on $auto$ff.cc:337:slice$55283 ($_SDFF_PP0_) from module rv_core (D = $flatten\igen1.$auto$simplemap.cc:189:logic_reduce$54478, Q = \id_ex_imm [7], rval = 1'0).
Adding SRST signal on $auto$ff.cc:337:slice$55284 ($_SDFF_PP0_) from module rv_core (D = $flatten\igen1.$auto$simplemap.cc:189:logic_reduce$54496, Q = \id_ex_imm [8], rval = 1'0).
Adding SRST signal on $auto$ff.cc:337:slice$55285 ($_SDFF_PP0_) from module rv_core (D = $flatten\igen1.$auto$simplemap.cc:189:logic_reduce$54514, Q = \id_ex_imm [9], rval = 1'0).
Adding SRST signal on $auto$ff.cc:337:slice$55286 ($_SDFF_PP0_) from module rv_core (D = $flatten\igen1.$auto$simplemap.cc:189:logic_reduce$54532, Q = \id_ex_imm [10], rval = 1'0).
Adding SRST signal on $auto$ff.cc:337:slice$55287 ($_SDFF_PP0_) from module rv_core (D = $flatten\igen1.$auto$simplemap.cc:189:logic_reduce$54550, Q = \id_ex_imm [11], rval = 1'0).
Adding SRST signal on $auto$ff.cc:337:slice$55288 ($_SDFF_PP0_) from module rv_core (D = $flatten\igen1.$auto$simplemap.cc:189:logic_reduce$54568, Q = \id_ex_imm [12], rval = 1'0).
Adding SRST signal on $auto$ff.cc:337:slice$55289 ($_SDFF_PP0_) from module rv_core (D = $flatten\igen1.$auto$simplemap.cc:189:logic_reduce$54586, Q = \id_ex_imm [13], rval = 1'0).
Adding SRST signal on $auto$ff.cc:337:slice$55290 ($_SDFF_PP0_) from module rv_core (D = $flatten\igen1.$auto$simplemap.cc:189:logic_reduce$54604, Q = \id_ex_imm [14], rval = 1'0).
Adding SRST signal on $auto$ff.cc:337:slice$55291 ($_SDFF_PP0_) from module rv_core (D = $flatten\igen1.$auto$simplemap.cc:189:logic_reduce$54622, Q = \id_ex_imm [15], rval = 1'0).
Adding SRST signal on $auto$ff.cc:337:slice$55292 ($_SDFF_PP0_) from module rv_core (D = $flatten\igen1.$auto$simplemap.cc:189:logic_reduce$54640, Q = \id_ex_imm [16], rval = 1'0).
Adding SRST signal on $auto$ff.cc:337:slice$55293 ($_SDFF_PP0_) from module rv_core (D = $flatten\igen1.$auto$simplemap.cc:189:logic_reduce$54658, Q = \id_ex_imm [17], rval = 1'0).
Adding SRST signal on $auto$ff.cc:337:slice$55294 ($_SDFF_PP0_) from module rv_core (D = $flatten\igen1.$auto$simplemap.cc:189:logic_reduce$54676, Q = \id_ex_imm [18], rval = 1'0).
Adding SRST signal on $auto$ff.cc:337:slice$55295 ($_SDFF_PP0_) from module rv_core (D = $flatten\igen1.$auto$simplemap.cc:189:logic_reduce$54694, Q = \id_ex_imm [19], rval = 1'0).
Adding SRST signal on $auto$ff.cc:337:slice$55296 ($_SDFF_PP0_) from module rv_core (D = $flatten\igen1.$auto$simplemap.cc:189:logic_reduce$54712, Q = \id_ex_imm [20], rval = 1'0).
Adding SRST signal on $auto$ff.cc:337:slice$55297 ($_SDFF_PP0_) from module rv_core (D = $flatten\igen1.$auto$simplemap.cc:189:logic_reduce$54730, Q = \id_ex_imm [21], rval = 1'0).
Adding SRST signal on $auto$ff.cc:337:slice$55298 ($_SDFF_PP0_) from module rv_core (D = $flatten\igen1.$auto$simplemap.cc:189:logic_reduce$54748, Q = \id_ex_imm [22], rval = 1'0).
Adding SRST signal on $auto$ff.cc:337:slice$55299 ($_SDFF_PP0_) from module rv_core (D = $flatten\igen1.$auto$simplemap.cc:189:logic_reduce$54766, Q = \id_ex_imm [23], rval = 1'0).
Adding SRST signal on $auto$ff.cc:337:slice$55300 ($_SDFF_PP0_) from module rv_core (D = $flatten\igen1.$auto$simplemap.cc:189:logic_reduce$54784, Q = \id_ex_imm [24], rval = 1'0).
Adding SRST signal on $auto$ff.cc:337:slice$55301 ($_SDFF_PP0_) from module rv_core (D = $flatten\igen1.$auto$simplemap.cc:189:logic_reduce$54802, Q = \id_ex_imm [25], rval = 1'0).
Adding SRST signal on $auto$ff.cc:337:slice$55302 ($_SDFF_PP0_) from module rv_core (D = $flatten\igen1.$auto$simplemap.cc:189:logic_reduce$54820, Q = \id_ex_imm [26], rval = 1'0).
Adding SRST signal on $auto$ff.cc:337:slice$55303 ($_SDFF_PP0_) from module rv_core (D = $flatten\igen1.$auto$simplemap.cc:189:logic_reduce$54838, Q = \id_ex_imm [27], rval = 1'0).
Adding SRST signal on $auto$ff.cc:337:slice$55304 ($_SDFF_PP0_) from module rv_core (D = $flatten\igen1.$auto$simplemap.cc:189:logic_reduce$54856, Q = \id_ex_imm [28], rval = 1'0).
Adding SRST signal on $auto$ff.cc:337:slice$55305 ($_SDFF_PP0_) from module rv_core (D = $flatten\igen1.$auto$simplemap.cc:189:logic_reduce$54874, Q = \id_ex_imm [29], rval = 1'0).
Adding SRST signal on $auto$ff.cc:337:slice$55306 ($_SDFF_PP0_) from module rv_core (D = $flatten\igen1.$auto$simplemap.cc:189:logic_reduce$54892, Q = \id_ex_imm [30], rval = 1'0).
Adding SRST signal on $auto$ff.cc:337:slice$55645 ($_SDFF_PP0_) from module rv_core (D = $flatten\memory1.\mem_con.$3\rdata_o[31:0] [0], Q = \mem_wb_load_data [0], rval = 1'0).
Adding SRST signal on $auto$ff.cc:337:slice$55646 ($_SDFF_PP0_) from module rv_core (D = $flatten\memory1.\mem_con.$3\rdata_o[31:0] [1], Q = \mem_wb_load_data [1], rval = 1'0).
Adding SRST signal on $auto$ff.cc:337:slice$55647 ($_SDFF_PP0_) from module rv_core (D = $flatten\memory1.\mem_con.$3\rdata_o[31:0] [2], Q = \mem_wb_load_data [2], rval = 1'0).
Adding SRST signal on $auto$ff.cc:337:slice$55648 ($_SDFF_PP0_) from module rv_core (D = $flatten\memory1.\mem_con.$3\rdata_o[31:0] [3], Q = \mem_wb_load_data [3], rval = 1'0).
Adding SRST signal on $auto$ff.cc:337:slice$55649 ($_SDFF_PP0_) from module rv_core (D = $flatten\memory1.\mem_con.$3\rdata_o[31:0] [4], Q = \mem_wb_load_data [4], rval = 1'0).
Adding SRST signal on $auto$ff.cc:337:slice$55650 ($_SDFF_PP0_) from module rv_core (D = $flatten\memory1.\mem_con.$3\rdata_o[31:0] [5], Q = \mem_wb_load_data [5], rval = 1'0).
Adding SRST signal on $auto$ff.cc:337:slice$55651 ($_SDFF_PP0_) from module rv_core (D = $flatten\memory1.\mem_con.$3\rdata_o[31:0] [6], Q = \mem_wb_load_data [6], rval = 1'0).
Adding SRST signal on $auto$ff.cc:337:slice$55652 ($_SDFF_PP0_) from module rv_core (D = $flatten\memory1.\mem_con.$3\rdata_o[31:0] [7], Q = \mem_wb_load_data [7], rval = 1'0).
Adding SRST signal on $auto$ff.cc:337:slice$55653 ($_SDFF_PP0_) from module rv_core (D = $flatten\memory1.\mem_con.$3\rdata_o[31:0] [8], Q = \mem_wb_load_data [8], rval = 1'0).
Adding SRST signal on $auto$ff.cc:337:slice$55654 ($_SDFF_PP0_) from module rv_core (D = $flatten\memory1.\mem_con.$3\rdata_o[31:0] [9], Q = \mem_wb_load_data [9], rval = 1'0).
Adding SRST signal on $auto$ff.cc:337:slice$55655 ($_SDFF_PP0_) from module rv_core (D = $flatten\memory1.\mem_con.$3\rdata_o[31:0] [10], Q = \mem_wb_load_data [10], rval = 1'0).
Adding SRST signal on $auto$ff.cc:337:slice$55656 ($_SDFF_PP0_) from module rv_core (D = $flatten\memory1.\mem_con.$3\rdata_o[31:0] [11], Q = \mem_wb_load_data [11], rval = 1'0).
Adding SRST signal on $auto$ff.cc:337:slice$55657 ($_SDFF_PP0_) from module rv_core (D = $flatten\memory1.\mem_con.$3\rdata_o[31:0] [12], Q = \mem_wb_load_data [12], rval = 1'0).
Adding SRST signal on $auto$ff.cc:337:slice$55658 ($_SDFF_PP0_) from module rv_core (D = $flatten\memory1.\mem_con.$3\rdata_o[31:0] [13], Q = \mem_wb_load_data [13], rval = 1'0).
Adding SRST signal on $auto$ff.cc:337:slice$55659 ($_SDFF_PP0_) from module rv_core (D = $flatten\memory1.\mem_con.$3\rdata_o[31:0] [14], Q = \mem_wb_load_data [14], rval = 1'0).
Adding SRST signal on $auto$ff.cc:337:slice$55660 ($_SDFF_PP0_) from module rv_core (D = $flatten\memory1.\mem_con.$3\rdata_o[31:0] [15], Q = \mem_wb_load_data [15], rval = 1'0).
Adding SRST signal on $auto$ff.cc:337:slice$55661 ($_SDFF_PP0_) from module rv_core (D = $flatten\memory1.\mem_con.$3\rdata_o[31:0] [16], Q = \mem_wb_load_data [16], rval = 1'0).
Adding SRST signal on $auto$ff.cc:337:slice$55662 ($_SDFF_PP0_) from module rv_core (D = $flatten\memory1.\mem_con.$3\rdata_o[31:0] [17], Q = \mem_wb_load_data [17], rval = 1'0).
Adding SRST signal on $auto$ff.cc:337:slice$55663 ($_SDFF_PP0_) from module rv_core (D = $flatten\memory1.\mem_con.$3\rdata_o[31:0] [18], Q = \mem_wb_load_data [18], rval = 1'0).
Adding SRST signal on $auto$ff.cc:337:slice$55664 ($_SDFF_PP0_) from module rv_core (D = $flatten\memory1.\mem_con.$3\rdata_o[31:0] [19], Q = \mem_wb_load_data [19], rval = 1'0).
Adding SRST signal on $auto$ff.cc:337:slice$55665 ($_SDFF_PP0_) from module rv_core (D = $flatten\memory1.\mem_con.$3\rdata_o[31:0] [20], Q = \mem_wb_load_data [20], rval = 1'0).
Adding SRST signal on $auto$ff.cc:337:slice$55666 ($_SDFF_PP0_) from module rv_core (D = $flatten\memory1.\mem_con.$3\rdata_o[31:0] [21], Q = \mem_wb_load_data [21], rval = 1'0).
Adding SRST signal on $auto$ff.cc:337:slice$55667 ($_SDFF_PP0_) from module rv_core (D = $flatten\memory1.\mem_con.$3\rdata_o[31:0] [22], Q = \mem_wb_load_data [22], rval = 1'0).
Adding SRST signal on $auto$ff.cc:337:slice$55668 ($_SDFF_PP0_) from module rv_core (D = $flatten\memory1.\mem_con.$3\rdata_o[31:0] [23], Q = \mem_wb_load_data [23], rval = 1'0).
Adding SRST signal on $auto$ff.cc:337:slice$55669 ($_SDFF_PP0_) from module rv_core (D = $flatten\memory1.\mem_con.$3\rdata_o[31:0] [24], Q = \mem_wb_load_data [24], rval = 1'0).
Adding SRST signal on $auto$ff.cc:337:slice$55670 ($_SDFF_PP0_) from module rv_core (D = $flatten\memory1.\mem_con.$3\rdata_o[31:0] [25], Q = \mem_wb_load_data [25], rval = 1'0).
Adding SRST signal on $auto$ff.cc:337:slice$55671 ($_SDFF_PP0_) from module rv_core (D = $flatten\memory1.\mem_con.$3\rdata_o[31:0] [26], Q = \mem_wb_load_data [26], rval = 1'0).
Adding SRST signal on $auto$ff.cc:337:slice$55672 ($_SDFF_PP0_) from module rv_core (D = $flatten\memory1.\mem_con.$3\rdata_o[31:0] [27], Q = \mem_wb_load_data [27], rval = 1'0).
Adding SRST signal on $auto$ff.cc:337:slice$55673 ($_SDFF_PP0_) from module rv_core (D = $flatten\memory1.\mem_con.$3\rdata_o[31:0] [28], Q = \mem_wb_load_data [28], rval = 1'0).
Adding SRST signal on $auto$ff.cc:337:slice$55674 ($_SDFF_PP0_) from module rv_core (D = $flatten\memory1.\mem_con.$3\rdata_o[31:0] [29], Q = \mem_wb_load_data [29], rval = 1'0).
Adding SRST signal on $auto$ff.cc:337:slice$55675 ($_SDFF_PP0_) from module rv_core (D = $flatten\memory1.\mem_con.$3\rdata_o[31:0] [30], Q = \mem_wb_load_data [30], rval = 1'0).
Adding SRST signal on $auto$ff.cc:337:slice$55743 ($_SDFF_PP0_) from module rv_core (D = \if_id_insn [7], Q = \id_ex_rd [0], rval = 1'0).
Adding SRST signal on $auto$ff.cc:337:slice$55744 ($_SDFF_PP0_) from module rv_core (D = \if_id_insn [8], Q = \id_ex_rd [1], rval = 1'0).
Adding SRST signal on $auto$ff.cc:337:slice$55745 ($_SDFF_PP0_) from module rv_core (D = \if_id_insn [9], Q = \id_ex_rd [2], rval = 1'0).
Adding SRST signal on $auto$ff.cc:337:slice$55746 ($_SDFF_PP0_) from module rv_core (D = \if_id_insn [10], Q = \id_ex_rd [3], rval = 1'0).
Adding SRST signal on $flatten\control_pipe.$auto$ff.cc:337:slice$56756 ($_SDFF_PP0_) from module rv_core (D = $flatten\control1.$auto$simplemap.cc:189:logic_reduce$54112, Q = \control_pipe.x_ctrl [7], rval = 1'0).
Adding SRST signal on $flatten\control_pipe.$auto$ff.cc:337:slice$56757 ($_SDFF_PP0_) from module rv_core (D = $flatten\control1.$auto$simplemap.cc:189:logic_reduce$54123, Q = \control_pipe.x_ctrl [8], rval = 1'0).

yosys> opt_clean

28.14. Executing OPT_CLEAN pass (remove unused cells and wires).
Finding unused cells or wires in module \rv_core..
Removed 103 unused cells and 84 unused wires.
<suppressed ~116 debug messages>

yosys> opt_expr

28.15. Executing OPT_EXPR pass (perform const folding).
Optimizing module rv_core.

28.16. Rerunning OPT passes. (Maybe there is more to do..)

yosys> opt_muxtree

28.17. Executing OPT_MUXTREE pass (detect dead branches in mux trees).
Running muxtree optimizer on module \rv_core..
  Creating internal representation of mux trees.
  No muxes found in this module.
Removed 0 multiplexer ports.

yosys> opt_reduce

28.18. Executing OPT_REDUCE pass (consolidate $*mux and $reduce_* inputs).
  Optimizing cells in module \rv_core.
Performed a total of 0 changes.

yosys> opt_merge

28.19. Executing OPT_MERGE pass (detect identical cells).
Finding identical cells in module `\rv_core'.
Computing hashes of 35943 cells of `\rv_core'.
Finding duplicate cells in `\rv_core'.
Computing hashes of 35875 cells of `\rv_core'.
Finding duplicate cells in `\rv_core'.
Computing hashes of 35808 cells of `\rv_core'.
Finding duplicate cells in `\rv_core'.
<suppressed ~405 debug messages>
Removed a total of 135 cells.

yosys> opt_dff

28.20. Executing OPT_DFF pass (perform DFF optimizations).

yosys> opt_clean

28.21. Executing OPT_CLEAN pass (remove unused cells and wires).
Finding unused cells or wires in module \rv_core..
Removed 0 unused cells and 135 unused wires.
<suppressed ~1 debug messages>

yosys> opt_expr

28.22. Executing OPT_EXPR pass (perform const folding).
Optimizing module rv_core.

28.23. Rerunning OPT passes. (Maybe there is more to do..)

yosys> opt_muxtree

28.24. Executing OPT_MUXTREE pass (detect dead branches in mux trees).
Running muxtree optimizer on module \rv_core..
  Creating internal representation of mux trees.
  No muxes found in this module.
Removed 0 multiplexer ports.

yosys> opt_reduce

28.25. Executing OPT_REDUCE pass (consolidate $*mux and $reduce_* inputs).
  Optimizing cells in module \rv_core.
Performed a total of 0 changes.

yosys> opt_merge

28.26. Executing OPT_MERGE pass (detect identical cells).
Finding identical cells in module `\rv_core'.
Computing hashes of 35808 cells of `\rv_core'.
Finding duplicate cells in `\rv_core'.
Removed a total of 0 cells.

yosys> opt_dff

28.27. Executing OPT_DFF pass (perform DFF optimizations).

yosys> opt_clean

28.28. Executing OPT_CLEAN pass (remove unused cells and wires).
Finding unused cells or wires in module \rv_core..

yosys> opt_expr

28.29. Executing OPT_EXPR pass (perform const folding).
Optimizing module rv_core.

28.30. Finished fast OPT passes. (There is nothing left to do.)

yosys> dfflibmap -liberty synthesis/sky130nm.lib

29. Executing DFFLIBMAP pass (mapping DFF/DLATCH cells to sequential cells from liberty file).
  cell sky130_fd_sc_hd__dfxtp_1 (noninv, pins=3, area=20.02) is a direct match for cell type $_DFF_P_.
  cell sky130_fd_sc_hd__dfrtn_1 (noninv, pins=4, area=25.02) is a direct match for cell type $_DFF_NN0_.
  cell sky130_fd_sc_hd__dfrtp_1 (noninv, pins=4, area=25.02) is a direct match for cell type $_DFF_PN0_.
  cell sky130_fd_sc_hd__dfstp_1 (noninv, pins=4, area=26.28) is a direct match for cell type $_DFF_PN1_.
  cell sky130_fd_sc_hd__edfxtp_1 (noninv, pins=4, area=30.03) is a direct match for cell type $_DFFE_PP_.
  cell sky130_fd_sc_hd__dfbbn_1 (noninv, pins=6, area=32.53) is a direct match for cell type $_DFFSR_NNN_.
  cell sky130_fd_sc_hd__dfbbp_1 (noninv, pins=6, area=32.53) is a direct match for cell type $_DFFSR_PNN_.
  cell sky130_fd_sc_hd__dlxtn_1 (noninv, pins=3, area=15.01) is a direct match for cell type $_DLATCH_N_.
  cell sky130_fd_sc_hd__lpflow_inputisolatch_1 (noninv, pins=3, area=13.76) is a direct match for cell type $_DLATCH_P_.
  cell sky130_fd_sc_hd__dlrtn_1 (noninv, pins=4, area=17.52) is a direct match for cell type $_DLATCH_NN0_.
  cell sky130_fd_sc_hd__dlrtp_1 (noninv, pins=4, area=16.27) is a direct match for cell type $_DLATCH_PN0_.
  final dff/dlatch cell mappings:
    unmapped dff/dlatch cell: $_DFF_N_
    \sky130_fd_sc_hd__dfxtp_1 _DFF_P_ (.CLK( C), .D( D), .Q( Q));
    \sky130_fd_sc_hd__dfrtn_1 _DFF_NN0_ (.CLK_N( C), .D( D), .Q( Q), .RESET_B( R));
    unmapped dff/dlatch cell: $_DFF_NN1_
    unmapped dff/dlatch cell: $_DFF_NP0_
    unmapped dff/dlatch cell: $_DFF_NP1_
    \sky130_fd_sc_hd__dfrtp_1 _DFF_PN0_ (.CLK( C), .D( D), .Q( Q), .RESET_B( R));
    \sky130_fd_sc_hd__dfstp_1 _DFF_PN1_ (.CLK( C), .D( D), .Q( Q), .SET_B( R));
    unmapped dff/dlatch cell: $_DFF_PP0_
    unmapped dff/dlatch cell: $_DFF_PP1_
    unmapped dff/dlatch cell: $_DFFE_NN_
    unmapped dff/dlatch cell: $_DFFE_NP_
    unmapped dff/dlatch cell: $_DFFE_PN_
    \sky130_fd_sc_hd__edfxtp_1 _DFFE_PP_ (.CLK( C), .D( D), .DE( E), .Q( Q));
    \sky130_fd_sc_hd__dfbbn_1 _DFFSR_NNN_ (.CLK_N( C), .D( D), .Q( Q), .Q_N(~Q), .RESET_B( R), .SET_B( S));
    unmapped dff/dlatch cell: $_DFFSR_NNP_
    unmapped dff/dlatch cell: $_DFFSR_NPN_
    unmapped dff/dlatch cell: $_DFFSR_NPP_
    \sky130_fd_sc_hd__dfbbp_1 _DFFSR_PNN_ (.CLK( C), .D( D), .Q( Q), .Q_N(~Q), .RESET_B( R), .SET_B( S));
    unmapped dff/dlatch cell: $_DFFSR_PNP_
    unmapped dff/dlatch cell: $_DFFSR_PPN_
    unmapped dff/dlatch cell: $_DFFSR_PPP_
    \sky130_fd_sc_hd__dlxtn_1 _DLATCH_N_ (.D( D), .GATE_N( E), .Q( Q));
    \sky130_fd_sc_hd__lpflow_inputisolatch_1 _DLATCH_P_ (.D( D), .Q( Q), .SLEEP_B( E));
    \sky130_fd_sc_hd__dlrtn_1 _DLATCH_NN0_ (.D( D), .GATE_N( E), .Q( Q), .RESET_B( R));
    unmapped dff/dlatch cell: $_DLATCH_NN1_
    unmapped dff/dlatch cell: $_DLATCH_NP0_
    unmapped dff/dlatch cell: $_DLATCH_NP1_
    \sky130_fd_sc_hd__dlrtp_1 _DLATCH_PN0_ (.D( D), .GATE( E), .Q( Q), .RESET_B( R));
    unmapped dff/dlatch cell: $_DLATCH_PN1_
    unmapped dff/dlatch cell: $_DLATCH_PP0_
    unmapped dff/dlatch cell: $_DLATCH_PP1_
    unmapped dff/dlatch cell: $_DLATCHSR_NNN_
    unmapped dff/dlatch cell: $_DLATCHSR_NNP_
    unmapped dff/dlatch cell: $_DLATCHSR_NPN_
    unmapped dff/dlatch cell: $_DLATCHSR_NPP_
    unmapped dff/dlatch cell: $_DLATCHSR_PNN_
    unmapped dff/dlatch cell: $_DLATCHSR_PNP_
    unmapped dff/dlatch cell: $_DLATCHSR_PPN_
    unmapped dff/dlatch cell: $_DLATCHSR_PPP_

yosys> dfflegalize -cell $_DFFE_PP_ 01 -cell $_DFFSR_NNN_ 01 -cell $_DFFSR_PNN_ 01 -cell $_DFF_NN0_ 01 -cell $_DFF_PN0_ 01 -cell $_DFF_PN1_ 01 -cell $_DFF_P_ 01 -cell $_DLATCH_NN0_ 01 -cell $_DLATCH_N_ 01 -cell $_DLATCH_PN0_ 01 -cell $_DLATCH_P_ 01 t:$_DFF* t:$_SDFF* t:$_DLATCH*

29.1. Executing DFFLEGALIZE pass (convert FFs and LATCHes to types supported by the target).
<suppressed ~24 debug messages>
Mapping DFF/DLATCH cells in module `\rv_core':
  mapped 9216 $_DFFE_PP_ cells to \sky130_fd_sc_hd__edfxtp_1 cells.
  mapped 543 $_DFF_P_ cells to \sky130_fd_sc_hd__dfxtp_1 cells.

yosys> abc -liberty synthesis/sky130nm.lib -D 10000 -script "+strash;dch;map -B 0.9;topo;stime -c;buffer -c;upsize -c;dnsize -c;stime -p"

30. Executing ABC pass (technology mapping using ABC).

30.1. Extracting gate netlist of module `\rv_core' to `<abc-temp-dir>/input.blif'..
ABC: using cached merged SCL: /var/folders/d6/z87fcv8j6dx0wwhsxl1ybn500000gn/T/yosys-liberty-scl-cache-501/yosys_merged_7de45cf5.scl (1 files)
Replacing 209 occurrences of constant undef bits with constant zero bits

30.1.1. Executed ABC.
Extracted 26672 gates and 36435 wires to a netlist network with 9760 inputs and 2656 outputs.
Running ABC script: <abc-temp-dir>/abc.script
ABC: ======== ABC command line "source <abc-temp-dir>/abc.script"
ABC: + read_blif <abc-temp-dir>/input.blif 
ABC: + read_scl /var/folders/d6/z87fcv8j6dx0wwhsxl1ybn500000gn/T/yosys-liberty-scl-cache-501/yosys_merged_7de45cf5.scl 
ABC: Warning: Detected 9 multi-output cells (for example, "sky130_fd_sc_hd__fa_1").
ABC: + strash 
ABC: + dch 
ABC: + map -B 0.9 
ABC: The cell delays are multiplied by the factor: <num_fanins> ^ (0.90).
ABC: + topo 
ABC: + stime -c 
ABC: WireLoad = "Small"  Gates =  35356 ( 10.3 %)   Cap =  4.9 ff (  1.5 %)   Area =   176545.56 ( 89.6 %)   Delay =374639.62 ps  ( 20.2 %)               
ABC: + buffer -c 
ABC: + upsize -c 
ABC: + dnsize -c 
ABC: + stime -p 
ABC: WireLoad = "none"  Gates =  39072 ( 18.9 %)   Cap =  4.3 ff (  2.6 %)   Area =   191828.97 ( 89.0 %)   Delay =  5400.55 ps  (  3.9 %)               
ABC: Path  0 --     100 : 0    9 pi                       A =   0.00  Df =   0.0   -0.0 ps  S =   0.0 ps  Cin =  0.0 ff  Cout =  37.7 ff  Cmax =   0.0 ff  G =    0  
ABC: Path  1 --   12434 : 2    1 sky130_fd_sc_hd__nor2_1  A =   3.75  Df = 165.4 -133.3 ps  S = 171.7 ps  Cin =  2.3 ff  Cout =   4.4 ff  Cmax =  53.1 ff  G =  188  
ABC: Path  2 --   12436 : 3    1 sky130_fd_sc_hd__nand3_2 A =  10.01  Df = 318.9 -168.3 ps  S = 106.7 ps  Cin =  4.2 ff  Cout =   8.5 ff  Cmax = 186.8 ff  G =  192  
ABC: Path  3 --   12437 : 2    5 sky130_fd_sc_hd__nand2_4 A =  11.26  Df = 478.5 -222.2 ps  S = 141.7 ps  Cin =  8.3 ff  Cout =  24.4 ff  Cmax = 332.3 ff  G =  279  
ABC: Path  4 --   12438 : 1    6 sky130_fd_sc_hd__inv_4   A =   6.26  Df = 567.0 -182.9 ps  S = 104.6 ps  Cin =  8.6 ff  Cout =  21.9 ff  Cmax = 364.4 ff  G =  244  
ABC: Path  5 --   16432 : 3    3 sky130_fd_sc_hd__nand3_2 A =  10.01  Df = 778.4 -158.1 ps  S = 232.9 ps  Cin =  4.2 ff  Cout =  24.6 ff  Cmax = 186.8 ff  G =  550  
ABC: Path  6 --   16537 : 1   10 sky130_fd_sc_hd__buf_8   A =  15.01  Df =1035.9 -129.5 ps  S = 120.0 ps  Cin =  6.6 ff  Cout =  40.7 ff  Cmax = 613.4 ff  G =  589  
ABC: Path  7 --   16805 : 3    2 sky130_fd_sc_hd__nand3_1 A =   5.00  Df =1169.5 -120.9 ps  S = 123.6 ps  Cin =  2.2 ff  Cout =   4.7 ff  Cmax =  91.6 ff  G =  203  
ABC: Path  8 --   16833 : 3    2 sky130_fd_sc_hd__nand3_1 A =   5.00  Df =1328.0  -19.0 ps  S = 121.1 ps  Cin =  2.2 ff  Cout =   4.6 ff  Cmax =  91.6 ff  G =  196  
ABC: Path  9 --   16834 : 2    1 sky130_fd_sc_hd__nand2_1 A =   3.75  Df =1410.9   -6.7 ps  S =  60.9 ps  Cin =  2.2 ff  Cout =   2.3 ff  Cmax = 106.2 ff  G =   99  
ABC: Path 10 --   16836 : 2    3 sky130_fd_sc_hd__nand2_1 A =   3.75  Df =1546.9  -46.5 ps  S = 145.1 ps  Cin =  2.2 ff  Cout =   8.4 ff  Cmax = 106.2 ff  G =  364  
ABC: Path 11 --   16837 : 2    1 sky130_fd_sc_hd__nand2_2 A =   6.26  Df =1641.9  -29.5 ps  S =  67.1 ps  Cin =  4.2 ff  Cout =   4.4 ff  Cmax = 188.6 ff  G =   99  
ABC: Path 12 --   16838 : 2    6 sky130_fd_sc_hd__nand2_2 A =   6.26  Df =1787.4  -74.7 ps  S = 140.4 ps  Cin =  4.2 ff  Cout =  13.9 ff  Cmax = 188.6 ff  G =  317  
ABC: Path 13 --   16938 : 2    1 sky130_fd_sc_hd__nor2_1  A =   3.75  Df =1871.0   -0.4 ps  S = 111.9 ps  Cin =  2.3 ff  Cout =   2.3 ff  Cmax =  53.1 ff  G =   98  
ABC: Path 14 --   16941 : 3    2 sky130_fd_sc_hd__a21oi_1 A =   5.00  Df =2172.3 -159.1 ps  S = 285.2 ps  Cin =  2.2 ff  Cout =   6.8 ff  Cmax =  45.8 ff  G =  290  
ABC: Path 15 --   16942 : 2    3 sky130_fd_sc_hd__nand2_2 A =   6.26  Df =2335.2   -4.5 ps  S = 102.5 ps  Cin =  4.2 ff  Cout =   9.0 ff  Cmax = 188.6 ff  G =  205  
ABC: Path 16 --   16943 : 2    1 sky130_fd_sc_hd__nand2_2 A =   6.26  Df =2472.4   -9.9 ps  S =  98.5 ps  Cin =  4.2 ff  Cout =   8.5 ff  Cmax = 188.6 ff  G =  195  
ABC: Path 17 --   16962 : 3    6 sky130_fd_sc_hd__nand3_4 A =  17.52  Df =2586.8   -9.8 ps  S = 125.7 ps  Cin =  8.3 ff  Cout =  15.2 ff  Cmax = 318.6 ff  G =  177  
ABC: Path 18 --   17474 : 3    2 sky130_fd_sc_hd__nand3_2 A =  10.01  Df =2710.8   -3.3 ps  S = 106.8 ps  Cin =  4.2 ff  Cout =   8.5 ff  Cmax = 186.8 ff  G =  194  
ABC: Path 19 --   17521 : 3    2 sky130_fd_sc_hd__nand3_2 A =  10.01  Df =2830.5  -17.2 ps  S =  95.1 ps  Cin =  4.2 ff  Cout =   6.9 ff  Cmax = 186.8 ff  G =  153  
ABC: Path 20 --   17530 : 3    2 sky130_fd_sc_hd__a21oi_2 A =   8.76  Df =3016.2 -107.7 ps  S = 153.4 ps  Cin =  4.4 ff  Cout =   4.5 ff  Cmax =  78.7 ff  G =  100  
ABC: Path 21 --   17534 : 2    1 sky130_fd_sc_hd__nand2_1 A =   3.75  Df =3108.6  -72.7 ps  S =  60.9 ps  Cin =  2.2 ff  Cout =   2.3 ff  Cmax = 106.2 ff  G =   99  
ABC: Path 22 --   17540 : 2    1 sky130_fd_sc_hd__nand2_1 A =   3.75  Df =3204.4  -96.5 ps  S =  88.0 ps  Cin =  2.2 ff  Cout =   4.3 ff  Cmax = 106.2 ff  G =  187  
ABC: Path 23 --   17563 : 3    1 sky130_fd_sc_hd__nand3_2 A =  10.01  Df =3312.4  -13.7 ps  S = 106.6 ps  Cin =  4.2 ff  Cout =   8.5 ff  Cmax = 186.8 ff  G =  192  
ABC: Path 24 --   17565 : 2    5 sky130_fd_sc_hd__nand2_4 A =  11.26  Df =3481.9  -69.4 ps  S = 158.3 ps  Cin =  8.3 ff  Cout =  28.2 ff  Cmax = 332.3 ff  G =  327  
ABC: Path 25 --   17567 : 2    8 sky130_fd_sc_hd__nand2_8 A =  20.02  Df =3601.8  -44.7 ps  S = 126.2 ps  Cin = 16.3 ff  Cout =  34.8 ff  Cmax = 596.9 ff  G =  203  
ABC: Path 26 --   17873 : 1   10 sky130_fd_sc_hd__buf_8   A =  15.01  Df =3828.3  -66.0 ps  S = 107.9 ps  Cin =  6.6 ff  Cout =  35.7 ff  Cmax = 613.4 ff  G =  515  
ABC: Path 27 --   18991 : 3    2 sky130_fd_sc_hd__o21ai_2 A =   8.76  Df =4060.0  -14.5 ps  S = 196.5 ps  Cin =  4.4 ff  Cout =   6.7 ff  Cmax =  83.3 ff  G =  148  
ABC: Path 28 --   18992 : 2    1 sky130_fd_sc_hd__nand2_1 A =   3.75  Df =4171.2   -0.7 ps  S =  92.4 ps  Cin =  2.2 ff  Cout =   4.5 ff  Cmax = 106.2 ff  G =  191  
ABC: Path 29 --   18993 : 1    4 sky130_fd_sc_hd__inv_2   A =   3.75  Df =4286.0  -49.9 ps  S =  77.6 ps  Cin =  4.3 ff  Cout =   9.3 ff  Cmax = 212.4 ff  G =  209  
ABC: Path 30 --   19100 : 2    1 sky130_fd_sc_hd__nand2_1 A =   3.75  Df =4364.6  -36.9 ps  S =  92.0 ps  Cin =  2.2 ff  Cout =   4.5 ff  Cmax = 106.2 ff  G =  191  
ABC: Path 31 --   19101 : 2    3 sky130_fd_sc_hd__nor2_2  A =   6.26  Df =4559.8 -143.0 ps  S = 200.0 ps  Cin =  4.2 ff  Cout =   9.1 ff  Cmax =  87.9 ff  G =  208  
ABC: Path 32 --   19292 : 3    4 sky130_fd_sc_hd__nand3_2 A =  10.01  Df =4761.1 -176.3 ps  S = 164.6 ps  Cin =  4.2 ff  Cout =  15.9 ff  Cmax = 186.8 ff  G =  357  
ABC: Path 33 --   19456 : 2    2 sky130_fd_sc_hd__nor2_2  A =   6.26  Df =4940.2 -276.7 ps  S = 126.5 ps  Cin =  4.2 ff  Cout =   4.5 ff  Cmax =  87.9 ff  G =  104  
ABC: Path 34 --   19458 : 3    1 sky130_fd_sc_hd__nand3_1 A =   5.00  Df =5044.6 -296.9 ps  S =  88.8 ps  Cin =  2.2 ff  Cout =   2.3 ff  Cmax =  91.6 ff  G =   98  
ABC: Path 35 --   19459 : 2    1 sky130_fd_sc_hd__nand2_1 A =   3.75  Df =5152.3  -28.4 ps  S =  61.6 ps  Cin =  2.2 ff  Cout =   2.3 ff  Cmax = 106.2 ff  G =   99  
ABC: Path 36 --   19461 : 2    1 sky130_fd_sc_hd__nand2_1 A =   3.75  Df =5211.5  -18.9 ps  S =  60.6 ps  Cin =  2.2 ff  Cout =   2.3 ff  Cmax = 106.2 ff  G =   99  
ABC: Path 37 --   19468 : 3    1 sky130_fd_sc_hd__nand3_1 A =   5.00  Df =5293.8  -23.0 ps  S =  84.8 ps  Cin =  2.2 ff  Cout =   2.3 ff  Cmax =  91.6 ff  G =   98  
ABC: Path 38 --   19471 : 2    1 sky130_fd_sc_hd__nand2_1 A =   3.75  Df =5361.5  -10.0 ps  S =  60.1 ps  Cin =  2.2 ff  Cout =   2.2 ff  Cmax = 106.2 ff  G =   96  
ABC: Path 39 --   19472 : 1    1 sky130_fd_sc_hd__inv_1   A =   3.75  Df =5400.5  -14.3 ps  S =  17.4 ps  Cin =  2.1 ff  Cout =   0.0 ff  Cmax = 125.4 ff  G =    0  
ABC: Start-point = pi99 (\mem_wb_rd [3]).  End-point = po2130 ($auto$rtlil.cc:3497:MuxGate$58443).
ABC: + write_blif <abc-temp-dir>/output.blif 

30.1.2. Re-integrating ABC results.
ABC RESULTS:          _const0_ cells:       32
ABC RESULTS:   sky130_fd_sc_hd__a2111o_1 cells:        4
ABC RESULTS:   sky130_fd_sc_hd__a2111oi_0 cells:        9
ABC RESULTS:   sky130_fd_sc_hd__a211o_1 cells:        1
ABC RESULTS:   sky130_fd_sc_hd__a211oi_1 cells:       27
ABC RESULTS:   sky130_fd_sc_hd__a21boi_0 cells:        1
ABC RESULTS:   sky130_fd_sc_hd__a21boi_1 cells:        1
ABC RESULTS:   sky130_fd_sc_hd__a21boi_2 cells:        2
ABC RESULTS:   sky130_fd_sc_hd__a21o_1 cells:        1
ABC RESULTS:   sky130_fd_sc_hd__a21oi_1 cells:     2488
ABC RESULTS:   sky130_fd_sc_hd__a21oi_2 cells:        2
ABC RESULTS:   sky130_fd_sc_hd__a21oi_4 cells:        1
ABC RESULTS:   sky130_fd_sc_hd__a221o_1 cells:        2
ABC RESULTS:   sky130_fd_sc_hd__a221oi_1 cells:      204
ABC RESULTS:   sky130_fd_sc_hd__a22o_1 cells:      129
ABC RESULTS:   sky130_fd_sc_hd__a22oi_1 cells:     2020
ABC RESULTS:   sky130_fd_sc_hd__a2bb2oi_1 cells:        2
ABC RESULTS:   sky130_fd_sc_hd__a31o_1 cells:        2
ABC RESULTS:   sky130_fd_sc_hd__a31oi_1 cells:       27
ABC RESULTS:   sky130_fd_sc_hd__a32o_1 cells:        3
ABC RESULTS:   sky130_fd_sc_hd__a32oi_1 cells:        2
ABC RESULTS:   sky130_fd_sc_hd__a41oi_1 cells:        2
ABC RESULTS:   sky130_fd_sc_hd__and2_4 cells:        1
ABC RESULTS:   sky130_fd_sc_hd__and3_1 cells:        2
ABC RESULTS:   sky130_fd_sc_hd__buf_1 cells:        1
ABC RESULTS:   sky130_fd_sc_hd__buf_2 cells:      153
ABC RESULTS:   sky130_fd_sc_hd__buf_4 cells:       16
ABC RESULTS:   sky130_fd_sc_hd__buf_6 cells:       27
ABC RESULTS:   sky130_fd_sc_hd__buf_8 cells:        3
ABC RESULTS:   sky130_fd_sc_hd__clkbuf_1 cells:     2552
ABC RESULTS:   sky130_fd_sc_hd__clkinv_1 cells:        1
ABC RESULTS:   sky130_fd_sc_hd__clkinv_2 cells:        3
ABC RESULTS:   sky130_fd_sc_hd__inv_1 cells:     3521
ABC RESULTS:   sky130_fd_sc_hd__inv_2 cells:       70
ABC RESULTS:   sky130_fd_sc_hd__inv_4 cells:        4
ABC RESULTS:   sky130_fd_sc_hd__inv_6 cells:        2
ABC RESULTS:   sky130_fd_sc_hd__inv_8 cells:        3
ABC RESULTS:   sky130_fd_sc_hd__lpflow_clkbufkapwr_1 cells:      965
ABC RESULTS:   sky130_fd_sc_hd__lpflow_clkinvkapwr_1 cells:       52
ABC RESULTS:   sky130_fd_sc_hd__lpflow_clkinvkapwr_2 cells:        1
ABC RESULTS:   sky130_fd_sc_hd__lpflow_clkinvkapwr_4 cells:        1
ABC RESULTS:   sky130_fd_sc_hd__lpflow_inputiso0n_1 cells:        2
ABC RESULTS:   sky130_fd_sc_hd__mux2i_1 cells:       12
ABC RESULTS:   sky130_fd_sc_hd__nand2_1 cells:     5029
ABC RESULTS:   sky130_fd_sc_hd__nand2_2 cells:       91
ABC RESULTS:   sky130_fd_sc_hd__nand2_4 cells:       15
ABC RESULTS:   sky130_fd_sc_hd__nand2_8 cells:        1
ABC RESULTS:   sky130_fd_sc_hd__nand3_1 cells:     3043
ABC RESULTS:   sky130_fd_sc_hd__nand3_2 cells:       30
ABC RESULTS:   sky130_fd_sc_hd__nand3_4 cells:        3
ABC RESULTS:   sky130_fd_sc_hd__nand3b_1 cells:       19
ABC RESULTS:   sky130_fd_sc_hd__nand3b_4 cells:        2
ABC RESULTS:   sky130_fd_sc_hd__nand4_1 cells:      429
ABC RESULTS:   sky130_fd_sc_hd__nand4_2 cells:        7
ABC RESULTS:   sky130_fd_sc_hd__nor2_1 cells:     5652
ABC RESULTS:   sky130_fd_sc_hd__nor2_2 cells:       24
ABC RESULTS:   sky130_fd_sc_hd__nor2_4 cells:       21
ABC RESULTS:   sky130_fd_sc_hd__nor2_8 cells:        3
ABC RESULTS:   sky130_fd_sc_hd__nor3_1 cells:       40
ABC RESULTS:   sky130_fd_sc_hd__nor4_1 cells:       12
ABC RESULTS:   sky130_fd_sc_hd__o2111ai_1 cells:       57
ABC RESULTS:   sky130_fd_sc_hd__o211ai_1 cells:     3584
ABC RESULTS:   sky130_fd_sc_hd__o21a_1 cells:       10
ABC RESULTS:   sky130_fd_sc_hd__o21ai_0 cells:     7827
ABC RESULTS:   sky130_fd_sc_hd__o21ai_1 cells:       35
ABC RESULTS:   sky130_fd_sc_hd__o21ai_2 cells:       10
ABC RESULTS:   sky130_fd_sc_hd__o21bai_1 cells:       11
ABC RESULTS:   sky130_fd_sc_hd__o221a_2 cells:        1
ABC RESULTS:   sky130_fd_sc_hd__o221ai_1 cells:       34
ABC RESULTS:   sky130_fd_sc_hd__o22ai_1 cells:      588
ABC RESULTS:   sky130_fd_sc_hd__o311ai_0 cells:       11
ABC RESULTS:   sky130_fd_sc_hd__o31ai_1 cells:       23
ABC RESULTS:   sky130_fd_sc_hd__o32ai_1 cells:       16
ABC RESULTS:   sky130_fd_sc_hd__o41ai_1 cells:        2
ABC RESULTS:   sky130_fd_sc_hd__or2_0 cells:        2
ABC RESULTS:   sky130_fd_sc_hd__or2_1 cells:        2
ABC RESULTS:   sky130_fd_sc_hd__or2_2 cells:       35
ABC RESULTS:   sky130_fd_sc_hd__or4_1 cells:        1
ABC RESULTS:   sky130_fd_sc_hd__xnor2_1 cells:       26
ABC RESULTS:   sky130_fd_sc_hd__xnor2_2 cells:        2
ABC RESULTS:   sky130_fd_sc_hd__xor2_1 cells:       19
ABC RESULTS:   sky130_fd_sc_hd__xor2_2 cells:        1
ABC RESULTS:        internal signals:    24019
ABC RESULTS:           input signals:     9760
ABC RESULTS:          output signals:     2656
Removing temp directory.
Removing global temp directory.

yosys> setundef -zero

31. Executing SETUNDEF pass (replace undef values with defined constants).

yosys> write_verilog synth.v

32. Executing Verilog backend.

yosys> bmuxmap

32.1. Executing BMUXMAP pass.

yosys> demuxmap

32.2. Executing DEMUXMAP pass.

yosys> clean_zerowidth
Dumping module `\rv_core'.

yosys> write_json synth.json

33. Executing JSON backend.

yosys> stat -liberty synthesis/sky130nm.lib

34. Printing statistics.

=== rv_core ===

        +----------Local Count, excluding submodules.
        |        +-Local Area, excluding submodules.
        |        | 
    54945        - wires
    88105        - wire bits
      542        - public wires
    12279        - public wire bits
        3        - ports
        3        - port bits
    48815 4.79E+05 cells
       16        -   $scopeinfo
        4   45.043   sky130_fd_sc_hd__a2111o_1
        9   78.826   sky130_fd_sc_hd__a2111oi_0
        1    8.758   sky130_fd_sc_hd__a211o_1
       27  202.694   sky130_fd_sc_hd__a211oi_1
        1    7.507   sky130_fd_sc_hd__a21boi_0
        1    7.507   sky130_fd_sc_hd__a21boi_1
        2   22.522   sky130_fd_sc_hd__a21boi_2
        1    7.507   sky130_fd_sc_hd__a21o_1
     2488 1.25E+04   sky130_fd_sc_hd__a21oi_1
        2   17.517   sky130_fd_sc_hd__a21oi_2
        1   16.266   sky130_fd_sc_hd__a21oi_4
        2   20.019   sky130_fd_sc_hd__a221o_1
      204 1.79E+03   sky130_fd_sc_hd__a221oi_1
      129 1.13E+03   sky130_fd_sc_hd__a22o_1
     2020 1.52E+04   sky130_fd_sc_hd__a22oi_1
        2   17.517   sky130_fd_sc_hd__a2bb2oi_1
        2   17.517   sky130_fd_sc_hd__a31o_1
       27  168.912   sky130_fd_sc_hd__a31oi_1
        3   30.029   sky130_fd_sc_hd__a32o_1
        2   17.517   sky130_fd_sc_hd__a32oi_1
        2   17.517   sky130_fd_sc_hd__a41oi_1
        1    8.758   sky130_fd_sc_hd__and2_4
        2   12.512   sky130_fd_sc_hd__and3_1
        1    3.754   sky130_fd_sc_hd__buf_1
      153  765.734   sky130_fd_sc_hd__buf_2
       16  120.115   sky130_fd_sc_hd__buf_4
       27  304.042   sky130_fd_sc_hd__buf_6
        3   45.043   sky130_fd_sc_hd__buf_8
     2552 9.58E+03   sky130_fd_sc_hd__clkbuf_1
        1    3.754   sky130_fd_sc_hd__clkinv_1
        3   15.014   sky130_fd_sc_hd__clkinv_2
      543 1.09E+04   sky130_fd_sc_hd__dfxtp_1
     9216 2.77E+05   sky130_fd_sc_hd__edfxtp_1
     3521 1.32E+04   sky130_fd_sc_hd__inv_1
       70  262.752   sky130_fd_sc_hd__inv_2
        4   25.024   sky130_fd_sc_hd__inv_4
        2   17.517   sky130_fd_sc_hd__inv_6
        3   33.782   sky130_fd_sc_hd__inv_8
      965 3.62E+03   sky130_fd_sc_hd__lpflow_clkbufkapwr_1
       52  195.187   sky130_fd_sc_hd__lpflow_clkinvkapwr_1
        1    5.005   sky130_fd_sc_hd__lpflow_clkinvkapwr_2
        1    8.758   sky130_fd_sc_hd__lpflow_clkinvkapwr_4
        2   12.512   sky130_fd_sc_hd__lpflow_inputiso0n_1
       12  120.115   sky130_fd_sc_hd__mux2i_1
     5029 1.89E+04   sky130_fd_sc_hd__nand2_1
       91  569.296   sky130_fd_sc_hd__nand2_2
       15  168.912   sky130_fd_sc_hd__nand2_4
        1   20.019   sky130_fd_sc_hd__nand2_8
     3043 1.52E+04   sky130_fd_sc_hd__nand3_1
       30  300.288   sky130_fd_sc_hd__nand3_2
        3    52.55   sky130_fd_sc_hd__nand3_4
       19  142.637   sky130_fd_sc_hd__nand3b_1
        2   40.038   sky130_fd_sc_hd__nand3b_4
      429 2.68E+03   sky130_fd_sc_hd__nand4_1
        7   87.584   sky130_fd_sc_hd__nand4_2
     5652 2.12E+04   sky130_fd_sc_hd__nor2_1
       24  150.144   sky130_fd_sc_hd__nor2_2
       21  236.477   sky130_fd_sc_hd__nor2_4
        3   60.058   sky130_fd_sc_hd__nor2_8
       40  200.192   sky130_fd_sc_hd__nor3_1
       12   75.072   sky130_fd_sc_hd__nor4_1
       57  499.229   sky130_fd_sc_hd__o2111ai_1
     3584 2.69E+04   sky130_fd_sc_hd__o211ai_1
       10   75.072   sky130_fd_sc_hd__o21a_1
     7827 3.92E+04   sky130_fd_sc_hd__o21ai_0
       35  175.168   sky130_fd_sc_hd__o21ai_1
       10   87.584   sky130_fd_sc_hd__o21ai_2
       11   82.579   sky130_fd_sc_hd__o21bai_1
        1   11.261   sky130_fd_sc_hd__o221a_2
       34  297.786   sky130_fd_sc_hd__o221ai_1
      588 3.68E+03   sky130_fd_sc_hd__o22ai_1
       11   96.342   sky130_fd_sc_hd__o311ai_0
       23  172.666   sky130_fd_sc_hd__o31ai_1
       16  140.134   sky130_fd_sc_hd__o32ai_1
        2   17.517   sky130_fd_sc_hd__o41ai_1
        2   12.512   sky130_fd_sc_hd__or2_0
        2   12.512   sky130_fd_sc_hd__or2_1
       35   218.96   sky130_fd_sc_hd__or2_2
        1    7.507   sky130_fd_sc_hd__or4_1
       26  227.718   sky130_fd_sc_hd__xnor2_1
        2   32.531   sky130_fd_sc_hd__xnor2_2
       19   166.41   sky130_fd_sc_hd__xor2_1
        1   16.266   sky130_fd_sc_hd__xor2_2

   Area for cell type $scopeinfo is unknown!

   Chip area for module '\rv_core': 479444.825600
     of which used for sequential elements: 287615.846400 (59.99%)


yosys> exec -- sta -exit synthesis/timing.tcl

35. Executing command "sta -exit synthesis/timing.tcl".
sh: sta: command not found

End of script. Logfile hash: af75b297ab, time: 15.86s, user: 2.70s, system: 0.11s, MEM: 181.14 MB peak
Yosys 0.69+post (git sha1 143eb14f9cc55d6f8927e68523b0c9d2166ed02c, Release, AppleClang clang++ 21.0.0.21000334)
Time spent: 84% 1x abc (13 sec), 3% 38x opt_expr (0 sec), ...
